year,injury_crashes,fatalities,hospitalized,severe_crashes,code,label,dimension,share_of_recorded_crashes,conditional_severe_fraction,small_sample
2022,7052,145,595,648,1,1,MES,0.0720209158870869,0.09188882586500284,False
2022,7392,123,590,628,2,2,MES,0.0754932799542465,0.08495670995670995,False
2022,7176,112,552,585,3,3,MES,0.07328730748805098,0.08152173913043478,False
2022,7499,142,598,653,4,4,MES,0.0765860533518526,0.08707827710361382,False
2022,9039,140,806,845,5,5,MES,0.0923138200089873,0.09348379245491759,False
2022,9117,143,820,864,6,6,MES,0.09311042117733567,0.0947680157946693,False
2022,9093,195,813,879,7,7,MES,0.09286531312553617,0.09666776641372485,False
2022,7901,153,796,827,8,8,MES,0.08069161321949427,0.10467029489937983,False
2022,8437,147,714,761,9,9,MES,0.08616569304301647,0.09019793765556477,False
2022,8699,146,829,866,10,10,MES,0.08884145594182769,0.09955167260604668,False
2022,8577,139,701,744,11,11,MES,0.08759549001184688,0.08674361664917804,False
2022,7934,161,688,730,12,12,MES,0.08102863679071858,0.09200907486765818,False
2023,7964,131,648,695,1,1,MES,0.07861331016919038,0.08726770467101959,False
2023,7115,118,668,685,2,2,MES,0.07023276015240953,0.09627547434996486,False
2023,8508,131,765,797,3,3,MES,0.08398317967346455,0.09367653972731546,False
2023,8656,158,751,811,4,4,MES,0.08544410005330386,0.09369223659889095,False
2023,8804,134,776,817,5,5,MES,0.08690502043314315,0.09279872785097683,False
2023,8840,151,832,866,6,6,MES,0.08726037944445542,0.09796380090497737,False
2023,9238,168,907,943,7,7,MES,0.09118907073618542,0.10207837194197879,False
2023,8197,183,859,909,8,8,MES,0.08091327265907251,0.11089422959619373,False
2023,8322,167,801,859,9,9,MES,0.08214715811501787,0.10322037971641432,False
2023,8884,156,778,848,10,10,MES,0.08769470712494817,0.09545249887438091,False
2023,8621,155,723,782,11,11,MES,0.08509861212563916,0.09070873448555852,False
2023,8157,154,757,789,12,12,MES,0.08051842931317,0.09672673777123943,False
2024,7793,138,633,677,1,1,MES,0.0764049570571395,0.0868728345951495,False
2024,7837,121,645,693,2,2,MES,0.07683634652339308,0.08842669388796734,False
2024,8061,145,760,792,3,3,MES,0.07903251107886584,0.09825083736509117,False
2024,8610,121,782,813,4,4,MES,0.08441507510098435,0.09442508710801394,False
2024,8972,151,845,886,5,5,MES,0.08796423389152516,0.09875167186803388,False
2024,9052,155,877,900,6,6,MES,0.08874857837562257,0.09942554131683606,False
2024,9333,162,952,989,7,7,MES,0.09150358837601474,0.10596807028822458,False
2024,8026,177,866,891,8,8,MES,0.07868936036707322,0.11101420383752804,False
2024,8550,160,788,830,9,9,MES,0.08382681673791129,0.09707602339181287,False
2024,9231,146,807,857,10,10,MES,0.09050354915879054,0.09283934568302459,False
2024,8215,145,804,831,11,11,MES,0.08054237421075336,0.10115642118076688,False
2024,8316,164,802,860,12,12,MES,0.08153260912192635,0.10341510341510342,False
2022,1753,42,202,208,0,0,HORA,0.017903100616855263,0.11865373645179692,False
2022,1090,32,136,142,1,1,HORA,0.011131990685894032,0.13027522935779817,False
2022,836,26,120,125,2,2,HORA,0.008537930471015974,0.14952153110047847,False
2022,700,31,90,102,3,3,HORA,0.007148984844152131,0.1457142857142857,False
2022,727,45,121,142,4,4,HORA,0.00742473140242657,0.1953232462173315,False
2022,1153,35,140,153,5,5,HORA,0.011775399321867724,0.1326973113616652,False
2022,1982,62,203,234,6,6,HORA,0.020241839944442175,0.11806256306760847,False
2022,3699,90,375,402,7,7,HORA,0.03777727848359819,0.10867802108678021,False
2022,4940,69,360,396,8,8,HORA,0.05045140732873075,0.08016194331983806,False
2022,5088,84,372,410,9,9,HORA,0.05196290698149434,0.0805817610062893,False
2022,4918,95,427,484,10,10,HORA,0.05022672494791454,0.09841398942659618,False
2022,5579,84,510,541,11,11,HORA,0.05697740920789248,0.09697078329449722,False
2022,6125,82,571,575,12,12,HORA,0.06255361738633114,0.09387755102040816,False
2022,6619,86,562,584,13,13,HORA,0.06759875811920421,0.08823085058165886,False
2022,7430,85,495,531,14,14,HORA,0.07588136770292904,0.07146702557200538,False
2022,6266,99,467,479,15,15,HORA,0.06399362719065321,0.07644430258538143,False
2022,5529,74,449,463,16,16,HORA,0.05646676743331019,0.08374027853138,False
2022,5756,109,501,502,17,17,HORA,0.0587850810899138,0.0872133425990271,False
2022,6136,128,520,555,18,18,HORA,0.06266595857673925,0.09044980443285527,False
2022,6046,97,521,545,19,19,HORA,0.06174680338249112,0.09014224280516044,False
2022,5452,72,442,456,20,20,HORA,0.05568037910045345,0.08363903154805576,False
2022,4423,83,382,412,21,21,HORA,0.04517137137954982,0.09314944607732309,False
2022,3465,85,335,365,22,22,HORA,0.035387474978553046,0.10533910533910534,False
2022,2204,51,201,224,23,23,HORA,0.022509089423587564,0.10163339382940109,False
2023,1719,56,188,204,0,0,HORA,0.016968392790160505,0.11867364746945899,False
2023,1142,25,131,129,1,1,HORA,0.011272777525516751,0.11295971978984239,False
2023,786,27,99,112,2,2,HORA,0.007758671746984384,0.14249363867684478,False
2023,709,42,100,119,3,3,HORA,0.006998598306122046,0.16784203102961917,False
2023,712,23,88,94,4,4,HORA,0.007028211557064735,0.13202247191011235,False
2023,1108,45,144,162,5,5,HORA,0.010937160681499615,0.14620938628158844,False
2023,2078,71,243,254,6,6,HORA,0.02051211181963556,0.12223291626564003,False
2023,3720,68,364,366,7,7,HORA,0.036720431168933726,0.09838709677419355,False
2023,5107,76,410,448,8,8,HORA,0.05041162418810337,0.08772273350303506,False
2023,5257,83,412,451,9,9,HORA,0.0518922867352378,0.08579037473844398,False
2023,5041,81,457,499,10,10,HORA,0.049760132667364225,0.09898829597302122,False
2023,5922,93,600,653,11,11,HORA,0.05845655736086708,0.11026680175616346,False
2023,6495,101,624,648,12,12,HORA,0.06411268829092058,0.0997690531177829,False
2023,7060,113,615,653,13,13,HORA,0.06968985055179358,0.0924929178470255,False
2023,7813,100,602,634,14,14,HORA,0.07712277653840839,0.08114680660437731,False
2023,6293,93,469,483,15,15,HORA,0.062118729394112886,0.07675194660734148,False
2023,5760,89,491,517,16,16,HORA,0.0568574418099619,0.08975694444444444,False
2023,6092,99,541,549,17,17,HORA,0.060134641580952754,0.09011818778726198,False
2023,6554,100,615,641,18,18,HORA,0.06469508222612678,0.0978028684772658,False
2023,6335,105,579,609,19,19,HORA,0.06253331490731052,0.09613259668508287,False
2023,5559,100,507,533,20,20,HORA,0.054873353996801766,0.09588055405648498,False
2023,4460,99,420,457,21,21,HORA,0.04402503306813022,0.10246636771300448,False
2023,3372,64,336,339,22,22,HORA,0.03328529405958186,0.10053380782918149,False
2023,2212,53,230,247,23,23,HORA,0.02183483702840898,0.11166365280289331,False
2024,1707,51,185,213,0,0,HORA,0.016735950429428607,0.12478031634446397,False
2024,1186,45,161,170,1,1,HORA,0.011627906976744186,0.1433389544688027,False
2024,829,38,140,153,2,2,HORA,0.00812776971645947,0.18455971049457176,False
2024,745,27,110,118,3,3,HORA,0.007304208008157183,0.15838926174496645,False
2024,742,41,108,123,4,4,HORA,0.0072747950900035295,0.16576819407008087,False
2024,1142,35,140,147,5,5,HORA,0.011196517510490608,0.1287215411558669,False
2024,2020,47,261,252,6,6,HORA,0.019804698223459743,0.12475247524752475,False
2024,3880,62,355,374,7,7,HORA,0.03804070747872466,0.09639175257731959,False
2024,5174,81,444,466,8,8,HORA,0.050727479509000355,0.09006571318129107,False
2024,5281,94,461,486,9,9,HORA,0.051776540256480645,0.09202802499526605,False
2024,5055,85,483,535,10,10,HORA,0.049560767088905444,0.10583580613254204,False
2024,5964,91,547,591,11,11,HORA,0.05847288128946233,0.09909456740442656,False
2024,6757,102,700,715,12,12,HORA,0.06624769598807796,0.10581619061713779,False
2024,7161,122,652,673,13,13,HORA,0.07020863563276991,0.09398128752967462,False
2024,7675,109,618,651,14,14,HORA,0.07524804894309581,0.08482084690553746,False
2024,6404,68,469,477,15,15,HORA,0.06278677595199812,0.07448469706433479,False
2024,5671,102,545,546,16,16,HORA,0.055600219616455546,0.09627931581731616,False
2024,6170,101,550,573,17,17,HORA,0.06049256833601318,0.09286871961102107,False
2024,6526,106,582,603,18,18,HORA,0.06398290129024668,0.09239963224026969,False
2024,6445,98,591,615,19,19,HORA,0.06318875250009805,0.09542280837858805,False
2024,5467,88,514,549,20,20,HORA,0.053600141182007136,0.10042070605450887,False
2024,4273,73,409,426,21,21,HORA,0.04189379975685321,0.09969576410016381,False
2024,3464,59,311,322,22,22,HORA,0.033962116161418095,0.09295612009237875,False
2024,2258,60,225,241,23,23,HORA,0.022138123063649554,0.10673162090345438,False
2022,14413,228,1145,1219,1,LUNES,DIA_SEMANA,0.14719759794109236,0.08457642406161105,False
2022,14329,220,1079,1168,2,MARTES,DIA_SEMANA,0.1463397197597941,0.08151301556284458,False
2022,14167,220,1102,1178,3,MIÉRCOLES,DIA_SEMANA,0.14468524041014746,0.08315098468271334,False
2022,14652,216,1150,1239,4,JUEVES,DIA_SEMANA,0.14963846562359573,0.08456183456183457,False
2022,16343,256,1326,1402,5,VIERNES,DIA_SEMANA,0.16690837043996895,0.08578596340941076,False
2022,13054,325,1414,1477,6,SÁBADO,DIA_SEMANA,0.13331835450794557,0.1131453960471886,False
2022,10958,281,1286,1347,7,DOMINGO,DIA_SEMANA,0.11191225131745577,0.12292389122102573,False
2023,14890,257,1297,1381,1,LUNES,DIA_SEMANA,0.14698043551221052,0.09274680993955675,False
2023,14879,219,1198,1281,2,MARTES,DIA_SEMANA,0.14687185359208735,0.08609449559782244,False
2023,14966,227,1189,1271,3,MIÉRCOLES,DIA_SEMANA,0.1477306378694253,0.08492583188560737,False
2023,15096,226,1294,1376,4,JUEVES,DIA_SEMANA,0.14901387874360847,0.09114997350291468,False
2023,16420,290,1480,1589,5,VIERNES,DIA_SEMANA,0.16208319349298167,0.09677222898903776,False
2023,13353,324,1468,1537,6,SÁBADO,DIA_SEMANA,0.13180857994590647,0.11510521980079383,False
2023,11702,263,1339,1366,7,DOMINGO,DIA_SEMANA,0.11551142084378023,0.11673218253290035,False
2024,15270,240,1326,1398,1,LUNES,DIA_SEMANA,0.1497117534020942,0.09155206286836935,False
2024,15146,209,1266,1325,2,MARTES,DIA_SEMANA,0.1484960194517432,0.08748184339099432,False
2024,14889,211,1269,1334,3,MIÉRCOLES,DIA_SEMANA,0.14597631279658027,0.08959634629592317,False
2024,15257,233,1280,1360,4,JUEVES,DIA_SEMANA,0.14958429742342838,0.08913941141770991,False
2024,16378,268,1442,1522,5,VIERNES,DIA_SEMANA,0.1605749245068434,0.092929539626328,False
2024,13483,329,1512,1590,6,SÁBADO,DIA_SEMANA,0.13219145848856817,0.11792627753467329,False
2024,11573,295,1466,1490,7,DOMINGO,DIA_SEMANA,0.11346523393074238,0.12874794780955673,False
2022,3261,282,855,737,1,Frontal,TIPO_ACCIDENTE,0.033304056538257285,0.22600429316160686,False
2022,20752,167,1627,1627,2,Fronto-lateral,TIPO_ACCIDENTE,0.21193676212263574,0.07840208172706245,False
2022,8761,46,448,475,3,Lateral,TIPO_ACCIDENTE,0.08947465174230973,0.054217555073621734,False
2022,16092,127,599,659,4,Por alcance,TIPO_ACCIDENTE,0.16434494873156583,0.04095202585135471,False
2022,2168,23,111,90,5,Múltiple o en caravana,TIPO_ACCIDENTE,0.022141427345888313,0.04151291512915129,False
2022,2345,45,202,223,6,Colisión contra obstáculo o elemento de la vía,TIPO_ACCIDENTE,0.023949099227909637,0.09509594882729211,False
2022,12097,325,1580,1822,7,Atropello a personas,TIPO_ACCIDENTE,0.12354467094244045,0.15061585517070347,False
2022,451,1,28,29,8,Atropello a animales,TIPO_ACCIDENTE,0.004605988806732301,0.06430155210643015,False
2022,3683,18,198,209,9,Vuelco,TIPO_ACCIDENTE,0.037613873115731854,0.05674721694270975,False
2022,8327,37,634,662,10,Caída,TIPO_ACCIDENTE,0.08504228113893542,0.07950042031944278,False
2022,70,0,8,8,11,Sólo salida de la vía,TIPO_ACCIDENTE,0.0007148984844152131,0.11428571428571428,False
2022,2567,129,351,400,12,Salida de la vía por la izquierda con colisión,TIPO_ACCIDENTE,0.026216348707055026,0.15582391897156214,False
2022,220,31,50,62,13,Salida de la vía por la izquierda con despeñamiento,TIPO_ACCIDENTE,0.0022468238081620982,0.2818181818181818,False
2022,1096,74,147,186,14,Salida de la vía por la izquierda con vuelco,TIPO_ACCIDENTE,0.011193267698843908,0.16970802919708028,False
2022,1306,29,180,190,15,"Salida de la vía por la izquierda, otro tipo",TIPO_ACCIDENTE,0.013337963152089545,0.14548238897396631,False
2022,3184,155,454,533,16,Salida de la vía por la derecha con colisión,TIPO_ACCIDENTE,0.03251766820540055,0.16739949748743718,False
2022,375,45,65,84,17,Salida de la vía por la derecha con despeñamiento,TIPO_ACCIDENTE,0.003829813309367213,0.224,False
2022,1810,87,228,257,18,Salida de la vía por la derecha con vuelco,TIPO_ACCIDENTE,0.01848523223987908,0.1419889502762431,False
2022,4511,95,422,459,19,Salida de la vía por la derecha otro tipo,TIPO_ACCIDENTE,0.04607010090281466,0.10175127466193748,False
2022,4840,30,315,318,20,Otro tipo de accidente,TIPO_ACCIDENTE,0.04943012377956616,0.06570247933884298,False
2023,3281,263,862,770,1,Frontal,TIPO_ACCIDENTE,0.03238702544765364,0.23468454739408717,False
2023,21756,197,1831,1845,2,Fronto-lateral,TIPO_ACCIDENTE,0.21475529583637692,0.08480419194704909,False
2023,8976,52,499,513,3,Lateral,TIPO_ACCIDENTE,0.08860284682052395,0.0571524064171123,False
2023,17098,129,718,756,4,Por alcance,TIPO_ACCIDENTE,0.16877578820602926,0.044215697742426015,False
2023,2107,20,104,91,5,Múltiple o en caravana,TIPO_ACCIDENTE,0.02079837324541488,0.04318936877076412,False
2023,2482,46,238,246,6,Colisión contra obstáculo o elemento de la vía,TIPO_ACCIDENTE,0.024500029613250943,0.0991136180499597,False
2023,12541,334,1702,1953,7,Atropello a personas,TIPO_ACCIDENTE,0.12379326002408544,0.15572920819711347,False
2023,676,5,38,41,8,Atropello a animales,TIPO_ACCIDENTE,0.006672852545752473,0.060650887573964495,False
2023,3676,20,239,253,9,Vuelco,TIPO_ACCIDENTE,0.03628610348844096,0.06882480957562569,False
2023,8458,49,673,707,10,Caída,TIPO_ACCIDENTE,0.0834896254910864,0.08358950106408135,False
2023,79,1,8,8,11,Sólo salida de la vía,TIPO_ACCIDENTE,0.0007798156081574635,0.10126582278481013,False
2023,2763,123,393,422,12,Salida de la vía por la izquierda con colisión,TIPO_ACCIDENTE,0.0272738041182161,0.15273253709735796,False
2023,201,24,50,61,13,Salida de la vía por la izquierda con despeñamiento,TIPO_ACCIDENTE,0.001984087813160129,0.3034825870646766,False
2023,1029,52,135,158,14,Salida de la vía por la izquierda con vuelco,TIPO_ACCIDENTE,0.010157345073342152,0.15354713313896987,False
2023,1457,42,177,203,15,"Salida de la vía por la izquierda, otro tipo",TIPO_ACCIDENTE,0.014382168874499043,0.1393273850377488,False
2023,3290,171,514,585,16,Salida de la vía por la derecha con colisión,TIPO_ACCIDENTE,0.03247586520048171,0.1778115501519757,False
2023,333,38,72,94,17,Salida de la vía por la derecha con despeñamiento,TIPO_ACCIDENTE,0.003287070854638422,0.2822822822822823,False
2023,1835,79,249,259,18,Salida de la vía por la derecha con vuelco,TIPO_ACCIDENTE,0.018113438493277793,0.14114441416893733,False
2023,4678,112,478,526,19,Salida de la vía por la derecha otro tipo,TIPO_ACCIDENTE,0.04617692930329892,0.11244121419410004,False
2023,4590,49,285,310,20,Otro tipo de accidente,TIPO_ACCIDENTE,0.04530827394231339,0.06753812636165578,False
2024,3329,297,935,792,1,Frontal,TIPO_ACCIDENTE,0.03263853484450371,0.23790928206668668,False
2024,22176,170,1812,1813,2,Fronto-lateral,TIPO_ACCIDENTE,0.2174202909918036,0.08175505050505051,False
2024,8851,57,559,565,3,Lateral,TIPO_ACCIDENTE,0.08677791285932782,0.06383459496102135,False
2024,17279,132,738,781,4,Por alcance,TIPO_ACCIDENTE,0.16940860425899054,0.04519937496382893,False
2024,1995,34,136,116,5,Múltiple o en caravana,TIPO_ACCIDENTE,0.019559590572179302,0.058145363408521306,False
2024,2469,42,279,266,6,Colisión contra obstáculo o elemento de la vía,TIPO_ACCIDENTE,0.024206831640456488,0.10773592547590118,False
2024,12491,304,1735,1977,7,Atropello a personas,TIPO_ACCIDENTE,0.12246558688576023,0.15827395724921944,False
2024,713,5,52,57,8,Atropello a animales,TIPO_ACCIDENTE,0.006990470214518216,0.07994389901823282,False
2024,3664,30,266,291,9,Vuelco,TIPO_ACCIDENTE,0.035922977371661634,0.07942139737991266,False
2024,8454,44,694,730,10,Caída,TIPO_ACCIDENTE,0.0828856033569944,0.08634965696711616,False
2024,78,0,2,2,11,Sólo salida de la vía,TIPO_ACCIDENTE,0.0007647358719949802,0.02564102564102564,False
2024,2858,144,404,464,12,Salida de la vía por la izquierda con colisión,TIPO_ACCIDENTE,0.02802070669438017,0.16235129461161651,False
2024,219,23,56,63,13,Salida de la vía por la izquierda con despeñamiento,TIPO_ACCIDENTE,0.0021471430252166753,0.2876712328767123,False
2024,1091,50,155,175,14,Salida de la vía por la izquierda con vuelco,TIPO_ACCIDENTE,0.010696497901878505,0.1604032997250229,False
2024,1416,35,174,186,15,"Salida de la vía por la izquierda, otro tipo",TIPO_ACCIDENTE,0.013882897368524256,0.13135593220338984,False
2024,3287,158,478,551,16,Salida de la vía por la derecha con colisión,TIPO_ACCIDENTE,0.03222675399035256,0.1676300578034682,False
2024,336,38,56,79,17,Salida de la vía por la derecha con despeñamiento,TIPO_ACCIDENTE,0.0032942468332091456,0.23511904761904762,False
2024,1832,81,238,272,18,Salida de la vía por la derecha con vuelco,TIPO_ACCIDENTE,0.017961488685830817,0.14847161572052403,False
2024,4805,101,498,529,19,Salida de la vía por la derecha otro tipo,TIPO_ACCIDENTE,0.047109690576101024,0.11009365244536941,False
2024,4618,40,288,305,20,Otro tipo de accidente,TIPO_ACCIDENTE,0.04527628534452331,0.06604590731918579,False
2024,35,0,6,5,unknown,unknown,TIPO_ACCIDENTE,0.00034315071179261933,0.14285714285714285,False
2022,353,22,44,46,1,Autopista de peaje,TIPO_VIA,0.003605130928551003,0.13031161473087818,False
2022,3190,77,236,256,2,Autopista libre,TIPO_VIA,0.032578945218350426,0.08025078369905957,False
2022,7795,251,608,709,3,Autovía,TIPO_VIA,0.07960905265737979,0.09095574085952533,False
2022,49,2,9,11,4,Vía para automóviles,TIPO_VIA,0.0005004289390906491,0.22448979591836735,False
2022,1526,36,120,139,5,Carretera Convencional de doble calzada,TIPO_VIA,0.015584786960251644,0.0910878112712975,False
2022,19915,843,2767,2944,6,Carretera Convencional de calzada única,TIPO_VIA,0.2033886188161281,0.14782827014812955,False
2022,427,14,63,61,7,Vía de servicio,TIPO_VIA,0.0043608807549328,0.14285714285714285,False
2022,376,6,28,29,8,Ramal de enlace,TIPO_VIA,0.0038400261448588587,0.07712765957446809,False
2022,61399,407,4253,4411,9,Calle,TIPO_VIA,0.6270578863515667,0.07184156093747456,False
2022,720,45,133,163,10,Camino vecinal,TIPO_VIA,0.007353241553985049,0.2263888888888889,False
2022,142,3,13,15,11,Recinto delimitado,TIPO_VIA,0.0014502226398137178,0.1056338028169014,False
2022,87,1,9,10,12,Vía ciclista,TIPO_VIA,0.0008885166877731933,0.11494252873563218,False
2022,91,1,16,17,13,Senda ciclable,TIPO_VIA,0.0009293680297397769,0.18681318681318682,False
2022,1846,38,203,219,14,Otro,TIPO_VIA,0.018852894317578334,0.11863488624052004,False
2023,2097,47,165,177,1,Autopista de peaje,TIPO_VIA,0.020699662408939255,0.0844062947067239,False
2023,1665,45,131,150,2,Autopista libre,TIPO_VIA,0.01643535427319211,0.09009009009009009,False
2023,7778,254,678,764,3,Autovía,TIPO_VIA,0.07677728861074369,0.09822576497814348,False
2023,92,4,19,20,4,Vía para automóviles,TIPO_VIA,0.0009081396955757803,0.21739130434782608,False
2023,1673,31,154,166,5,Carretera Convencional de doble calzada,TIPO_VIA,0.016514322942372615,0.09922295277943813,False
2023,19714,845,2958,3100,6,Carretera Convencional de calzada única,TIPO_VIA,0.19459854302805363,0.15724865577761996,False
2023,418,10,44,53,7,Vía de servicio,TIPO_VIA,0.004126112964681262,0.12679425837320574,False
2023,365,2,19,20,8,Ramal de enlace,TIPO_VIA,0.003602945531360433,0.0547945205479452,False
2023,62738,440,4542,4736,9,Calle,TIPO_VIA,0.6192920458807968,0.07548853964104689,False
2023,951,53,163,194,10,Camino vecinal,TIPO_VIA,0.009387400548832251,0.20399579390115669,False
2023,159,2,14,16,11,Recinto delimitado,TIPO_VIA,0.00156950229996249,0.10062893081761007,False
2023,62,1,10,11,12,Vía ciclista,TIPO_VIA,0.0006120071861488955,0.1774193548387097,False
2023,86,0,11,10,13,Senda ciclable,TIPO_VIA,0.0008489131936904033,0.11627906976744186,False
2023,3508,72,357,384,14,Otro,TIPO_VIA,0.034627761435650405,0.10946408209806158,False
2024,425,19,43,51,1,Autopista de peaje,TIPO_VIA,0.004166830071767521,0.12,False
2024,3316,69,300,291,2,Autopista libre,TIPO_VIA,0.03251107886583788,0.08775633293124246,False
2024,8136,274,733,831,3,Autovía,TIPO_VIA,0.07976783403270717,0.1021386430678466,False
2024,74,3,15,12,4,Vía para automóviles,TIPO_VIA,0.0007255186477901094,0.16216216216216217,False
2024,1769,49,155,172,5,Carretera Convencional de doble calzada,TIPO_VIA,0.0173438174046041,0.09723007348784624,False
2024,20281,824,3023,3135,6,Carretera Convencional de calzada única,TIPO_VIA,0.19884113102474607,0.15457817661850995,False
2024,384,11,42,50,7,Vía de servicio,TIPO_VIA,0.003764853523667595,0.13020833333333334,False
2024,322,5,11,16,8,Ramal de enlace,TIPO_VIA,0.0031569865484920977,0.049689440993788817,False
2024,48432,330,3670,3813,9,Calle,TIPO_VIA,0.4748421506725754,0.07872893954410307,False
2024,1055,58,206,234,10,Camino vecinal,TIPO_VIA,0.010343542884034667,0.22180094786729856,False
2024,134,2,9,11,11,Recinto delimitado,TIPO_VIA,0.0013137770108631712,0.08208955223880597,False
2024,87,0,8,8,12,Vía ciclista,TIPO_VIA,0.0008529746264559395,0.09195402298850575,False
2024,62,1,6,7,13,Senda ciclable,TIPO_VIA,0.0006078669751754971,0.11290322580645161,False
2024,17519,140,1340,1388,14,Otro,TIPO_VIA,0.1717616377112828,0.0792282664535647,False
2022,33300,1273,3892,4236,1,VÍAS INTERURBANAS,ZONA_AGRUPADA,0.3400874218718085,0.1272072072072072,False
2022,64616,473,4610,4794,2,VÍAS URBANAS,ZONA_AGRUPADA,0.6599125781281915,0.07419215055094713,False
2023,35330,1288,4345,4645,1,VÍAS INTERURBANAS,ZONA_AGRUPADA,0.34874538526839477,0.13147466742145486,False
2023,65976,518,4920,5156,2,VÍAS URBANAS,ZONA_AGRUPADA,0.6512546147316053,0.07814963016854613,False
2024,35772,1291,4536,4765,1,VÍAS INTERURBANAS,ZONA_AGRUPADA,0.3507196360641594,0.13320474113832048,False
2024,66224,494,5025,5254,2,VÍAS URBANAS,ZONA_AGRUPADA,0.6492803639358407,0.07933679632761537,False
2022,83267,1481,7346,7802,1,Despejado,CONDICION_METEO,0.8503921728828792,0.09369858407292204,False
2022,5725,125,534,591,2,Nublado,CONDICION_METEO,0.05846848318967278,0.10323144104803493,False
2022,6001,85,387,397,3,Lluvia débil,CONDICION_METEO,0.06128722578536705,0.06615564072654558,False
2022,1334,28,127,117,4,Lluvia fuerte,CONDICION_METEO,0.013623922545855632,0.08770614692653673,False
2022,41,1,5,5,5,Granizando,CONDICION_METEO,0.0004187262551574819,0.12195121951219512,False
2022,43,2,2,4,6,Nevando,CONDICION_METEO,0.0004391519261407737,0.09302325581395349,False
2022,1505,24,101,114,7,Se desconoce,CONDICION_METEO,0.01537031741492708,0.07574750830564785,False
2023,87730,1560,8065,8548,1,Despejado,CONDICION_METEO,0.865990168400687,0.09743531289182719,False
2023,5378,149,632,679,2,Nublado,CONDICION_METEO,0.053086687856592894,0.12625511342506507,False
2023,4729,58,326,332,3,Lluvia débil,CONDICION_METEO,0.04668035456932462,0.07020511736096427,False
2023,1234,23,126,120,4,Lluvia fuerte,CONDICION_METEO,0.012180917221092531,0.09724473257698542,False
2023,57,0,2,2,5,Granizando,CONDICION_METEO,0.0005626517679110812,0.03508771929824561,False
2023,57,0,3,3,6,Nevando,CONDICION_METEO,0.0005626517679110812,0.05263157894736842,False
2023,2079,16,104,111,7,Se desconoce,CONDICION_METEO,0.020521982903283123,0.05339105339105339,False
2023,42,0,7,6,999,Sin especificar,CONDICION_METEO,0.0004145855131976388,0.14285714285714285,False
2024,86349,1515,8161,8570,1,Despejado,CONDICION_METEO,0.8465920232165968,0.09924839893918865,False
2024,6114,144,675,712,2,Nublado,CONDICION_METEO,0.059943527197144984,0.11645403990840693,False
2024,5834,67,421,421,3,Lluvia débil,CONDICION_METEO,0.05719832150280403,0.07216318135070278,False
2024,1514,33,138,141,4,Lluvia fuerte,CONDICION_METEO,0.01484371936154359,0.09313077939233817,False
2024,73,1,19,12,5,Granizando,CONDICION_METEO,0.0007157143417388917,0.1643835616438356,False
2024,53,1,5,5,6,Nevando,CONDICION_METEO,0.0005196282207145379,0.09433962264150944,False
2024,1549,23,117,134,7,Se desconoce,CONDICION_METEO,0.015186870073336209,0.08650742414460942,False
2024,510,1,25,24,999,Sin especificar,CONDICION_METEO,0.0050001960861210245,0.047058823529411764,False
2022,69159,1051,5674,5992,1,"Luz del día natural, solar",CONDICION_ILUMINACION,0.7063094897667388,0.08664092887404387,False
2022,3276,74,329,345,2,"Amanecer o atardecer, sin luz artificial",CONDICION_ILUMINACION,0.03345724907063197,0.10531135531135531,False
2022,2789,33,249,267,3,"Amanecer o atardecer, con luz artificial",CONDICION_ILUMINACION,0.028483598186200415,0.09573323771961277,False
2022,14304,202,1296,1380,4,Sin luz natural y con iluminación artificial encen,CONDICION_ILUMINACION,0.14608439887250296,0.0964765100671141,False
2022,2802,31,155,169,5,Sin luz natural y con iluminación artificial no en,CONDICION_ILUMINACION,0.028616365047591814,0.0603140613847252,False
2022,5586,355,799,877,6,Sin luz natural ni artificial,CONDICION_ILUMINACION,0.057048899056334,0.15699964196204796,False
2023,72623,1081,6271,6620,1,"Luz del día natural, solar",CONDICION_ILUMINACION,0.7168677077369554,0.09115569447695633,False
2023,3494,95,402,436,2,"Amanecer o atardecer, sin luz artificial",CONDICION_ILUMINACION,0.03448956626458453,0.1247853463079565,False
2023,2722,29,268,273,3,"Amanecer o atardecer, con luz artificial",CONDICION_ILUMINACION,0.026869089688666022,0.1002939015429831,False
2023,14177,198,1318,1377,4,Sin luz natural y con iluminación artificial encen,CONDICION_ILUMINACION,0.13994235287149823,0.09712915285321295,False
2023,2639,45,176,189,5,Sin luz natural y con iluminación artificial no en,CONDICION_ILUMINACION,0.026049789745918307,0.07161803713527852,False
2023,5620,358,824,901,6,Sin luz natural ni artificial,CONDICION_ILUMINACION,0.0554754900993031,0.1603202846975089,False
2023,31,0,6,5,999,Sin especificar,CONDICION_ILUMINACION,0.00030600359307444774,0.16129032258064516,False
2024,72471,1102,6531,6795,1,"Luz del día natural, solar",CONDICION_ILUMINACION,0.7105278638377975,0.09376164258806971,False
2024,3310,80,365,387,2,"Amanecer o atardecer, sin luz artificial",CONDICION_ILUMINACION,0.03245225302953057,0.11691842900302114,False
2024,2711,30,226,236,3,"Amanecer o atardecer, con luz artificial",CONDICION_ILUMINACION,0.02657947370485117,0.08705274806344522,False
2024,14436,194,1378,1442,4,Sin luz natural y con iluminación artificial encen,CONDICION_ILUMINACION,0.14153496215537864,0.099889165973954,False
2024,2713,24,165,174,5,Sin luz natural y con iluminación artificial no en,CONDICION_ILUMINACION,0.026599082316953605,0.06413564319941024,False
2024,5856,355,873,964,6,Sin luz natural ni artificial,CONDICION_ILUMINACION,0.05741401623593082,0.1646174863387978,False
2024,499,0,23,21,999,Sin especificar,CONDICION_ILUMINACION,0.00489234871955763,0.04208416833667335,False
2022,37525,362,2790,2942,1,En intersección o nudo,NUDO,0.3832366518240124,0.07840106595602932,False
2022,60391,1384,5712,6088,2,Fuera de intersección o nudo,NUDO,0.6167633481759875,0.1008097233031412,False
2023,44078,521,3674,3835,1,En intersección o nudo,NUDO,0.4350976250172744,0.08700485502972004,False
2023,57195,1285,5584,5960,2,Fuera de intersección o nudo,NUDO,0.5645766292223561,0.10420491301687211,False
2023,33,0,7,6,unknown,unknown,NUDO,0.00032574576036957335,0.18181818181818182,False
2024,44577,500,3742,3805,1,En intersección o nudo,NUDO,0.43704655084513117,0.0853579200035893,False
2024,57386,1285,5814,6210,2,Fuera de intersección o nudo,NUDO,0.5626299070551787,0.10821454710208064,False
2024,33,0,5,4,unknown,unknown,NUDO,0.0003235420996901839,0.12121212121212122,False
