year,zone,category,crashes,fatal_crashes,fatalities,hospitalized,non_hospitalized,source_sheet
2022,Interurbana,Frontal,1541,212,263,664,2498,TABLA 1.3
2022,Urbana,Frontal,1720,17,19,191,2280,TABLA 1.3
2022,Total,Frontal,3261,229,282,855,4778,TABLA 1.3
2022,Interurbana,Fronto-lateral,4039,111,120,484,5737,TABLA 1.3
2022,Urbana,Fronto-lateral,16713,45,47,1143,20099,TABLA 1.3
2022,Total,Fronto-lateral,20752,156,167,1627,25836,TABLA 1.3
2022,Interurbana,Lateral,2510,29,30,193,3317,TABLA 1.3
2022,Urbana,Lateral,6251,16,16,255,7151,TABLA 1.3
2022,Total,Lateral,8761,45,46,448,10468,TABLA 1.3
2022,Interurbana,Por alcance,7126,104,114,363,11201,TABLA 1.3
2022,Urbana,Por alcance,8966,13,13,236,12221,TABLA 1.3
2022,Total,Por alcance,16092,117,127,599,23422,TABLA 1.3
2022,Interurbana,Múltiple o en caravana,1322,20,23,90,2995,TABLA 1.3
2022,Urbana,Múltiple o en caravana,846,0,0,21,1517,TABLA 1.3
2022,Total,Múltiple o en caravana,2168,20,23,111,4512,TABLA 1.3
2022,Interurbana,Colisión contra obstáculo o elemento de la vía,548,19,19,64,670,TABLA 1.3
2022,Urbana,Colisión contra obstáculo o elemento de la vía,1797,26,26,138,2002,TABLA 1.3
2022,Total,Colisión contra obstáculo o elemento de la vía,2345,45,45,202,2672,TABLA 1.3
2022,Interurbana,Atropello a personas,657,121,123,160,463,TABLA 1.3
2022,Urbana,Atropello a personas,11440,200,202,1420,11225,TABLA 1.3
2022,Total,Atropello a personas,12097,321,325,1580,11688,TABLA 1.3
2022,Interurbana,Atropello a animales,378,1,1,21,468,TABLA 1.3
2022,Urbana,Atropello a animales,73,0,0,7,71,TABLA 1.3
2022,Total,Atropello a animales,451,1,1,28,539,TABLA 1.3
2022,Interurbana,Vuelco,1056,14,14,75,1114,TABLA 1.3
2022,Urbana,Vuelco,2627,4,4,123,2708,TABLA 1.3
2022,Total,Vuelco,3683,18,18,198,3822,TABLA 1.3
2022,Interurbana,Caída,1296,18,18,160,1246,TABLA 1.3
2022,Urbana,Caída,7031,19,19,474,6954,TABLA 1.3
2022,Total,Caída,8327,37,37,634,8200,TABLA 1.3
2022,Interurbana,Sólo salida de la vía,1,0,0,1,0,TABLA 1.3
2022,Urbana,Sólo salida de la vía,69,0,0,7,69,TABLA 1.3
2022,Total,Sólo salida de la vía,70,0,0,8,69,TABLA 1.3
2022,Interurbana,Salida de la vía por la izquierda con colisión,1718,93,100,236,2097,TABLA 1.3
2022,Urbana,Salida de la vía por la izquierda con colisión,849,26,29,115,968,TABLA 1.3
2022,Total,Salida de la vía por la izquierda con colisión,2567,119,129,351,3065,TABLA 1.3
2022,Interurbana,Salida de la vía por la izquierda con despeñamiento,203,26,30,44,231,TABLA 1.3
2022,Urbana,Salida de la vía por la izquierda con despeñamiento,17,1,1,6,18,TABLA 1.3
2022,Total,Salida de la vía por la izquierda con despeñamiento,220,27,31,50,249,TABLA 1.3
2022,Interurbana,Salida de la vía por la izquierda con vuelco,1024,68,72,137,1195,TABLA 1.3
2022,Urbana,Salida de la vía por la izquierda con vuelco,72,2,2,10,85,TABLA 1.3
2022,Total,Salida de la vía por la izquierda con vuelco,1096,70,74,147,1280,TABLA 1.3
2022,Interurbana,"Salida de la vía por la izquierda, otro tipo",951,21,21,122,1065,TABLA 1.3
2022,Urbana,"Salida de la vía por la izquierda, otro tipo",355,8,8,58,363,TABLA 1.3
2022,Total,"Salida de la vía por la izquierda, otro tipo",1306,29,29,180,1428,TABLA 1.3
2022,Interurbana,Salida de la vía por la derecha con colisión,2161,113,114,337,2433,TABLA 1.3
2022,Urbana,Salida de la vía por la derecha con colisión,1023,39,41,117,1220,TABLA 1.3
2022,Total,Salida de la vía por la derecha con colisión,3184,152,155,454,3653,TABLA 1.3
2022,Interurbana,Salida de la vía por la derecha con despeñamiento,343,32,39,61,363,TABLA 1.3
2022,Urbana,Salida de la vía por la derecha con despeñamiento,32,4,6,4,41,TABLA 1.3
2022,Total,Salida de la vía por la derecha con despeñamiento,375,36,45,65,404,TABLA 1.3
2022,Interurbana,Salida de la vía por la derecha con vuelco,1672,77,85,222,2024,TABLA 1.3
2022,Urbana,Salida de la vía por la derecha con vuelco,138,2,2,6,158,TABLA 1.3
2022,Total,Salida de la vía por la derecha con vuelco,1810,79,87,228,2182,TABLA 1.3
2022,Interurbana,"Salida de la vía por la derecha, otro tipo",3563,67,72,315,4081,TABLA 1.3
2022,Urbana,"Salida de la vía por la derecha, otro tipo",948,23,23,107,983,TABLA 1.3
2022,Total,"Salida de la vía por la derecha, otro tipo",4511,90,95,422,5064,TABLA 1.3
2022,Interurbana,Otro tipo de accidente,1191,15,15,143,1600,TABLA 1.3
2022,Urbana,Otro tipo de accidente,3649,14,15,172,4397,TABLA 1.3
2022,Total,Otro tipo de accidente,4840,29,30,315,5997,TABLA 1.3
2022,Interurbana,Resto de categorías,0,0,0,0,0,TABLA 1.3
2022,Urbana,Resto de categorías,0,0,0,0,0,TABLA 1.3
2022,Total,Resto de categorías,0,0,0,0,0,TABLA 1.3
2022,Interurbana,Total,33300,1161,1273,3892,44798,TABLA 1.3
2022,Urbana,Total,64616,459,473,4610,74530,TABLA 1.3
2022,Total,Total,97916,1620,1746,8502,119328,TABLA 1.3
2023,Interurbana,Frontal,1593,207,245,673,2580,TABLA 1.3
2023,Urbana,Frontal,1688,17,18,189,2141,TABLA 1.3
2023,Total,Frontal,3281,224,263,862,4721,TABLA 1.3
2023,Interurbana,Fronto-lateral,4391,113,128,631,6229,TABLA 1.3
2023,Urbana,Fronto-lateral,17365,69,69,1200,21065,TABLA 1.3
2023,Total,Fronto-lateral,21756,182,197,1831,27294,TABLA 1.3
2023,Interurbana,Lateral,2749,37,38,209,3486,TABLA 1.3
2023,Urbana,Lateral,6227,13,14,290,7069,TABLA 1.3
2023,Total,Lateral,8976,50,52,499,10555,TABLA 1.3
2023,Interurbana,Por alcance,7771,108,115,441,12371,TABLA 1.3
2023,Urbana,Por alcance,9327,14,14,277,12812,TABLA 1.3
2023,Total,Por alcance,17098,122,129,718,25183,TABLA 1.3
2023,Interurbana,Múltiple o en caravana,1302,18,20,77,3089,TABLA 1.3
2023,Urbana,Múltiple o en caravana,805,0,0,27,1481,TABLA 1.3
2023,Total,Múltiple o en caravana,2107,18,20,104,4570,TABLA 1.3
2023,Interurbana,Colisión contra obstáculo o elemento de la vía,649,17,18,70,796,TABLA 1.3
2023,Urbana,Colisión contra obstáculo o elemento de la vía,1833,27,28,168,2040,TABLA 1.3
2023,Total,Colisión contra obstáculo o elemento de la vía,2482,44,46,238,2836,TABLA 1.3
2023,Interurbana,Atropello a personas,695,116,119,156,522,TABLA 1.3
2023,Urbana,Atropello a personas,11846,211,215,1546,11530,TABLA 1.3
2023,Total,Atropello a personas,12541,327,334,1702,12052,TABLA 1.3
2023,Interurbana,Atropello a animales,585,4,4,30,723,TABLA 1.3
2023,Urbana,Atropello a animales,91,1,1,8,93,TABLA 1.3
2023,Total,Atropello a animales,676,5,5,38,816,TABLA 1.3
2023,Interurbana,Vuelco,1116,12,12,74,1183,TABLA 1.3
2023,Urbana,Vuelco,2560,8,8,165,2656,TABLA 1.3
2023,Total,Vuelco,3676,20,20,239,3839,TABLA 1.3
2023,Interurbana,Caída,1421,20,22,188,1360,TABLA 1.3
2023,Urbana,Caída,7037,27,27,485,7007,TABLA 1.3
2023,Total,Caída,8458,47,49,673,8367,TABLA 1.3
2023,Interurbana,Sólo salida de la vía,1,0,0,0,1,TABLA 1.3
2023,Urbana,Sólo salida de la vía,78,1,1,8,99,TABLA 1.3
2023,Total,Sólo salida de la vía,79,1,1,8,100,TABLA 1.3
2023,Interurbana,Salida de la vía por la izquierda con colisión,1854,87,89,313,2287,TABLA 1.3
2023,Urbana,Salida de la vía por la izquierda con colisión,909,28,34,80,1136,TABLA 1.3
2023,Total,Salida de la vía por la izquierda con colisión,2763,115,123,393,3423,TABLA 1.3
2023,Interurbana,Salida de la vía por la izquierda con despeñamiento,188,18,23,46,208,TABLA 1.3
2023,Urbana,Salida de la vía por la izquierda con despeñamiento,13,1,1,4,16,TABLA 1.3
2023,Total,Salida de la vía por la izquierda con despeñamiento,201,19,24,50,224,TABLA 1.3
2023,Interurbana,Salida de la vía por la izquierda con vuelco,970,46,50,126,1181,TABLA 1.3
2023,Urbana,Salida de la vía por la izquierda con vuelco,59,2,2,9,79,TABLA 1.3
2023,Total,Salida de la vía por la izquierda con vuelco,1029,48,52,135,1260,TABLA 1.3
2023,Interurbana,"Salida de la vía por la izquierda, otro tipo",1051,29,29,133,1137,TABLA 1.3
2023,Urbana,"Salida de la vía por la izquierda, otro tipo",406,13,13,44,408,TABLA 1.3
2023,Total,"Salida de la vía por la izquierda, otro tipo",1457,42,42,177,1545,TABLA 1.3
2023,Interurbana,Salida de la vía por la derecha con colisión,2303,126,138,381,2707,TABLA 1.3
2023,Urbana,Salida de la vía por la derecha con colisión,987,32,33,133,1211,TABLA 1.3
2023,Total,Salida de la vía por la derecha con colisión,3290,158,171,514,3918,TABLA 1.3
2023,Interurbana,Salida de la vía por la derecha con despeñamiento,308,37,37,68,343,TABLA 1.3
2023,Urbana,Salida de la vía por la derecha con despeñamiento,25,1,1,4,22,TABLA 1.3
2023,Total,Salida de la vía por la derecha con despeñamiento,333,38,38,72,365,TABLA 1.3
2023,Interurbana,Salida de la vía por la derecha con vuelco,1663,74,78,235,1981,TABLA 1.3
2023,Urbana,Salida de la vía por la derecha con vuelco,172,1,1,14,208,TABLA 1.3
2023,Total,Salida de la vía por la derecha con vuelco,1835,75,79,249,2189,TABLA 1.3
2023,Interurbana,"Salida de la vía por la derecha, otro tipo",3750,83,95,372,4214,TABLA 1.3
2023,Urbana,"Salida de la vía por la derecha, otro tipo",928,17,17,106,950,TABLA 1.3
2023,Total,"Salida de la vía por la derecha, otro tipo",4678,100,112,478,5164,TABLA 1.3
2023,Interurbana,Otro tipo de accidente,970,24,28,122,1348,TABLA 1.3
2023,Urbana,Otro tipo de accidente,3620,21,21,163,4497,TABLA 1.3
2023,Total,Otro tipo de accidente,4590,45,49,285,5845,TABLA 1.3
2023,Interurbana,Resto de categorías,0,0,0,0,0,TABLA 1.3
2023,Urbana,Resto de categorías,0,0,0,0,0,TABLA 1.3
2023,Total,Resto de categorías,0,0,0,0,0,TABLA 1.3
2023,Interurbana,Total,35330,1176,1288,4345,47746,TABLA 1.3
2023,Urbana,Total,65976,504,518,4920,76520,TABLA 1.3
2023,Total,Total,101306,1680,1806,9265,124266,TABLA 1.3
2024,Interurbana,Frontal,1602,226,273,763,2662,TABLA 1.3
2024,Urbana,Frontal,1727,20,24,172,2234,TABLA 1.3
2024,Total,Frontal,3329,246,297,935,4896,TABLA 1.3
2024,Interurbana,Fronto-lateral,4187,111,123,575,6061,TABLA 1.3
2024,Urbana,Fronto-lateral,17989,46,47,1237,21635,TABLA 1.3
2024,Total,Fronto-lateral,22176,157,170,1812,27696,TABLA 1.3
2024,Interurbana,Lateral,2849,38,39,274,3765,TABLA 1.3
2024,Urbana,Lateral,6002,18,18,285,6880,TABLA 1.3
2024,Total,Lateral,8851,56,57,559,10645,TABLA 1.3
2024,Interurbana,Por alcance,7852,111,113,474,12480,TABLA 1.3
2024,Urbana,Por alcance,9427,18,19,264,12954,TABLA 1.3
2024,Total,Por alcance,17279,129,132,738,25434,TABLA 1.3
2024,Interurbana,Múltiple o en caravana,1247,23,32,103,3031,TABLA 1.3
2024,Urbana,Múltiple o en caravana,748,2,2,33,1329,TABLA 1.3
2024,Total,Múltiple o en caravana,1995,25,34,136,4360,TABLA 1.3
2024,Interurbana,Colisión contra obstáculo o elemento de la vía,710,20,27,108,832,TABLA 1.3
2024,Urbana,Colisión contra obstáculo o elemento de la vía,1759,15,15,171,1888,TABLA 1.3
2024,Total,Colisión contra obstáculo o elemento de la vía,2469,35,42,279,2720,TABLA 1.3
2024,Interurbana,Atropello a personas,696,99,100,175,510,TABLA 1.3
2024,Urbana,Atropello a personas,11795,202,204,1560,11393,TABLA 1.3
2024,Total,Atropello a personas,12491,301,304,1735,11903,TABLA 1.3
2024,Interurbana,Atropello a animales,641,5,5,45,775,TABLA 1.3
2024,Urbana,Atropello a animales,72,0,0,7,68,TABLA 1.3
2024,Total,Atropello a animales,713,5,5,52,843,TABLA 1.3
2024,Interurbana,Vuelco,1238,15,15,83,1277,TABLA 1.3
2024,Urbana,Vuelco,2426,15,15,183,2476,TABLA 1.3
2024,Total,Vuelco,3664,30,30,266,3753,TABLA 1.3
2024,Interurbana,Caída,1331,19,19,185,1270,TABLA 1.3
2024,Urbana,Caída,7123,25,25,509,7062,TABLA 1.3
2024,Total,Caída,8454,44,44,694,8332,TABLA 1.3
2024,Interurbana,Sólo salida de la vía,3,0,0,0,4,TABLA 1.3
2024,Urbana,Sólo salida de la vía,75,0,0,2,85,TABLA 1.3
2024,Total,Sólo salida de la vía,78,0,0,2,89,TABLA 1.3
2024,Interurbana,Salida de la vía por la izquierda con colisión,1904,119,125,286,2363,TABLA 1.3
2024,Urbana,Salida de la vía por la izquierda con colisión,954,19,19,118,1180,TABLA 1.3
2024,Total,Salida de la vía por la izquierda con colisión,2858,138,144,404,3543,TABLA 1.3
2024,Interurbana,Salida de la vía por la izquierda con despeñamiento,199,17,20,51,211,TABLA 1.3
2024,Urbana,Salida de la vía por la izquierda con despeñamiento,20,3,3,5,16,TABLA 1.3
2024,Total,Salida de la vía por la izquierda con despeñamiento,219,20,23,56,227,TABLA 1.3
2024,Interurbana,Salida de la vía por la izquierda con vuelco,1024,44,44,148,1306,TABLA 1.3
2024,Urbana,Salida de la vía por la izquierda con vuelco,67,6,6,7,71,TABLA 1.3
2024,Total,Salida de la vía por la izquierda con vuelco,1091,50,50,155,1377,TABLA 1.3
2024,Interurbana,"Salida de la vía por la izquierda, otro tipo",1057,23,28,128,1182,TABLA 1.3
2024,Urbana,"Salida de la vía por la izquierda, otro tipo",359,7,7,46,353,TABLA 1.3
2024,Total,"Salida de la vía por la izquierda, otro tipo",1416,30,35,174,1535,TABLA 1.3
2024,Interurbana,Salida de la vía por la derecha con colisión,2269,103,116,344,2585,TABLA 1.3
2024,Urbana,Salida de la vía por la derecha con colisión,1018,40,42,134,1246,TABLA 1.3
2024,Total,Salida de la vía por la derecha con colisión,3287,143,158,478,3831,TABLA 1.3
2024,Interurbana,Salida de la vía por la derecha con despeñamiento,313,30,34,51,354,TABLA 1.3
2024,Urbana,Salida de la vía por la derecha con despeñamiento,23,4,4,5,23,TABLA 1.3
2024,Total,Salida de la vía por la derecha con despeñamiento,336,34,38,56,377,TABLA 1.3
2024,Interurbana,Salida de la vía por la derecha con vuelco,1684,71,76,225,2137,TABLA 1.3
2024,Urbana,Salida de la vía por la derecha con vuelco,148,5,5,13,174,TABLA 1.3
2024,Total,Salida de la vía por la derecha con vuelco,1832,76,81,238,2311,TABLA 1.3
2024,Interurbana,"Salida de la vía por la derecha, otro tipo",3878,78,80,381,4436,TABLA 1.3
2024,Urbana,"Salida de la vía por la derecha, otro tipo",927,21,21,117,992,TABLA 1.3
2024,Total,"Salida de la vía por la derecha, otro tipo",4805,99,101,498,5428,TABLA 1.3
2024,Interurbana,Otro tipo de accidente,1086,21,22,135,1499,TABLA 1.3
2024,Urbana,Otro tipo de accidente,3532,17,18,153,4249,TABLA 1.3
2024,Total,Otro tipo de accidente,4618,38,40,288,5748,TABLA 1.3
2024,Interurbana,Resto de categorías,2,0,0,2,1,TABLA 1.3
2024,Urbana,Resto de categorías,33,0,0,4,35,TABLA 1.3
2024,Total,Resto de categorías,35,0,0,6,36,TABLA 1.3
2024,Interurbana,Total,35772,1173,1291,4536,48741,TABLA 1.3
2024,Urbana,Total,66224,483,494,5025,76343,TABLA 1.3
2024,Total,Total,101996,1656,1785,9561,125084,TABLA 1.3
