year,zone,age,category,vehicles,source_sheet
2022,Vías interurbanas,Menos de un año,Total,1621,TABLA 8.3
2022,Vías interurbanas,Menos de un año,Ciclomotor,28,TABLA 8.3
2022,Vías interurbanas,Menos de un año,Motocicleta,442,TABLA 8.3
2022,Vías interurbanas,Menos de un año,Turismo,891,TABLA 8.3
2022,Vías interurbanas,Menos de un año,Furgoneta,103,TABLA 8.3
2022,Vías interurbanas,Menos de un año,Autobús,14,TABLA 8.3
2022,Vías interurbanas,Menos de un año,Camión hasta 3.500 kg,26,TABLA 8.3
2022,Vías interurbanas,Menos de un año,Camión más 3.500 kg,96,TABLA 8.3
2022,Vías interurbanas,Menos de un año,Otro vehículo,16,TABLA 8.3
2022,Vías interurbanas,Menos de un año,Se desconoce,5,TABLA 8.3
2022,Vías interurbanas,Un año,Total,2886,TABLA 8.3
2022,Vías interurbanas,Un año,Ciclomotor,35,TABLA 8.3
2022,Vías interurbanas,Un año,Motocicleta,604,TABLA 8.3
2022,Vías interurbanas,Un año,Turismo,1667,TABLA 8.3
2022,Vías interurbanas,Un año,Furgoneta,261,TABLA 8.3
2022,Vías interurbanas,Un año,Autobús,9,TABLA 8.3
2022,Vías interurbanas,Un año,Camión hasta 3.500 kg,60,TABLA 8.3
2022,Vías interurbanas,Un año,Camión más 3.500 kg,203,TABLA 8.3
2022,Vías interurbanas,Un año,Otro vehículo,44,TABLA 8.3
2022,Vías interurbanas,Un año,Se desconoce,3,TABLA 8.3
2022,Vías interurbanas,Dos años,Total,2406,TABLA 8.3
2022,Vías interurbanas,Dos años,Ciclomotor,33,TABLA 8.3
2022,Vías interurbanas,Dos años,Motocicleta,443,TABLA 8.3
2022,Vías interurbanas,Dos años,Turismo,1471,TABLA 8.3
2022,Vías interurbanas,Dos años,Furgoneta,206,TABLA 8.3
2022,Vías interurbanas,Dos años,Autobús,12,TABLA 8.3
2022,Vías interurbanas,Dos años,Camión hasta 3.500 kg,36,TABLA 8.3
2022,Vías interurbanas,Dos años,Camión más 3.500 kg,170,TABLA 8.3
2022,Vías interurbanas,Dos años,Otro vehículo,31,TABLA 8.3
2022,Vías interurbanas,Dos años,Se desconoce,4,TABLA 8.3
2022,Vías interurbanas,Tres años,Total,3059,TABLA 8.3
2022,Vías interurbanas,Tres años,Ciclomotor,40,TABLA 8.3
2022,Vías interurbanas,Tres años,Motocicleta,439,TABLA 8.3
2022,Vías interurbanas,Tres años,Turismo,2021,TABLA 8.3
2022,Vías interurbanas,Tres años,Furgoneta,259,TABLA 8.3
2022,Vías interurbanas,Tres años,Autobús,15,TABLA 8.3
2022,Vías interurbanas,Tres años,Camión hasta 3.500 kg,51,TABLA 8.3
2022,Vías interurbanas,Tres años,Camión más 3.500 kg,208,TABLA 8.3
2022,Vías interurbanas,Tres años,Otro vehículo,26,TABLA 8.3
2022,Vías interurbanas,Tres años,Se desconoce,0,TABLA 8.3
2022,Vías interurbanas,Cuatro años,Total,2960,TABLA 8.3
2022,Vías interurbanas,Cuatro años,Ciclomotor,21,TABLA 8.3
2022,Vías interurbanas,Cuatro años,Motocicleta,418,TABLA 8.3
2022,Vías interurbanas,Cuatro años,Turismo,1948,TABLA 8.3
2022,Vías interurbanas,Cuatro años,Furgoneta,258,TABLA 8.3
2022,Vías interurbanas,Cuatro años,Autobús,21,TABLA 8.3
2022,Vías interurbanas,Cuatro años,Camión hasta 3.500 kg,40,TABLA 8.3
2022,Vías interurbanas,Cuatro años,Camión más 3.500 kg,213,TABLA 8.3
2022,Vías interurbanas,Cuatro años,Otro vehículo,39,TABLA 8.3
2022,Vías interurbanas,Cuatro años,Se desconoce,2,TABLA 8.3
2022,Vías interurbanas,Cinco años,Total,2764,TABLA 8.3
2022,Vías interurbanas,Cinco años,Ciclomotor,32,TABLA 8.3
2022,Vías interurbanas,Cinco años,Motocicleta,259,TABLA 8.3
2022,Vías interurbanas,Cinco años,Turismo,2009,TABLA 8.3
2022,Vías interurbanas,Cinco años,Furgoneta,191,TABLA 8.3
2022,Vías interurbanas,Cinco años,Autobús,18,TABLA 8.3
2022,Vías interurbanas,Cinco años,Camión hasta 3.500 kg,30,TABLA 8.3
2022,Vías interurbanas,Cinco años,Camión más 3.500 kg,190,TABLA 8.3
2022,Vías interurbanas,Cinco años,Otro vehículo,31,TABLA 8.3
2022,Vías interurbanas,Cinco años,Se desconoce,4,TABLA 8.3
2022,Vías interurbanas,De 6 a 7 años,Total,4774,TABLA 8.3
2022,Vías interurbanas,De 6 a 7 años,Ciclomotor,32,TABLA 8.3
2022,Vías interurbanas,De 6 a 7 años,Motocicleta,571,TABLA 8.3
2022,Vías interurbanas,De 6 a 7 años,Turismo,3328,TABLA 8.3
2022,Vías interurbanas,De 6 a 7 años,Furgoneta,335,TABLA 8.3
2022,Vías interurbanas,De 6 a 7 años,Autobús,34,TABLA 8.3
2022,Vías interurbanas,De 6 a 7 años,Camión hasta 3.500 kg,58,TABLA 8.3
2022,Vías interurbanas,De 6 a 7 años,Camión más 3.500 kg,368,TABLA 8.3
2022,Vías interurbanas,De 6 a 7 años,Otro vehículo,46,TABLA 8.3
2022,Vías interurbanas,De 6 a 7 años,Se desconoce,2,TABLA 8.3
2022,Vías interurbanas,De 8 a 10 años,Total,4455,TABLA 8.3
2022,Vías interurbanas,De 8 a 10 años,Ciclomotor,50,TABLA 8.3
2022,Vías interurbanas,De 8 a 10 años,Motocicleta,504,TABLA 8.3
2022,Vías interurbanas,De 8 a 10 años,Turismo,3179,TABLA 8.3
2022,Vías interurbanas,De 8 a 10 años,Furgoneta,272,TABLA 8.3
2022,Vías interurbanas,De 8 a 10 años,Autobús,29,TABLA 8.3
2022,Vías interurbanas,De 8 a 10 años,Camión hasta 3.500 kg,50,TABLA 8.3
2022,Vías interurbanas,De 8 a 10 años,Camión más 3.500 kg,342,TABLA 8.3
2022,Vías interurbanas,De 8 a 10 años,Otro vehículo,28,TABLA 8.3
2022,Vías interurbanas,De 8 a 10 años,Se desconoce,1,TABLA 8.3
2022,Vías interurbanas,De 11 a 15 años,Total,10502,TABLA 8.3
2022,Vías interurbanas,De 11 a 15 años,Ciclomotor,140,TABLA 8.3
2022,Vías interurbanas,De 11 a 15 años,Motocicleta,1390,TABLA 8.3
2022,Vías interurbanas,De 11 a 15 años,Turismo,7631,TABLA 8.3
2022,Vías interurbanas,De 11 a 15 años,Furgoneta,588,TABLA 8.3
2022,Vías interurbanas,De 11 a 15 años,Autobús,73,TABLA 8.3
2022,Vías interurbanas,De 11 a 15 años,Camión hasta 3.500 kg,123,TABLA 8.3
2022,Vías interurbanas,De 11 a 15 años,Camión más 3.500 kg,459,TABLA 8.3
2022,Vías interurbanas,De 11 a 15 años,Otro vehículo,97,TABLA 8.3
2022,Vías interurbanas,De 11 a 15 años,Se desconoce,1,TABLA 8.3
2022,Vías interurbanas,Más de 15 años,Total,17862,TABLA 8.3
2022,Vías interurbanas,Más de 15 años,Ciclomotor,284,TABLA 8.3
2022,Vías interurbanas,Más de 15 años,Motocicleta,1404,TABLA 8.3
2022,Vías interurbanas,Más de 15 años,Turismo,14199,TABLA 8.3
2022,Vías interurbanas,Más de 15 años,Furgoneta,975,TABLA 8.3
2022,Vías interurbanas,Más de 15 años,Autobús,23,TABLA 8.3
2022,Vías interurbanas,Más de 15 años,Camión hasta 3.500 kg,261,TABLA 8.3
2022,Vías interurbanas,Más de 15 años,Camión más 3.500 kg,512,TABLA 8.3
2022,Vías interurbanas,Más de 15 años,Otro vehículo,201,TABLA 8.3
2022,Vías interurbanas,Más de 15 años,Se desconoce,3,TABLA 8.3
2022,Vías interurbanas,Se desconoce,Total,2058,TABLA 8.3
2022,Vías interurbanas,Se desconoce,Ciclomotor,4,TABLA 8.3
2022,Vías interurbanas,Se desconoce,Motocicleta,407,TABLA 8.3
2022,Vías interurbanas,Se desconoce,Turismo,1061,TABLA 8.3
2022,Vías interurbanas,Se desconoce,Furgoneta,132,TABLA 8.3
2022,Vías interurbanas,Se desconoce,Autobús,8,TABLA 8.3
2022,Vías interurbanas,Se desconoce,Camión hasta 3.500 kg,84,TABLA 8.3
2022,Vías interurbanas,Se desconoce,Camión más 3.500 kg,89,TABLA 8.3
2022,Vías interurbanas,Se desconoce,Otro vehículo,84,TABLA 8.3
2022,Vías interurbanas,Se desconoce,Se desconoce,189,TABLA 8.3
2022,Vías interurbanas,Total,Total,55347,TABLA 8.3
2022,Vías interurbanas,Total,Ciclomotor,699,TABLA 8.3
2022,Vías interurbanas,Total,Motocicleta,6881,TABLA 8.3
2022,Vías interurbanas,Total,Turismo,39405,TABLA 8.3
2022,Vías interurbanas,Total,Furgoneta,3580,TABLA 8.3
2022,Vías interurbanas,Total,Autobús,256,TABLA 8.3
2022,Vías interurbanas,Total,Camión hasta 3.500 kg,819,TABLA 8.3
2022,Vías interurbanas,Total,Camión más 3.500 kg,2850,TABLA 8.3
2022,Vías interurbanas,Total,Otro vehículo,643,TABLA 8.3
2022,Vías interurbanas,Total,Se desconoce,214,TABLA 8.3
2022,Vías urbanas,Menos de un año,Total,2972,TABLA 8.3
2022,Vías urbanas,Menos de un año,Ciclomotor,190,TABLA 8.3
2022,Vías urbanas,Menos de un año,Motocicleta,1094,TABLA 8.3
2022,Vías urbanas,Menos de un año,Turismo,1440,TABLA 8.3
2022,Vías urbanas,Menos de un año,Furgoneta,132,TABLA 8.3
2022,Vías urbanas,Menos de un año,Autobús,54,TABLA 8.3
2022,Vías urbanas,Menos de un año,Camión hasta 3.500 kg,11,TABLA 8.3
2022,Vías urbanas,Menos de un año,Camión más 3.500 kg,18,TABLA 8.3
2022,Vías urbanas,Menos de un año,Otro vehículo,21,TABLA 8.3
2022,Vías urbanas,Menos de un año,Se desconoce,12,TABLA 8.3
2022,Vías urbanas,Un año,Total,5601,TABLA 8.3
2022,Vías urbanas,Un año,Ciclomotor,300,TABLA 8.3
2022,Vías urbanas,Un año,Motocicleta,1796,TABLA 8.3
2022,Vías urbanas,Un año,Turismo,2845,TABLA 8.3
2022,Vías urbanas,Un año,Furgoneta,417,TABLA 8.3
2022,Vías urbanas,Un año,Autobús,118,TABLA 8.3
2022,Vías urbanas,Un año,Camión hasta 3.500 kg,43,TABLA 8.3
2022,Vías urbanas,Un año,Camión más 3.500 kg,49,TABLA 8.3
2022,Vías urbanas,Un año,Otro vehículo,24,TABLA 8.3
2022,Vías urbanas,Un año,Se desconoce,9,TABLA 8.3
2022,Vías urbanas,Dos años,Total,4897,TABLA 8.3
2022,Vías urbanas,Dos años,Ciclomotor,360,TABLA 8.3
2022,Vías urbanas,Dos años,Motocicleta,1472,TABLA 8.3
2022,Vías urbanas,Dos años,Turismo,2390,TABLA 8.3
2022,Vías urbanas,Dos años,Furgoneta,442,TABLA 8.3
2022,Vías urbanas,Dos años,Autobús,133,TABLA 8.3
2022,Vías urbanas,Dos años,Camión hasta 3.500 kg,22,TABLA 8.3
2022,Vías urbanas,Dos años,Camión más 3.500 kg,52,TABLA 8.3
2022,Vías urbanas,Dos años,Otro vehículo,23,TABLA 8.3
2022,Vías urbanas,Dos años,Se desconoce,3,TABLA 8.3
2022,Vías urbanas,Tres años,Total,5842,TABLA 8.3
2022,Vías urbanas,Tres años,Ciclomotor,313,TABLA 8.3
2022,Vías urbanas,Tres años,Motocicleta,1476,TABLA 8.3
2022,Vías urbanas,Tres años,Turismo,3316,TABLA 8.3
2022,Vías urbanas,Tres años,Furgoneta,397,TABLA 8.3
2022,Vías urbanas,Tres años,Autobús,188,TABLA 8.3
2022,Vías urbanas,Tres años,Camión hasta 3.500 kg,45,TABLA 8.3
2022,Vías urbanas,Tres años,Camión más 3.500 kg,67,TABLA 8.3
2022,Vías urbanas,Tres años,Otro vehículo,38,TABLA 8.3
2022,Vías urbanas,Tres años,Se desconoce,2,TABLA 8.3
2022,Vías urbanas,Cuatro años,Total,5400,TABLA 8.3
2022,Vías urbanas,Cuatro años,Ciclomotor,212,TABLA 8.3
2022,Vías urbanas,Cuatro años,Motocicleta,1093,TABLA 8.3
2022,Vías urbanas,Cuatro años,Turismo,3461,TABLA 8.3
2022,Vías urbanas,Cuatro años,Furgoneta,402,TABLA 8.3
2022,Vías urbanas,Cuatro años,Autobús,113,TABLA 8.3
2022,Vías urbanas,Cuatro años,Camión hasta 3.500 kg,39,TABLA 8.3
2022,Vías urbanas,Cuatro años,Camión más 3.500 kg,61,TABLA 8.3
2022,Vías urbanas,Cuatro años,Otro vehículo,19,TABLA 8.3
2022,Vías urbanas,Cuatro años,Se desconoce,0,TABLA 8.3
2022,Vías urbanas,Cinco años,Total,4583,TABLA 8.3
2022,Vías urbanas,Cinco años,Ciclomotor,241,TABLA 8.3
2022,Vías urbanas,Cinco años,Motocicleta,845,TABLA 8.3
2022,Vías urbanas,Cinco años,Turismo,2963,TABLA 8.3
2022,Vías urbanas,Cinco años,Furgoneta,331,TABLA 8.3
2022,Vías urbanas,Cinco años,Autobús,102,TABLA 8.3
2022,Vías urbanas,Cinco años,Camión hasta 3.500 kg,21,TABLA 8.3
2022,Vías urbanas,Cinco años,Camión más 3.500 kg,55,TABLA 8.3
2022,Vías urbanas,Cinco años,Otro vehículo,20,TABLA 8.3
2022,Vías urbanas,Cinco años,Se desconoce,5,TABLA 8.3
2022,Vías urbanas,De 6 a 7 años,Total,8432,TABLA 8.3
2022,Vías urbanas,De 6 a 7 años,Ciclomotor,367,TABLA 8.3
2022,Vías urbanas,De 6 a 7 años,Motocicleta,1851,TABLA 8.3
2022,Vías urbanas,De 6 a 7 años,Turismo,5284,TABLA 8.3
2022,Vías urbanas,De 6 a 7 años,Furgoneta,604,TABLA 8.3
2022,Vías urbanas,De 6 a 7 años,Autobús,166,TABLA 8.3
2022,Vías urbanas,De 6 a 7 años,Camión hasta 3.500 kg,44,TABLA 8.3
2022,Vías urbanas,De 6 a 7 años,Camión más 3.500 kg,85,TABLA 8.3
2022,Vías urbanas,De 6 a 7 años,Otro vehículo,28,TABLA 8.3
2022,Vías urbanas,De 6 a 7 años,Se desconoce,3,TABLA 8.3
2022,Vías urbanas,De 8 a 10 años,Total,7667,TABLA 8.3
2022,Vías urbanas,De 8 a 10 años,Ciclomotor,288,TABLA 8.3
2022,Vías urbanas,De 8 a 10 años,Motocicleta,1584,TABLA 8.3
2022,Vías urbanas,De 8 a 10 años,Turismo,5014,TABLA 8.3
2022,Vías urbanas,De 8 a 10 años,Furgoneta,486,TABLA 8.3
2022,Vías urbanas,De 8 a 10 años,Autobús,138,TABLA 8.3
2022,Vías urbanas,De 8 a 10 años,Camión hasta 3.500 kg,38,TABLA 8.3
2022,Vías urbanas,De 8 a 10 años,Camión más 3.500 kg,77,TABLA 8.3
2022,Vías urbanas,De 8 a 10 años,Otro vehículo,35,TABLA 8.3
2022,Vías urbanas,De 8 a 10 años,Se desconoce,7,TABLA 8.3
2022,Vías urbanas,De 11 a 15 años,Total,16242,TABLA 8.3
2022,Vías urbanas,De 11 a 15 años,Ciclomotor,757,TABLA 8.3
2022,Vías urbanas,De 11 a 15 años,Motocicleta,3156,TABLA 8.3
2022,Vías urbanas,De 11 a 15 años,Turismo,10805,TABLA 8.3
2022,Vías urbanas,De 11 a 15 años,Furgoneta,806,TABLA 8.3
2022,Vías urbanas,De 11 a 15 años,Autobús,303,TABLA 8.3
2022,Vías urbanas,De 11 a 15 años,Camión hasta 3.500 kg,169,TABLA 8.3
2022,Vías urbanas,De 11 a 15 años,Camión más 3.500 kg,162,TABLA 8.3
2022,Vías urbanas,De 11 a 15 años,Otro vehículo,76,TABLA 8.3
2022,Vías urbanas,De 11 a 15 años,Se desconoce,8,TABLA 8.3
2022,Vías urbanas,Más de 15 años,Total,23330,TABLA 8.3
2022,Vías urbanas,Más de 15 años,Ciclomotor,1484,TABLA 8.3
2022,Vías urbanas,Más de 15 años,Motocicleta,2544,TABLA 8.3
2022,Vías urbanas,Más de 15 años,Turismo,17323,TABLA 8.3
2022,Vías urbanas,Más de 15 años,Furgoneta,1207,TABLA 8.3
2022,Vías urbanas,Más de 15 años,Autobús,140,TABLA 8.3
2022,Vías urbanas,Más de 15 años,Camión hasta 3.500 kg,301,TABLA 8.3
2022,Vías urbanas,Más de 15 años,Camión más 3.500 kg,167,TABLA 8.3
2022,Vías urbanas,Más de 15 años,Otro vehículo,151,TABLA 8.3
2022,Vías urbanas,Más de 15 años,Se desconoce,13,TABLA 8.3
2022,Vías urbanas,Se desconoce,Total,15566,TABLA 8.3
2022,Vías urbanas,Se desconoce,Ciclomotor,540,TABLA 8.3
2022,Vías urbanas,Se desconoce,Motocicleta,4328,TABLA 8.3
2022,Vías urbanas,Se desconoce,Turismo,5994,TABLA 8.3
2022,Vías urbanas,Se desconoce,Furgoneta,861,TABLA 8.3
2022,Vías urbanas,Se desconoce,Autobús,593,TABLA 8.3
2022,Vías urbanas,Se desconoce,Camión hasta 3.500 kg,202,TABLA 8.3
2022,Vías urbanas,Se desconoce,Camión más 3.500 kg,65,TABLA 8.3
2022,Vías urbanas,Se desconoce,Otro vehículo,2038,TABLA 8.3
2022,Vías urbanas,Se desconoce,Se desconoce,945,TABLA 8.3
2022,Vías urbanas,Total,Total,100532,TABLA 8.3
2022,Vías urbanas,Total,Ciclomotor,5052,TABLA 8.3
2022,Vías urbanas,Total,Motocicleta,21239,TABLA 8.3
2022,Vías urbanas,Total,Turismo,60835,TABLA 8.3
2022,Vías urbanas,Total,Furgoneta,6085,TABLA 8.3
2022,Vías urbanas,Total,Autobús,2048,TABLA 8.3
2022,Vías urbanas,Total,Camión hasta 3.500 kg,935,TABLA 8.3
2022,Vías urbanas,Total,Camión más 3.500 kg,858,TABLA 8.3
2022,Vías urbanas,Total,Otro vehículo,2473,TABLA 8.3
2022,Vías urbanas,Total,Se desconoce,1007,TABLA 8.3
2022,Total,Menos de un año,Total,4593,TABLA 8.3
2022,Total,Menos de un año,Ciclomotor,218,TABLA 8.3
2022,Total,Menos de un año,Motocicleta,1536,TABLA 8.3
2022,Total,Menos de un año,Turismo,2331,TABLA 8.3
2022,Total,Menos de un año,Furgoneta,235,TABLA 8.3
2022,Total,Menos de un año,Autobús,68,TABLA 8.3
2022,Total,Menos de un año,Camión hasta 3.500 kg,37,TABLA 8.3
2022,Total,Menos de un año,Camión más 3.500 kg,114,TABLA 8.3
2022,Total,Menos de un año,Otro vehículo,37,TABLA 8.3
2022,Total,Menos de un año,Se desconoce,17,TABLA 8.3
2022,Total,Un año,Total,8487,TABLA 8.3
2022,Total,Un año,Ciclomotor,335,TABLA 8.3
2022,Total,Un año,Motocicleta,2400,TABLA 8.3
2022,Total,Un año,Turismo,4512,TABLA 8.3
2022,Total,Un año,Furgoneta,678,TABLA 8.3
2022,Total,Un año,Autobús,127,TABLA 8.3
2022,Total,Un año,Camión hasta 3.500 kg,103,TABLA 8.3
2022,Total,Un año,Camión más 3.500 kg,252,TABLA 8.3
2022,Total,Un año,Otro vehículo,68,TABLA 8.3
2022,Total,Un año,Se desconoce,12,TABLA 8.3
2022,Total,Dos años,Total,7303,TABLA 8.3
2022,Total,Dos años,Ciclomotor,393,TABLA 8.3
2022,Total,Dos años,Motocicleta,1915,TABLA 8.3
2022,Total,Dos años,Turismo,3861,TABLA 8.3
2022,Total,Dos años,Furgoneta,648,TABLA 8.3
2022,Total,Dos años,Autobús,145,TABLA 8.3
2022,Total,Dos años,Camión hasta 3.500 kg,58,TABLA 8.3
2022,Total,Dos años,Camión más 3.500 kg,222,TABLA 8.3
2022,Total,Dos años,Otro vehículo,54,TABLA 8.3
2022,Total,Dos años,Se desconoce,7,TABLA 8.3
2022,Total,Tres años,Total,8901,TABLA 8.3
2022,Total,Tres años,Ciclomotor,353,TABLA 8.3
2022,Total,Tres años,Motocicleta,1915,TABLA 8.3
2022,Total,Tres años,Turismo,5337,TABLA 8.3
2022,Total,Tres años,Furgoneta,656,TABLA 8.3
2022,Total,Tres años,Autobús,203,TABLA 8.3
2022,Total,Tres años,Camión hasta 3.500 kg,96,TABLA 8.3
2022,Total,Tres años,Camión más 3.500 kg,275,TABLA 8.3
2022,Total,Tres años,Otro vehículo,64,TABLA 8.3
2022,Total,Tres años,Se desconoce,2,TABLA 8.3
2022,Total,Cuatro años,Total,8360,TABLA 8.3
2022,Total,Cuatro años,Ciclomotor,233,TABLA 8.3
2022,Total,Cuatro años,Motocicleta,1511,TABLA 8.3
2022,Total,Cuatro años,Turismo,5409,TABLA 8.3
2022,Total,Cuatro años,Furgoneta,660,TABLA 8.3
2022,Total,Cuatro años,Autobús,134,TABLA 8.3
2022,Total,Cuatro años,Camión hasta 3.500 kg,79,TABLA 8.3
2022,Total,Cuatro años,Camión más 3.500 kg,274,TABLA 8.3
2022,Total,Cuatro años,Otro vehículo,58,TABLA 8.3
2022,Total,Cuatro años,Se desconoce,2,TABLA 8.3
2022,Total,Cinco años,Total,7347,TABLA 8.3
2022,Total,Cinco años,Ciclomotor,273,TABLA 8.3
2022,Total,Cinco años,Motocicleta,1104,TABLA 8.3
2022,Total,Cinco años,Turismo,4972,TABLA 8.3
2022,Total,Cinco años,Furgoneta,522,TABLA 8.3
2022,Total,Cinco años,Autobús,120,TABLA 8.3
2022,Total,Cinco años,Camión hasta 3.500 kg,51,TABLA 8.3
2022,Total,Cinco años,Camión más 3.500 kg,245,TABLA 8.3
2022,Total,Cinco años,Otro vehículo,51,TABLA 8.3
2022,Total,Cinco años,Se desconoce,9,TABLA 8.3
2022,Total,De 6 a 7 años,Total,13206,TABLA 8.3
2022,Total,De 6 a 7 años,Ciclomotor,399,TABLA 8.3
2022,Total,De 6 a 7 años,Motocicleta,2422,TABLA 8.3
2022,Total,De 6 a 7 años,Turismo,8612,TABLA 8.3
2022,Total,De 6 a 7 años,Furgoneta,939,TABLA 8.3
2022,Total,De 6 a 7 años,Autobús,200,TABLA 8.3
2022,Total,De 6 a 7 años,Camión hasta 3.500 kg,102,TABLA 8.3
2022,Total,De 6 a 7 años,Camión más 3.500 kg,453,TABLA 8.3
2022,Total,De 6 a 7 años,Otro vehículo,74,TABLA 8.3
2022,Total,De 6 a 7 años,Se desconoce,5,TABLA 8.3
2022,Total,De 8 a 10 años,Total,12122,TABLA 8.3
2022,Total,De 8 a 10 años,Ciclomotor,338,TABLA 8.3
2022,Total,De 8 a 10 años,Motocicleta,2088,TABLA 8.3
2022,Total,De 8 a 10 años,Turismo,8193,TABLA 8.3
2022,Total,De 8 a 10 años,Furgoneta,758,TABLA 8.3
2022,Total,De 8 a 10 años,Autobús,167,TABLA 8.3
2022,Total,De 8 a 10 años,Camión hasta 3.500 kg,88,TABLA 8.3
2022,Total,De 8 a 10 años,Camión más 3.500 kg,419,TABLA 8.3
2022,Total,De 8 a 10 años,Otro vehículo,63,TABLA 8.3
2022,Total,De 8 a 10 años,Se desconoce,8,TABLA 8.3
2022,Total,De 11 a 15 años,Total,26744,TABLA 8.3
2022,Total,De 11 a 15 años,Ciclomotor,897,TABLA 8.3
2022,Total,De 11 a 15 años,Motocicleta,4546,TABLA 8.3
2022,Total,De 11 a 15 años,Turismo,18436,TABLA 8.3
2022,Total,De 11 a 15 años,Furgoneta,1394,TABLA 8.3
2022,Total,De 11 a 15 años,Autobús,376,TABLA 8.3
2022,Total,De 11 a 15 años,Camión hasta 3.500 kg,292,TABLA 8.3
2022,Total,De 11 a 15 años,Camión más 3.500 kg,621,TABLA 8.3
2022,Total,De 11 a 15 años,Otro vehículo,173,TABLA 8.3
2022,Total,De 11 a 15 años,Se desconoce,9,TABLA 8.3
2022,Total,Más de 15 años,Total,41192,TABLA 8.3
2022,Total,Más de 15 años,Ciclomotor,1768,TABLA 8.3
2022,Total,Más de 15 años,Motocicleta,3948,TABLA 8.3
2022,Total,Más de 15 años,Turismo,31522,TABLA 8.3
2022,Total,Más de 15 años,Furgoneta,2182,TABLA 8.3
2022,Total,Más de 15 años,Autobús,163,TABLA 8.3
2022,Total,Más de 15 años,Camión hasta 3.500 kg,562,TABLA 8.3
2022,Total,Más de 15 años,Camión más 3.500 kg,679,TABLA 8.3
2022,Total,Más de 15 años,Otro vehículo,352,TABLA 8.3
2022,Total,Más de 15 años,Se desconoce,16,TABLA 8.3
2022,Total,Se desconoce,Total,17624,TABLA 8.3
2022,Total,Se desconoce,Ciclomotor,544,TABLA 8.3
2022,Total,Se desconoce,Motocicleta,4735,TABLA 8.3
2022,Total,Se desconoce,Turismo,7055,TABLA 8.3
2022,Total,Se desconoce,Furgoneta,993,TABLA 8.3
2022,Total,Se desconoce,Autobús,601,TABLA 8.3
2022,Total,Se desconoce,Camión hasta 3.500 kg,286,TABLA 8.3
2022,Total,Se desconoce,Camión más 3.500 kg,154,TABLA 8.3
2022,Total,Se desconoce,Otro vehículo,2122,TABLA 8.3
2022,Total,Se desconoce,Se desconoce,1134,TABLA 8.3
2022,Total,Total,Total,155879,TABLA 8.3
2022,Total,Total,Ciclomotor,5751,TABLA 8.3
2022,Total,Total,Motocicleta,28120,TABLA 8.3
2022,Total,Total,Turismo,100240,TABLA 8.3
2022,Total,Total,Furgoneta,9665,TABLA 8.3
2022,Total,Total,Autobús,2304,TABLA 8.3
2022,Total,Total,Camión hasta 3.500 kg,1754,TABLA 8.3
2022,Total,Total,Camión más 3.500 kg,3708,TABLA 8.3
2022,Total,Total,Otro vehículo,3116,TABLA 8.3
2022,Total,Total,Se desconoce,1221,TABLA 8.3
2023,Vías interurbanas,Menos de un año,Total,1538,TABLA 8.3
2023,Vías interurbanas,Menos de un año,Ciclomotor,18,TABLA 8.3
2023,Vías interurbanas,Menos de un año,Motocicleta,387,TABLA 8.3
2023,Vías interurbanas,Menos de un año,Turismo,879,TABLA 8.3
2023,Vías interurbanas,Menos de un año,Furgoneta,93,TABLA 8.3
2023,Vías interurbanas,Menos de un año,Autobús,14,TABLA 8.3
2023,Vías interurbanas,Menos de un año,Camión hasta 3.500 kg,19,TABLA 8.3
2023,Vías interurbanas,Menos de un año,Camión más 3.500 kg,107,TABLA 8.3
2023,Vías interurbanas,Menos de un año,Otro vehículo,17,TABLA 8.3
2023,Vías interurbanas,Menos de un año,Se desconoce,4,TABLA 8.3
2023,Vías interurbanas,Un año,Total,2396,TABLA 8.3
2023,Vías interurbanas,Un año,Ciclomotor,24,TABLA 8.3
2023,Vías interurbanas,Un año,Motocicleta,519,TABLA 8.3
2023,Vías interurbanas,Un año,Turismo,1434,TABLA 8.3
2023,Vías interurbanas,Un año,Furgoneta,164,TABLA 8.3
2023,Vías interurbanas,Un año,Autobús,12,TABLA 8.3
2023,Vías interurbanas,Un año,Camión hasta 3.500 kg,35,TABLA 8.3
2023,Vías interurbanas,Un año,Camión más 3.500 kg,172,TABLA 8.3
2023,Vías interurbanas,Un año,Otro vehículo,35,TABLA 8.3
2023,Vías interurbanas,Un año,Se desconoce,1,TABLA 8.3
2023,Vías interurbanas,Dos años,Total,2005,TABLA 8.3
2023,Vías interurbanas,Dos años,Ciclomotor,24,TABLA 8.3
2023,Vías interurbanas,Dos años,Motocicleta,337,TABLA 8.3
2023,Vías interurbanas,Dos años,Turismo,1222,TABLA 8.3
2023,Vías interurbanas,Dos años,Furgoneta,208,TABLA 8.3
2023,Vías interurbanas,Dos años,Autobús,3,TABLA 8.3
2023,Vías interurbanas,Dos años,Camión hasta 3.500 kg,24,TABLA 8.3
2023,Vías interurbanas,Dos años,Camión más 3.500 kg,150,TABLA 8.3
2023,Vías interurbanas,Dos años,Otro vehículo,32,TABLA 8.3
2023,Vías interurbanas,Dos años,Se desconoce,5,TABLA 8.3
2023,Vías interurbanas,Tres años,Total,1853,TABLA 8.3
2023,Vías interurbanas,Tres años,Ciclomotor,24,TABLA 8.3
2023,Vías interurbanas,Tres años,Motocicleta,303,TABLA 8.3
2023,Vías interurbanas,Tres años,Turismo,1157,TABLA 8.3
2023,Vías interurbanas,Tres años,Furgoneta,171,TABLA 8.3
2023,Vías interurbanas,Tres años,Autobús,7,TABLA 8.3
2023,Vías interurbanas,Tres años,Camión hasta 3.500 kg,31,TABLA 8.3
2023,Vías interurbanas,Tres años,Camión más 3.500 kg,138,TABLA 8.3
2023,Vías interurbanas,Tres años,Otro vehículo,20,TABLA 8.3
2023,Vías interurbanas,Tres años,Se desconoce,2,TABLA 8.3
2023,Vías interurbanas,Cuatro años,Total,2416,TABLA 8.3
2023,Vías interurbanas,Cuatro años,Ciclomotor,19,TABLA 8.3
2023,Vías interurbanas,Cuatro años,Motocicleta,322,TABLA 8.3
2023,Vías interurbanas,Cuatro años,Turismo,1682,TABLA 8.3
2023,Vías interurbanas,Cuatro años,Furgoneta,164,TABLA 8.3
2023,Vías interurbanas,Cuatro años,Autobús,11,TABLA 8.3
2023,Vías interurbanas,Cuatro años,Camión hasta 3.500 kg,34,TABLA 8.3
2023,Vías interurbanas,Cuatro años,Camión más 3.500 kg,151,TABLA 8.3
2023,Vías interurbanas,Cuatro años,Otro vehículo,31,TABLA 8.3
2023,Vías interurbanas,Cuatro años,Se desconoce,2,TABLA 8.3
2023,Vías interurbanas,Cinco años,Total,2327,TABLA 8.3
2023,Vías interurbanas,Cinco años,Ciclomotor,25,TABLA 8.3
2023,Vías interurbanas,Cinco años,Motocicleta,231,TABLA 8.3
2023,Vías interurbanas,Cinco años,Turismo,1678,TABLA 8.3
2023,Vías interurbanas,Cinco años,Furgoneta,177,TABLA 8.3
2023,Vías interurbanas,Cinco años,Autobús,14,TABLA 8.3
2023,Vías interurbanas,Cinco años,Camión hasta 3.500 kg,29,TABLA 8.3
2023,Vías interurbanas,Cinco años,Camión más 3.500 kg,148,TABLA 8.3
2023,Vías interurbanas,Cinco años,Otro vehículo,24,TABLA 8.3
2023,Vías interurbanas,Cinco años,Se desconoce,1,TABLA 8.3
2023,Vías interurbanas,De 6 a 7 años,Total,4175,TABLA 8.3
2023,Vías interurbanas,De 6 a 7 años,Ciclomotor,44,TABLA 8.3
2023,Vías interurbanas,De 6 a 7 años,Motocicleta,447,TABLA 8.3
2023,Vías interurbanas,De 6 a 7 años,Turismo,3015,TABLA 8.3
2023,Vías interurbanas,De 6 a 7 años,Furgoneta,262,TABLA 8.3
2023,Vías interurbanas,De 6 a 7 años,Autobús,39,TABLA 8.3
2023,Vías interurbanas,De 6 a 7 años,Camión hasta 3.500 kg,45,TABLA 8.3
2023,Vías interurbanas,De 6 a 7 años,Camión más 3.500 kg,278,TABLA 8.3
2023,Vías interurbanas,De 6 a 7 años,Otro vehículo,43,TABLA 8.3
2023,Vías interurbanas,De 6 a 7 años,Se desconoce,2,TABLA 8.3
2023,Vías interurbanas,De 8 a 10 años,Total,4281,TABLA 8.3
2023,Vías interurbanas,De 8 a 10 años,Ciclomotor,28,TABLA 8.3
2023,Vías interurbanas,De 8 a 10 años,Motocicleta,413,TABLA 8.3
2023,Vías interurbanas,De 8 a 10 años,Turismo,3141,TABLA 8.3
2023,Vías interurbanas,De 8 a 10 años,Furgoneta,267,TABLA 8.3
2023,Vías interurbanas,De 8 a 10 años,Autobús,36,TABLA 8.3
2023,Vías interurbanas,De 8 a 10 años,Camión hasta 3.500 kg,47,TABLA 8.3
2023,Vías interurbanas,De 8 a 10 años,Camión más 3.500 kg,307,TABLA 8.3
2023,Vías interurbanas,De 8 a 10 años,Otro vehículo,40,TABLA 8.3
2023,Vías interurbanas,De 8 a 10 años,Se desconoce,2,TABLA 8.3
2023,Vías interurbanas,De 11 a 15 años,Total,6942,TABLA 8.3
2023,Vías interurbanas,De 11 a 15 años,Ciclomotor,72,TABLA 8.3
2023,Vías interurbanas,De 11 a 15 años,Motocicleta,887,TABLA 8.3
2023,Vías interurbanas,De 11 a 15 años,Turismo,5227,TABLA 8.3
2023,Vías interurbanas,De 11 a 15 años,Furgoneta,319,TABLA 8.3
2023,Vías interurbanas,De 11 a 15 años,Autobús,34,TABLA 8.3
2023,Vías interurbanas,De 11 a 15 años,Camión hasta 3.500 kg,79,TABLA 8.3
2023,Vías interurbanas,De 11 a 15 años,Camión más 3.500 kg,258,TABLA 8.3
2023,Vías interurbanas,De 11 a 15 años,Otro vehículo,63,TABLA 8.3
2023,Vías interurbanas,De 11 a 15 años,Se desconoce,3,TABLA 8.3
2023,Vías interurbanas,Más de 15 años,Total,16889,TABLA 8.3
2023,Vías interurbanas,Más de 15 años,Ciclomotor,277,TABLA 8.3
2023,Vías interurbanas,Más de 15 años,Motocicleta,1473,TABLA 8.3
2023,Vías interurbanas,Más de 15 años,Turismo,13358,TABLA 8.3
2023,Vías interurbanas,Más de 15 años,Furgoneta,861,TABLA 8.3
2023,Vías interurbanas,Más de 15 años,Autobús,23,TABLA 8.3
2023,Vías interurbanas,Más de 15 años,Camión hasta 3.500 kg,214,TABLA 8.3
2023,Vías interurbanas,Más de 15 años,Camión más 3.500 kg,456,TABLA 8.3
2023,Vías interurbanas,Más de 15 años,Otro vehículo,221,TABLA 8.3
2023,Vías interurbanas,Más de 15 años,Se desconoce,6,TABLA 8.3
2023,Vías interurbanas,Se desconoce,Total,14200,TABLA 8.3
2023,Vías interurbanas,Se desconoce,Ciclomotor,129,TABLA 8.3
2023,Vías interurbanas,Se desconoce,Motocicleta,2517,TABLA 8.3
2023,Vías interurbanas,Se desconoce,Turismo,9068,TABLA 8.3
2023,Vías interurbanas,Se desconoce,Furgoneta,1091,TABLA 8.3
2023,Vías interurbanas,Se desconoce,Autobús,58,TABLA 8.3
2023,Vías interurbanas,Se desconoce,Camión hasta 3.500 kg,208,TABLA 8.3
2023,Vías interurbanas,Se desconoce,Camión más 3.500 kg,804,TABLA 8.3
2023,Vías interurbanas,Se desconoce,Otro vehículo,152,TABLA 8.3
2023,Vías interurbanas,Se desconoce,Se desconoce,173,TABLA 8.3
2023,Vías interurbanas,Total,Total,59022,TABLA 8.3
2023,Vías interurbanas,Total,Ciclomotor,684,TABLA 8.3
2023,Vías interurbanas,Total,Motocicleta,7836,TABLA 8.3
2023,Vías interurbanas,Total,Turismo,41861,TABLA 8.3
2023,Vías interurbanas,Total,Furgoneta,3777,TABLA 8.3
2023,Vías interurbanas,Total,Autobús,251,TABLA 8.3
2023,Vías interurbanas,Total,Camión hasta 3.500 kg,765,TABLA 8.3
2023,Vías interurbanas,Total,Camión más 3.500 kg,2969,TABLA 8.3
2023,Vías interurbanas,Total,Otro vehículo,678,TABLA 8.3
2023,Vías interurbanas,Total,Se desconoce,201,TABLA 8.3
2023,Vías urbanas,Menos de un año,Total,2668,TABLA 8.3
2023,Vías urbanas,Menos de un año,Ciclomotor,135,TABLA 8.3
2023,Vías urbanas,Menos de un año,Motocicleta,931,TABLA 8.3
2023,Vías urbanas,Menos de un año,Turismo,1297,TABLA 8.3
2023,Vías urbanas,Menos de un año,Furgoneta,151,TABLA 8.3
2023,Vías urbanas,Menos de un año,Autobús,75,TABLA 8.3
2023,Vías urbanas,Menos de un año,Camión hasta 3.500 kg,14,TABLA 8.3
2023,Vías urbanas,Menos de un año,Camión más 3.500 kg,32,TABLA 8.3
2023,Vías urbanas,Menos de un año,Otro vehículo,24,TABLA 8.3
2023,Vías urbanas,Menos de un año,Se desconoce,9,TABLA 8.3
2023,Vías urbanas,Un año,Total,4693,TABLA 8.3
2023,Vías urbanas,Un año,Ciclomotor,282,TABLA 8.3
2023,Vías urbanas,Un año,Motocicleta,1478,TABLA 8.3
2023,Vías urbanas,Un año,Turismo,2390,TABLA 8.3
2023,Vías urbanas,Un año,Furgoneta,305,TABLA 8.3
2023,Vías urbanas,Un año,Autobús,121,TABLA 8.3
2023,Vías urbanas,Un año,Camión hasta 3.500 kg,23,TABLA 8.3
2023,Vías urbanas,Un año,Camión más 3.500 kg,43,TABLA 8.3
2023,Vías urbanas,Un año,Otro vehículo,45,TABLA 8.3
2023,Vías urbanas,Un año,Se desconoce,6,TABLA 8.3
2023,Vías urbanas,Dos años,Total,4358,TABLA 8.3
2023,Vías urbanas,Dos años,Ciclomotor,188,TABLA 8.3
2023,Vías urbanas,Dos años,Motocicleta,1188,TABLA 8.3
2023,Vías urbanas,Dos años,Turismo,2418,TABLA 8.3
2023,Vías urbanas,Dos años,Furgoneta,351,TABLA 8.3
2023,Vías urbanas,Dos años,Autobús,115,TABLA 8.3
2023,Vías urbanas,Dos años,Camión hasta 3.500 kg,26,TABLA 8.3
2023,Vías urbanas,Dos años,Camión más 3.500 kg,41,TABLA 8.3
2023,Vías urbanas,Dos años,Otro vehículo,27,TABLA 8.3
2023,Vías urbanas,Dos años,Se desconoce,4,TABLA 8.3
2023,Vías urbanas,Tres años,Total,3936,TABLA 8.3
2023,Vías urbanas,Tres años,Ciclomotor,247,TABLA 8.3
2023,Vías urbanas,Tres años,Motocicleta,1125,TABLA 8.3
2023,Vías urbanas,Tres años,Turismo,2011,TABLA 8.3
2023,Vías urbanas,Tres años,Furgoneta,303,TABLA 8.3
2023,Vías urbanas,Tres años,Autobús,165,TABLA 8.3
2023,Vías urbanas,Tres años,Camión hasta 3.500 kg,22,TABLA 8.3
2023,Vías urbanas,Tres años,Camión más 3.500 kg,39,TABLA 8.3
2023,Vías urbanas,Tres años,Otro vehículo,20,TABLA 8.3
2023,Vías urbanas,Tres años,Se desconoce,4,TABLA 8.3
2023,Vías urbanas,Cuatro años,Total,4791,TABLA 8.3
2023,Vías urbanas,Cuatro años,Ciclomotor,233,TABLA 8.3
2023,Vías urbanas,Cuatro años,Motocicleta,1106,TABLA 8.3
2023,Vías urbanas,Cuatro años,Turismo,2833,TABLA 8.3
2023,Vías urbanas,Cuatro años,Furgoneta,327,TABLA 8.3
2023,Vías urbanas,Cuatro años,Autobús,194,TABLA 8.3
2023,Vías urbanas,Cuatro años,Camión hasta 3.500 kg,33,TABLA 8.3
2023,Vías urbanas,Cuatro años,Camión más 3.500 kg,37,TABLA 8.3
2023,Vías urbanas,Cuatro años,Otro vehículo,27,TABLA 8.3
2023,Vías urbanas,Cuatro años,Se desconoce,1,TABLA 8.3
2023,Vías urbanas,Cinco años,Total,4626,TABLA 8.3
2023,Vías urbanas,Cinco años,Ciclomotor,138,TABLA 8.3
2023,Vías urbanas,Cinco años,Motocicleta,884,TABLA 8.3
2023,Vías urbanas,Cinco años,Turismo,3032,TABLA 8.3
2023,Vías urbanas,Cinco años,Furgoneta,332,TABLA 8.3
2023,Vías urbanas,Cinco años,Autobús,137,TABLA 8.3
2023,Vías urbanas,Cinco años,Camión hasta 3.500 kg,22,TABLA 8.3
2023,Vías urbanas,Cinco años,Camión más 3.500 kg,55,TABLA 8.3
2023,Vías urbanas,Cinco años,Otro vehículo,23,TABLA 8.3
2023,Vías urbanas,Cinco años,Se desconoce,3,TABLA 8.3
2023,Vías urbanas,De 6 a 7 años,Total,7647,TABLA 8.3
2023,Vías urbanas,De 6 a 7 años,Ciclomotor,289,TABLA 8.3
2023,Vías urbanas,De 6 a 7 años,Motocicleta,1468,TABLA 8.3
2023,Vías urbanas,De 6 a 7 años,Turismo,4935,TABLA 8.3
2023,Vías urbanas,De 6 a 7 años,Furgoneta,560,TABLA 8.3
2023,Vías urbanas,De 6 a 7 años,Autobús,215,TABLA 8.3
2023,Vías urbanas,De 6 a 7 años,Camión hasta 3.500 kg,40,TABLA 8.3
2023,Vías urbanas,De 6 a 7 años,Camión más 3.500 kg,105,TABLA 8.3
2023,Vías urbanas,De 6 a 7 años,Otro vehículo,29,TABLA 8.3
2023,Vías urbanas,De 6 a 7 años,Se desconoce,6,TABLA 8.3
2023,Vías urbanas,De 8 a 10 años,Total,7513,TABLA 8.3
2023,Vías urbanas,De 8 a 10 años,Ciclomotor,257,TABLA 8.3
2023,Vías urbanas,De 8 a 10 años,Motocicleta,1500,TABLA 8.3
2023,Vías urbanas,De 8 a 10 años,Turismo,4965,TABLA 8.3
2023,Vías urbanas,De 8 a 10 años,Furgoneta,548,TABLA 8.3
2023,Vías urbanas,De 8 a 10 años,Autobús,113,TABLA 8.3
2023,Vías urbanas,De 8 a 10 años,Camión hasta 3.500 kg,30,TABLA 8.3
2023,Vías urbanas,De 8 a 10 años,Camión más 3.500 kg,66,TABLA 8.3
2023,Vías urbanas,De 8 a 10 años,Otro vehículo,30,TABLA 8.3
2023,Vías urbanas,De 8 a 10 años,Se desconoce,4,TABLA 8.3
2023,Vías urbanas,De 11 a 15 años,Total,11539,TABLA 8.3
2023,Vías urbanas,De 11 a 15 años,Ciclomotor,517,TABLA 8.3
2023,Vías urbanas,De 11 a 15 años,Motocicleta,2245,TABLA 8.3
2023,Vías urbanas,De 11 a 15 años,Turismo,7865,TABLA 8.3
2023,Vías urbanas,De 11 a 15 años,Furgoneta,510,TABLA 8.3
2023,Vías urbanas,De 11 a 15 años,Autobús,187,TABLA 8.3
2023,Vías urbanas,De 11 a 15 años,Camión hasta 3.500 kg,73,TABLA 8.3
2023,Vías urbanas,De 11 a 15 años,Camión más 3.500 kg,99,TABLA 8.3
2023,Vías urbanas,De 11 a 15 años,Otro vehículo,37,TABLA 8.3
2023,Vías urbanas,De 11 a 15 años,Se desconoce,6,TABLA 8.3
2023,Vías urbanas,Más de 15 años,Total,22927,TABLA 8.3
2023,Vías urbanas,Más de 15 años,Ciclomotor,1379,TABLA 8.3
2023,Vías urbanas,Más de 15 años,Motocicleta,2847,TABLA 8.3
2023,Vías urbanas,Más de 15 años,Turismo,16702,TABLA 8.3
2023,Vías urbanas,Más de 15 años,Furgoneta,1170,TABLA 8.3
2023,Vías urbanas,Más de 15 años,Autobús,172,TABLA 8.3
2023,Vías urbanas,Más de 15 años,Camión hasta 3.500 kg,302,TABLA 8.3
2023,Vías urbanas,Más de 15 años,Camión más 3.500 kg,183,TABLA 8.3
2023,Vías urbanas,Más de 15 años,Otro vehículo,151,TABLA 8.3
2023,Vías urbanas,Más de 15 años,Se desconoce,21,TABLA 8.3
2023,Vías urbanas,Se desconoce,Total,27156,TABLA 8.3
2023,Vías urbanas,Se desconoce,Ciclomotor,930,TABLA 8.3
2023,Vías urbanas,Se desconoce,Motocicleta,6828,TABLA 8.3
2023,Vías urbanas,Se desconoce,Turismo,13751,TABLA 8.3
2023,Vías urbanas,Se desconoce,Furgoneta,1671,TABLA 8.3
2023,Vías urbanas,Se desconoce,Autobús,945,TABLA 8.3
2023,Vías urbanas,Se desconoce,Camión hasta 3.500 kg,313,TABLA 8.3
2023,Vías urbanas,Se desconoce,Camión más 3.500 kg,186,TABLA 8.3
2023,Vías urbanas,Se desconoce,Otro vehículo,1689,TABLA 8.3
2023,Vías urbanas,Se desconoce,Se desconoce,843,TABLA 8.3
2023,Vías urbanas,Total,Total,101854,TABLA 8.3
2023,Vías urbanas,Total,Ciclomotor,4595,TABLA 8.3
2023,Vías urbanas,Total,Motocicleta,21600,TABLA 8.3
2023,Vías urbanas,Total,Turismo,62199,TABLA 8.3
2023,Vías urbanas,Total,Furgoneta,6228,TABLA 8.3
2023,Vías urbanas,Total,Autobús,2439,TABLA 8.3
2023,Vías urbanas,Total,Camión hasta 3.500 kg,898,TABLA 8.3
2023,Vías urbanas,Total,Camión más 3.500 kg,886,TABLA 8.3
2023,Vías urbanas,Total,Otro vehículo,2102,TABLA 8.3
2023,Vías urbanas,Total,Se desconoce,907,TABLA 8.3
2023,Total,Menos de un año,Total,4206,TABLA 8.3
2023,Total,Menos de un año,Ciclomotor,153,TABLA 8.3
2023,Total,Menos de un año,Motocicleta,1318,TABLA 8.3
2023,Total,Menos de un año,Turismo,2176,TABLA 8.3
2023,Total,Menos de un año,Furgoneta,244,TABLA 8.3
2023,Total,Menos de un año,Autobús,89,TABLA 8.3
2023,Total,Menos de un año,Camión hasta 3.500 kg,33,TABLA 8.3
2023,Total,Menos de un año,Camión más 3.500 kg,139,TABLA 8.3
2023,Total,Menos de un año,Otro vehículo,41,TABLA 8.3
2023,Total,Menos de un año,Se desconoce,13,TABLA 8.3
2023,Total,Un año,Total,7089,TABLA 8.3
2023,Total,Un año,Ciclomotor,306,TABLA 8.3
2023,Total,Un año,Motocicleta,1997,TABLA 8.3
2023,Total,Un año,Turismo,3824,TABLA 8.3
2023,Total,Un año,Furgoneta,469,TABLA 8.3
2023,Total,Un año,Autobús,133,TABLA 8.3
2023,Total,Un año,Camión hasta 3.500 kg,58,TABLA 8.3
2023,Total,Un año,Camión más 3.500 kg,215,TABLA 8.3
2023,Total,Un año,Otro vehículo,80,TABLA 8.3
2023,Total,Un año,Se desconoce,7,TABLA 8.3
2023,Total,Dos años,Total,6363,TABLA 8.3
2023,Total,Dos años,Ciclomotor,212,TABLA 8.3
2023,Total,Dos años,Motocicleta,1525,TABLA 8.3
2023,Total,Dos años,Turismo,3640,TABLA 8.3
2023,Total,Dos años,Furgoneta,559,TABLA 8.3
2023,Total,Dos años,Autobús,118,TABLA 8.3
2023,Total,Dos años,Camión hasta 3.500 kg,50,TABLA 8.3
2023,Total,Dos años,Camión más 3.500 kg,191,TABLA 8.3
2023,Total,Dos años,Otro vehículo,59,TABLA 8.3
2023,Total,Dos años,Se desconoce,9,TABLA 8.3
2023,Total,Tres años,Total,5789,TABLA 8.3
2023,Total,Tres años,Ciclomotor,271,TABLA 8.3
2023,Total,Tres años,Motocicleta,1428,TABLA 8.3
2023,Total,Tres años,Turismo,3168,TABLA 8.3
2023,Total,Tres años,Furgoneta,474,TABLA 8.3
2023,Total,Tres años,Autobús,172,TABLA 8.3
2023,Total,Tres años,Camión hasta 3.500 kg,53,TABLA 8.3
2023,Total,Tres años,Camión más 3.500 kg,177,TABLA 8.3
2023,Total,Tres años,Otro vehículo,40,TABLA 8.3
2023,Total,Tres años,Se desconoce,6,TABLA 8.3
2023,Total,Cuatro años,Total,7207,TABLA 8.3
2023,Total,Cuatro años,Ciclomotor,252,TABLA 8.3
2023,Total,Cuatro años,Motocicleta,1428,TABLA 8.3
2023,Total,Cuatro años,Turismo,4515,TABLA 8.3
2023,Total,Cuatro años,Furgoneta,491,TABLA 8.3
2023,Total,Cuatro años,Autobús,205,TABLA 8.3
2023,Total,Cuatro años,Camión hasta 3.500 kg,67,TABLA 8.3
2023,Total,Cuatro años,Camión más 3.500 kg,188,TABLA 8.3
2023,Total,Cuatro años,Otro vehículo,58,TABLA 8.3
2023,Total,Cuatro años,Se desconoce,3,TABLA 8.3
2023,Total,Cinco años,Total,6953,TABLA 8.3
2023,Total,Cinco años,Ciclomotor,163,TABLA 8.3
2023,Total,Cinco años,Motocicleta,1115,TABLA 8.3
2023,Total,Cinco años,Turismo,4710,TABLA 8.3
2023,Total,Cinco años,Furgoneta,509,TABLA 8.3
2023,Total,Cinco años,Autobús,151,TABLA 8.3
2023,Total,Cinco años,Camión hasta 3.500 kg,51,TABLA 8.3
2023,Total,Cinco años,Camión más 3.500 kg,203,TABLA 8.3
2023,Total,Cinco años,Otro vehículo,47,TABLA 8.3
2023,Total,Cinco años,Se desconoce,4,TABLA 8.3
2023,Total,De 6 a 7 años,Total,11822,TABLA 8.3
2023,Total,De 6 a 7 años,Ciclomotor,333,TABLA 8.3
2023,Total,De 6 a 7 años,Motocicleta,1915,TABLA 8.3
2023,Total,De 6 a 7 años,Turismo,7950,TABLA 8.3
2023,Total,De 6 a 7 años,Furgoneta,822,TABLA 8.3
2023,Total,De 6 a 7 años,Autobús,254,TABLA 8.3
2023,Total,De 6 a 7 años,Camión hasta 3.500 kg,85,TABLA 8.3
2023,Total,De 6 a 7 años,Camión más 3.500 kg,383,TABLA 8.3
2023,Total,De 6 a 7 años,Otro vehículo,72,TABLA 8.3
2023,Total,De 6 a 7 años,Se desconoce,8,TABLA 8.3
2023,Total,De 8 a 10 años,Total,11794,TABLA 8.3
2023,Total,De 8 a 10 años,Ciclomotor,285,TABLA 8.3
2023,Total,De 8 a 10 años,Motocicleta,1913,TABLA 8.3
2023,Total,De 8 a 10 años,Turismo,8106,TABLA 8.3
2023,Total,De 8 a 10 años,Furgoneta,815,TABLA 8.3
2023,Total,De 8 a 10 años,Autobús,149,TABLA 8.3
2023,Total,De 8 a 10 años,Camión hasta 3.500 kg,77,TABLA 8.3
2023,Total,De 8 a 10 años,Camión más 3.500 kg,373,TABLA 8.3
2023,Total,De 8 a 10 años,Otro vehículo,70,TABLA 8.3
2023,Total,De 8 a 10 años,Se desconoce,6,TABLA 8.3
2023,Total,De 11 a 15 años,Total,18481,TABLA 8.3
2023,Total,De 11 a 15 años,Ciclomotor,589,TABLA 8.3
2023,Total,De 11 a 15 años,Motocicleta,3132,TABLA 8.3
2023,Total,De 11 a 15 años,Turismo,13092,TABLA 8.3
2023,Total,De 11 a 15 años,Furgoneta,829,TABLA 8.3
2023,Total,De 11 a 15 años,Autobús,221,TABLA 8.3
2023,Total,De 11 a 15 años,Camión hasta 3.500 kg,152,TABLA 8.3
2023,Total,De 11 a 15 años,Camión más 3.500 kg,357,TABLA 8.3
2023,Total,De 11 a 15 años,Otro vehículo,100,TABLA 8.3
2023,Total,De 11 a 15 años,Se desconoce,9,TABLA 8.3
2023,Total,Más de 15 años,Total,39816,TABLA 8.3
2023,Total,Más de 15 años,Ciclomotor,1656,TABLA 8.3
2023,Total,Más de 15 años,Motocicleta,4320,TABLA 8.3
2023,Total,Más de 15 años,Turismo,30060,TABLA 8.3
2023,Total,Más de 15 años,Furgoneta,2031,TABLA 8.3
2023,Total,Más de 15 años,Autobús,195,TABLA 8.3
2023,Total,Más de 15 años,Camión hasta 3.500 kg,516,TABLA 8.3
2023,Total,Más de 15 años,Camión más 3.500 kg,639,TABLA 8.3
2023,Total,Más de 15 años,Otro vehículo,372,TABLA 8.3
2023,Total,Más de 15 años,Se desconoce,27,TABLA 8.3
2023,Total,Se desconoce,Total,41356,TABLA 8.3
2023,Total,Se desconoce,Ciclomotor,1059,TABLA 8.3
2023,Total,Se desconoce,Motocicleta,9345,TABLA 8.3
2023,Total,Se desconoce,Turismo,22819,TABLA 8.3
2023,Total,Se desconoce,Furgoneta,2762,TABLA 8.3
2023,Total,Se desconoce,Autobús,1003,TABLA 8.3
2023,Total,Se desconoce,Camión hasta 3.500 kg,521,TABLA 8.3
2023,Total,Se desconoce,Camión más 3.500 kg,990,TABLA 8.3
2023,Total,Se desconoce,Otro vehículo,1841,TABLA 8.3
2023,Total,Se desconoce,Se desconoce,1016,TABLA 8.3
2023,Total,Total,Total,160876,TABLA 8.3
2023,Total,Total,Ciclomotor,5279,TABLA 8.3
2023,Total,Total,Motocicleta,29436,TABLA 8.3
2023,Total,Total,Turismo,104060,TABLA 8.3
2023,Total,Total,Furgoneta,10005,TABLA 8.3
2023,Total,Total,Autobús,2690,TABLA 8.3
2023,Total,Total,Camión hasta 3.500 kg,1663,TABLA 8.3
2023,Total,Total,Camión más 3.500 kg,3855,TABLA 8.3
2023,Total,Total,Otro vehículo,2780,TABLA 8.3
2023,Total,Total,Se desconoce,1108,TABLA 8.3
2024,Vías interurbanas,Menos de un año,Total,1559,TABLA 8.3
2024,Vías interurbanas,Menos de un año,Ciclomotor,15,TABLA 8.3
2024,Vías interurbanas,Menos de un año,Motocicleta,417,TABLA 8.3
2024,Vías interurbanas,Menos de un año,Turismo,892,TABLA 8.3
2024,Vías interurbanas,Menos de un año,Furgoneta,90,TABLA 8.3
2024,Vías interurbanas,Menos de un año,Autobús,11,TABLA 8.3
2024,Vías interurbanas,Menos de un año,Camión hasta 3.500 kg,13,TABLA 8.3
2024,Vías interurbanas,Menos de un año,Camión más 3.500 kg,97,TABLA 8.3
2024,Vías interurbanas,Menos de un año,Otro vehículo,19,TABLA 8.3
2024,Vías interurbanas,Menos de un año,Se desconoce,5,TABLA 8.3
2024,Vías interurbanas,Un año,Total,2696,TABLA 8.3
2024,Vías interurbanas,Un año,Ciclomotor,26,TABLA 8.3
2024,Vías interurbanas,Un año,Motocicleta,625,TABLA 8.3
2024,Vías interurbanas,Un año,Turismo,1554,TABLA 8.3
2024,Vías interurbanas,Un año,Furgoneta,200,TABLA 8.3
2024,Vías interurbanas,Un año,Autobús,24,TABLA 8.3
2024,Vías interurbanas,Un año,Camión hasta 3.500 kg,40,TABLA 8.3
2024,Vías interurbanas,Un año,Camión más 3.500 kg,188,TABLA 8.3
2024,Vías interurbanas,Un año,Otro vehículo,37,TABLA 8.3
2024,Vías interurbanas,Un año,Se desconoce,2,TABLA 8.3
2024,Vías interurbanas,Dos años,Total,2141,TABLA 8.3
2024,Vías interurbanas,Dos años,Ciclomotor,22,TABLA 8.3
2024,Vías interurbanas,Dos años,Motocicleta,421,TABLA 8.3
2024,Vías interurbanas,Dos años,Turismo,1307,TABLA 8.3
2024,Vías interurbanas,Dos años,Furgoneta,168,TABLA 8.3
2024,Vías interurbanas,Dos años,Autobús,10,TABLA 8.3
2024,Vías interurbanas,Dos años,Camión hasta 3.500 kg,25,TABLA 8.3
2024,Vías interurbanas,Dos años,Camión más 3.500 kg,158,TABLA 8.3
2024,Vías interurbanas,Dos años,Otro vehículo,26,TABLA 8.3
2024,Vías interurbanas,Dos años,Se desconoce,4,TABLA 8.3
2024,Vías interurbanas,Tres años,Total,1893,TABLA 8.3
2024,Vías interurbanas,Tres años,Ciclomotor,20,TABLA 8.3
2024,Vías interurbanas,Tres años,Motocicleta,306,TABLA 8.3
2024,Vías interurbanas,Tres años,Turismo,1167,TABLA 8.3
2024,Vías interurbanas,Tres años,Furgoneta,179,TABLA 8.3
2024,Vías interurbanas,Tres años,Autobús,6,TABLA 8.3
2024,Vías interurbanas,Tres años,Camión hasta 3.500 kg,38,TABLA 8.3
2024,Vías interurbanas,Tres años,Camión más 3.500 kg,147,TABLA 8.3
2024,Vías interurbanas,Tres años,Otro vehículo,28,TABLA 8.3
2024,Vías interurbanas,Tres años,Se desconoce,2,TABLA 8.3
2024,Vías interurbanas,Cuatro años,Total,1739,TABLA 8.3
2024,Vías interurbanas,Cuatro años,Ciclomotor,19,TABLA 8.3
2024,Vías interurbanas,Cuatro años,Motocicleta,256,TABLA 8.3
2024,Vías interurbanas,Cuatro años,Turismo,1135,TABLA 8.3
2024,Vías interurbanas,Cuatro años,Furgoneta,143,TABLA 8.3
2024,Vías interurbanas,Cuatro años,Autobús,11,TABLA 8.3
2024,Vías interurbanas,Cuatro años,Camión hasta 3.500 kg,27,TABLA 8.3
2024,Vías interurbanas,Cuatro años,Camión más 3.500 kg,123,TABLA 8.3
2024,Vías interurbanas,Cuatro años,Otro vehículo,22,TABLA 8.3
2024,Vías interurbanas,Cuatro años,Se desconoce,3,TABLA 8.3
2024,Vías interurbanas,Cinco años,Total,2232,TABLA 8.3
2024,Vías interurbanas,Cinco años,Ciclomotor,17,TABLA 8.3
2024,Vías interurbanas,Cinco años,Motocicleta,281,TABLA 8.3
2024,Vías interurbanas,Cinco años,Turismo,1548,TABLA 8.3
2024,Vías interurbanas,Cinco años,Furgoneta,163,TABLA 8.3
2024,Vías interurbanas,Cinco años,Autobús,19,TABLA 8.3
2024,Vías interurbanas,Cinco años,Camión hasta 3.500 kg,30,TABLA 8.3
2024,Vías interurbanas,Cinco años,Camión más 3.500 kg,144,TABLA 8.3
2024,Vías interurbanas,Cinco años,Otro vehículo,26,TABLA 8.3
2024,Vías interurbanas,Cinco años,Se desconoce,4,TABLA 8.3
2024,Vías interurbanas,De 6 a 7 años,Total,4222,TABLA 8.3
2024,Vías interurbanas,De 6 a 7 años,Ciclomotor,28,TABLA 8.3
2024,Vías interurbanas,De 6 a 7 años,Motocicleta,414,TABLA 8.3
2024,Vías interurbanas,De 6 a 7 años,Turismo,3021,TABLA 8.3
2024,Vías interurbanas,De 6 a 7 años,Furgoneta,321,TABLA 8.3
2024,Vías interurbanas,De 6 a 7 años,Autobús,39,TABLA 8.3
2024,Vías interurbanas,De 6 a 7 años,Camión hasta 3.500 kg,55,TABLA 8.3
2024,Vías interurbanas,De 6 a 7 años,Camión más 3.500 kg,308,TABLA 8.3
2024,Vías interurbanas,De 6 a 7 años,Otro vehículo,33,TABLA 8.3
2024,Vías interurbanas,De 6 a 7 años,Se desconoce,3,TABLA 8.3
2024,Vías interurbanas,De 8 a 10 años,Total,4762,TABLA 8.3
2024,Vías interurbanas,De 8 a 10 años,Ciclomotor,36,TABLA 8.3
2024,Vías interurbanas,De 8 a 10 años,Motocicleta,470,TABLA 8.3
2024,Vías interurbanas,De 8 a 10 años,Turismo,3525,TABLA 8.3
2024,Vías interurbanas,De 8 a 10 años,Furgoneta,289,TABLA 8.3
2024,Vías interurbanas,De 8 a 10 años,Autobús,45,TABLA 8.3
2024,Vías interurbanas,De 8 a 10 años,Camión hasta 3.500 kg,51,TABLA 8.3
2024,Vías interurbanas,De 8 a 10 años,Camión más 3.500 kg,308,TABLA 8.3
2024,Vías interurbanas,De 8 a 10 años,Otro vehículo,35,TABLA 8.3
2024,Vías interurbanas,De 8 a 10 años,Se desconoce,3,TABLA 8.3
2024,Vías interurbanas,De 11 a 15 años,Total,5628,TABLA 8.3
2024,Vías interurbanas,De 11 a 15 años,Ciclomotor,54,TABLA 8.3
2024,Vías interurbanas,De 11 a 15 años,Motocicleta,578,TABLA 8.3
2024,Vías interurbanas,De 11 a 15 años,Turismo,4395,TABLA 8.3
2024,Vías interurbanas,De 11 a 15 años,Furgoneta,266,TABLA 8.3
2024,Vías interurbanas,De 11 a 15 años,Autobús,26,TABLA 8.3
2024,Vías interurbanas,De 11 a 15 años,Camión hasta 3.500 kg,42,TABLA 8.3
2024,Vías interurbanas,De 11 a 15 años,Camión más 3.500 kg,217,TABLA 8.3
2024,Vías interurbanas,De 11 a 15 años,Otro vehículo,48,TABLA 8.3
2024,Vías interurbanas,De 11 a 15 años,Se desconoce,2,TABLA 8.3
2024,Vías interurbanas,Más de 15 años,Total,17042,TABLA 8.3
2024,Vías interurbanas,Más de 15 años,Ciclomotor,226,TABLA 8.3
2024,Vías interurbanas,Más de 15 años,Motocicleta,1443,TABLA 8.3
2024,Vías interurbanas,Más de 15 años,Turismo,13579,TABLA 8.3
2024,Vías interurbanas,Más de 15 años,Furgoneta,872,TABLA 8.3
2024,Vías interurbanas,Más de 15 años,Autobús,42,TABLA 8.3
2024,Vías interurbanas,Más de 15 años,Camión hasta 3.500 kg,201,TABLA 8.3
2024,Vías interurbanas,Más de 15 años,Camión más 3.500 kg,476,TABLA 8.3
2024,Vías interurbanas,Más de 15 años,Otro vehículo,197,TABLA 8.3
2024,Vías interurbanas,Más de 15 años,Se desconoce,6,TABLA 8.3
2024,Vías interurbanas,Se desconoce,Total,15443,TABLA 8.3
2024,Vías interurbanas,Se desconoce,Ciclomotor,135,TABLA 8.3
2024,Vías interurbanas,Se desconoce,Motocicleta,2741,TABLA 8.3
2024,Vías interurbanas,Se desconoce,Turismo,9827,TABLA 8.3
2024,Vías interurbanas,Se desconoce,Furgoneta,1194,TABLA 8.3
2024,Vías interurbanas,Se desconoce,Autobús,72,TABLA 8.3
2024,Vías interurbanas,Se desconoce,Camión hasta 3.500 kg,251,TABLA 8.3
2024,Vías interurbanas,Se desconoce,Camión más 3.500 kg,819,TABLA 8.3
2024,Vías interurbanas,Se desconoce,Otro vehículo,165,TABLA 8.3
2024,Vías interurbanas,Se desconoce,Se desconoce,215,TABLA 8.3
2024,Vías interurbanas,Total,Total,59357,TABLA 8.3
2024,Vías interurbanas,Total,Ciclomotor,598,TABLA 8.3
2024,Vías interurbanas,Total,Motocicleta,7952,TABLA 8.3
2024,Vías interurbanas,Total,Turismo,41950,TABLA 8.3
2024,Vías interurbanas,Total,Furgoneta,3885,TABLA 8.3
2024,Vías interurbanas,Total,Autobús,305,TABLA 8.3
2024,Vías interurbanas,Total,Camión hasta 3.500 kg,773,TABLA 8.3
2024,Vías interurbanas,Total,Camión más 3.500 kg,2985,TABLA 8.3
2024,Vías interurbanas,Total,Otro vehículo,636,TABLA 8.3
2024,Vías interurbanas,Total,Se desconoce,249,TABLA 8.3
2024,Vías urbanas,Menos de un año,Total,2735,TABLA 8.3
2024,Vías urbanas,Menos de un año,Ciclomotor,99,TABLA 8.3
2024,Vías urbanas,Menos de un año,Motocicleta,848,TABLA 8.3
2024,Vías urbanas,Menos de un año,Turismo,1487,TABLA 8.3
2024,Vías urbanas,Menos de un año,Furgoneta,156,TABLA 8.3
2024,Vías urbanas,Menos de un año,Autobús,65,TABLA 8.3
2024,Vías urbanas,Menos de un año,Camión hasta 3.500 kg,20,TABLA 8.3
2024,Vías urbanas,Menos de un año,Camión más 3.500 kg,30,TABLA 8.3
2024,Vías urbanas,Menos de un año,Otro vehículo,25,TABLA 8.3
2024,Vías urbanas,Menos de un año,Se desconoce,5,TABLA 8.3
2024,Vías urbanas,Un año,Total,5074,TABLA 8.3
2024,Vías urbanas,Un año,Ciclomotor,250,TABLA 8.3
2024,Vías urbanas,Un año,Motocicleta,1555,TABLA 8.3
2024,Vías urbanas,Un año,Turismo,2586,TABLA 8.3
2024,Vías urbanas,Un año,Furgoneta,351,TABLA 8.3
2024,Vías urbanas,Un año,Autobús,177,TABLA 8.3
2024,Vías urbanas,Un año,Camión hasta 3.500 kg,36,TABLA 8.3
2024,Vías urbanas,Un año,Camión más 3.500 kg,68,TABLA 8.3
2024,Vías urbanas,Un año,Otro vehículo,42,TABLA 8.3
2024,Vías urbanas,Un año,Se desconoce,9,TABLA 8.3
2024,Vías urbanas,Dos años,Total,4221,TABLA 8.3
2024,Vías urbanas,Dos años,Ciclomotor,232,TABLA 8.3
2024,Vías urbanas,Dos años,Motocicleta,1175,TABLA 8.3
2024,Vías urbanas,Dos años,Turismo,2309,TABLA 8.3
2024,Vías urbanas,Dos años,Furgoneta,286,TABLA 8.3
2024,Vías urbanas,Dos años,Autobús,124,TABLA 8.3
2024,Vías urbanas,Dos años,Camión hasta 3.500 kg,25,TABLA 8.3
2024,Vías urbanas,Dos años,Camión más 3.500 kg,36,TABLA 8.3
2024,Vías urbanas,Dos años,Otro vehículo,28,TABLA 8.3
2024,Vías urbanas,Dos años,Se desconoce,6,TABLA 8.3
2024,Vías urbanas,Tres años,Total,3909,TABLA 8.3
2024,Vías urbanas,Tres años,Ciclomotor,149,TABLA 8.3
2024,Vías urbanas,Tres años,Motocicleta,1000,TABLA 8.3
2024,Vías urbanas,Tres años,Turismo,2230,TABLA 8.3
2024,Vías urbanas,Tres años,Furgoneta,312,TABLA 8.3
2024,Vías urbanas,Tres años,Autobús,106,TABLA 8.3
2024,Vías urbanas,Tres años,Camión hasta 3.500 kg,29,TABLA 8.3
2024,Vías urbanas,Tres años,Camión más 3.500 kg,52,TABLA 8.3
2024,Vías urbanas,Tres años,Otro vehículo,28,TABLA 8.3
2024,Vías urbanas,Tres años,Se desconoce,3,TABLA 8.3
2024,Vías urbanas,Cuatro años,Total,3635,TABLA 8.3
2024,Vías urbanas,Cuatro años,Ciclomotor,254,TABLA 8.3
2024,Vías urbanas,Cuatro años,Motocicleta,980,TABLA 8.3
2024,Vías urbanas,Cuatro años,Turismo,1883,TABLA 8.3
2024,Vías urbanas,Cuatro años,Furgoneta,294,TABLA 8.3
2024,Vías urbanas,Cuatro años,Autobús,140,TABLA 8.3
2024,Vías urbanas,Cuatro años,Camión hasta 3.500 kg,20,TABLA 8.3
2024,Vías urbanas,Cuatro años,Camión más 3.500 kg,43,TABLA 8.3
2024,Vías urbanas,Cuatro años,Otro vehículo,15,TABLA 8.3
2024,Vías urbanas,Cuatro años,Se desconoce,6,TABLA 8.3
2024,Vías urbanas,Cinco años,Total,4475,TABLA 8.3
2024,Vías urbanas,Cinco años,Ciclomotor,195,TABLA 8.3
2024,Vías urbanas,Cinco años,Motocicleta,1014,TABLA 8.3
2024,Vías urbanas,Cinco años,Turismo,2765,TABLA 8.3
2024,Vías urbanas,Cinco años,Furgoneta,266,TABLA 8.3
2024,Vías urbanas,Cinco años,Autobús,134,TABLA 8.3
2024,Vías urbanas,Cinco años,Camión hasta 3.500 kg,20,TABLA 8.3
2024,Vías urbanas,Cinco años,Camión más 3.500 kg,46,TABLA 8.3
2024,Vías urbanas,Cinco años,Otro vehículo,28,TABLA 8.3
2024,Vías urbanas,Cinco años,Se desconoce,7,TABLA 8.3
2024,Vías urbanas,De 6 a 7 años,Total,8033,TABLA 8.3
2024,Vías urbanas,De 6 a 7 años,Ciclomotor,254,TABLA 8.3
2024,Vías urbanas,De 6 a 7 años,Motocicleta,1409,TABLA 8.3
2024,Vías urbanas,De 6 a 7 años,Turismo,5359,TABLA 8.3
2024,Vías urbanas,De 6 a 7 años,Furgoneta,580,TABLA 8.3
2024,Vías urbanas,De 6 a 7 años,Autobús,268,TABLA 8.3
2024,Vías urbanas,De 6 a 7 años,Camión hasta 3.500 kg,28,TABLA 8.3
2024,Vías urbanas,De 6 a 7 años,Camión más 3.500 kg,97,TABLA 8.3
2024,Vías urbanas,De 6 a 7 años,Otro vehículo,33,TABLA 8.3
2024,Vías urbanas,De 6 a 7 años,Se desconoce,5,TABLA 8.3
2024,Vías urbanas,De 8 a 10 años,Total,8870,TABLA 8.3
2024,Vías urbanas,De 8 a 10 años,Ciclomotor,245,TABLA 8.3
2024,Vías urbanas,De 8 a 10 años,Motocicleta,1796,TABLA 8.3
2024,Vías urbanas,De 8 a 10 años,Turismo,5857,TABLA 8.3
2024,Vías urbanas,De 8 a 10 años,Furgoneta,580,TABLA 8.3
2024,Vías urbanas,De 8 a 10 años,Autobús,187,TABLA 8.3
2024,Vías urbanas,De 8 a 10 años,Camión hasta 3.500 kg,54,TABLA 8.3
2024,Vías urbanas,De 8 a 10 años,Camión más 3.500 kg,104,TABLA 8.3
2024,Vías urbanas,De 8 a 10 años,Otro vehículo,40,TABLA 8.3
2024,Vías urbanas,De 8 a 10 años,Se desconoce,7,TABLA 8.3
2024,Vías urbanas,De 11 a 15 años,Total,10108,TABLA 8.3
2024,Vías urbanas,De 11 a 15 años,Ciclomotor,370,TABLA 8.3
2024,Vías urbanas,De 11 a 15 años,Motocicleta,1861,TABLA 8.3
2024,Vías urbanas,De 11 a 15 años,Turismo,7049,TABLA 8.3
2024,Vías urbanas,De 11 a 15 años,Furgoneta,500,TABLA 8.3
2024,Vías urbanas,De 11 a 15 años,Autobús,155,TABLA 8.3
2024,Vías urbanas,De 11 a 15 años,Camión hasta 3.500 kg,62,TABLA 8.3
2024,Vías urbanas,De 11 a 15 años,Camión más 3.500 kg,81,TABLA 8.3
2024,Vías urbanas,De 11 a 15 años,Otro vehículo,25,TABLA 8.3
2024,Vías urbanas,De 11 a 15 años,Se desconoce,5,TABLA 8.3
2024,Vías urbanas,Más de 15 años,Total,23793,TABLA 8.3
2024,Vías urbanas,Más de 15 años,Ciclomotor,1359,TABLA 8.3
2024,Vías urbanas,Más de 15 años,Motocicleta,3140,TABLA 8.3
2024,Vías urbanas,Más de 15 años,Turismo,17264,TABLA 8.3
2024,Vías urbanas,Más de 15 años,Furgoneta,1178,TABLA 8.3
2024,Vías urbanas,Más de 15 años,Autobús,205,TABLA 8.3
2024,Vías urbanas,Más de 15 años,Camión hasta 3.500 kg,283,TABLA 8.3
2024,Vías urbanas,Más de 15 años,Camión más 3.500 kg,205,TABLA 8.3
2024,Vías urbanas,Más de 15 años,Otro vehículo,140,TABLA 8.3
2024,Vías urbanas,Más de 15 años,Se desconoce,19,TABLA 8.3
2024,Vías urbanas,Se desconoce,Total,26135,TABLA 8.3
2024,Vías urbanas,Se desconoce,Ciclomotor,828,TABLA 8.3
2024,Vías urbanas,Se desconoce,Motocicleta,6572,TABLA 8.3
2024,Vías urbanas,Se desconoce,Turismo,13603,TABLA 8.3
2024,Vías urbanas,Se desconoce,Furgoneta,1598,TABLA 8.3
2024,Vías urbanas,Se desconoce,Autobús,1017,TABLA 8.3
2024,Vías urbanas,Se desconoce,Camión hasta 3.500 kg,299,TABLA 8.3
2024,Vías urbanas,Se desconoce,Camión más 3.500 kg,199,TABLA 8.3
2024,Vías urbanas,Se desconoce,Otro vehículo,883,TABLA 8.3
2024,Vías urbanas,Se desconoce,Se desconoce,1073,TABLA 8.3
2024,Vías urbanas,Total,Total,100988,TABLA 8.3
2024,Vías urbanas,Total,Ciclomotor,4235,TABLA 8.3
2024,Vías urbanas,Total,Motocicleta,21350,TABLA 8.3
2024,Vías urbanas,Total,Turismo,62392,TABLA 8.3
2024,Vías urbanas,Total,Furgoneta,6101,TABLA 8.3
2024,Vías urbanas,Total,Autobús,2578,TABLA 8.3
2024,Vías urbanas,Total,Camión hasta 3.500 kg,876,TABLA 8.3
2024,Vías urbanas,Total,Camión más 3.500 kg,961,TABLA 8.3
2024,Vías urbanas,Total,Otro vehículo,1287,TABLA 8.3
2024,Vías urbanas,Total,Se desconoce,1145,TABLA 8.3
2024,Total,Menos de un año,Total,4294,TABLA 8.3
2024,Total,Menos de un año,Ciclomotor,114,TABLA 8.3
2024,Total,Menos de un año,Motocicleta,1265,TABLA 8.3
2024,Total,Menos de un año,Turismo,2379,TABLA 8.3
2024,Total,Menos de un año,Furgoneta,246,TABLA 8.3
2024,Total,Menos de un año,Autobús,76,TABLA 8.3
2024,Total,Menos de un año,Camión hasta 3.500 kg,33,TABLA 8.3
2024,Total,Menos de un año,Camión más 3.500 kg,127,TABLA 8.3
2024,Total,Menos de un año,Otro vehículo,44,TABLA 8.3
2024,Total,Menos de un año,Se desconoce,10,TABLA 8.3
2024,Total,Un año,Total,7770,TABLA 8.3
2024,Total,Un año,Ciclomotor,276,TABLA 8.3
2024,Total,Un año,Motocicleta,2180,TABLA 8.3
2024,Total,Un año,Turismo,4140,TABLA 8.3
2024,Total,Un año,Furgoneta,551,TABLA 8.3
2024,Total,Un año,Autobús,201,TABLA 8.3
2024,Total,Un año,Camión hasta 3.500 kg,76,TABLA 8.3
2024,Total,Un año,Camión más 3.500 kg,256,TABLA 8.3
2024,Total,Un año,Otro vehículo,79,TABLA 8.3
2024,Total,Un año,Se desconoce,11,TABLA 8.3
2024,Total,Dos años,Total,6362,TABLA 8.3
2024,Total,Dos años,Ciclomotor,254,TABLA 8.3
2024,Total,Dos años,Motocicleta,1596,TABLA 8.3
2024,Total,Dos años,Turismo,3616,TABLA 8.3
2024,Total,Dos años,Furgoneta,454,TABLA 8.3
2024,Total,Dos años,Autobús,134,TABLA 8.3
2024,Total,Dos años,Camión hasta 3.500 kg,50,TABLA 8.3
2024,Total,Dos años,Camión más 3.500 kg,194,TABLA 8.3
2024,Total,Dos años,Otro vehículo,54,TABLA 8.3
2024,Total,Dos años,Se desconoce,10,TABLA 8.3
2024,Total,Tres años,Total,5802,TABLA 8.3
2024,Total,Tres años,Ciclomotor,169,TABLA 8.3
2024,Total,Tres años,Motocicleta,1306,TABLA 8.3
2024,Total,Tres años,Turismo,3397,TABLA 8.3
2024,Total,Tres años,Furgoneta,491,TABLA 8.3
2024,Total,Tres años,Autobús,112,TABLA 8.3
2024,Total,Tres años,Camión hasta 3.500 kg,67,TABLA 8.3
2024,Total,Tres años,Camión más 3.500 kg,199,TABLA 8.3
2024,Total,Tres años,Otro vehículo,56,TABLA 8.3
2024,Total,Tres años,Se desconoce,5,TABLA 8.3
2024,Total,Cuatro años,Total,5374,TABLA 8.3
2024,Total,Cuatro años,Ciclomotor,273,TABLA 8.3
2024,Total,Cuatro años,Motocicleta,1236,TABLA 8.3
2024,Total,Cuatro años,Turismo,3018,TABLA 8.3
2024,Total,Cuatro años,Furgoneta,437,TABLA 8.3
2024,Total,Cuatro años,Autobús,151,TABLA 8.3
2024,Total,Cuatro años,Camión hasta 3.500 kg,47,TABLA 8.3
2024,Total,Cuatro años,Camión más 3.500 kg,166,TABLA 8.3
2024,Total,Cuatro años,Otro vehículo,37,TABLA 8.3
2024,Total,Cuatro años,Se desconoce,9,TABLA 8.3
2024,Total,Cinco años,Total,6707,TABLA 8.3
2024,Total,Cinco años,Ciclomotor,212,TABLA 8.3
2024,Total,Cinco años,Motocicleta,1295,TABLA 8.3
2024,Total,Cinco años,Turismo,4313,TABLA 8.3
2024,Total,Cinco años,Furgoneta,429,TABLA 8.3
2024,Total,Cinco años,Autobús,153,TABLA 8.3
2024,Total,Cinco años,Camión hasta 3.500 kg,50,TABLA 8.3
2024,Total,Cinco años,Camión más 3.500 kg,190,TABLA 8.3
2024,Total,Cinco años,Otro vehículo,54,TABLA 8.3
2024,Total,Cinco años,Se desconoce,11,TABLA 8.3
2024,Total,De 6 a 7 años,Total,12255,TABLA 8.3
2024,Total,De 6 a 7 años,Ciclomotor,282,TABLA 8.3
2024,Total,De 6 a 7 años,Motocicleta,1823,TABLA 8.3
2024,Total,De 6 a 7 años,Turismo,8380,TABLA 8.3
2024,Total,De 6 a 7 años,Furgoneta,901,TABLA 8.3
2024,Total,De 6 a 7 años,Autobús,307,TABLA 8.3
2024,Total,De 6 a 7 años,Camión hasta 3.500 kg,83,TABLA 8.3
2024,Total,De 6 a 7 años,Camión más 3.500 kg,405,TABLA 8.3
2024,Total,De 6 a 7 años,Otro vehículo,66,TABLA 8.3
2024,Total,De 6 a 7 años,Se desconoce,8,TABLA 8.3
2024,Total,De 8 a 10 años,Total,13632,TABLA 8.3
2024,Total,De 8 a 10 años,Ciclomotor,281,TABLA 8.3
2024,Total,De 8 a 10 años,Motocicleta,2266,TABLA 8.3
2024,Total,De 8 a 10 años,Turismo,9382,TABLA 8.3
2024,Total,De 8 a 10 años,Furgoneta,869,TABLA 8.3
2024,Total,De 8 a 10 años,Autobús,232,TABLA 8.3
2024,Total,De 8 a 10 años,Camión hasta 3.500 kg,105,TABLA 8.3
2024,Total,De 8 a 10 años,Camión más 3.500 kg,412,TABLA 8.3
2024,Total,De 8 a 10 años,Otro vehículo,75,TABLA 8.3
2024,Total,De 8 a 10 años,Se desconoce,10,TABLA 8.3
2024,Total,De 11 a 15 años,Total,15736,TABLA 8.3
2024,Total,De 11 a 15 años,Ciclomotor,424,TABLA 8.3
2024,Total,De 11 a 15 años,Motocicleta,2439,TABLA 8.3
2024,Total,De 11 a 15 años,Turismo,11444,TABLA 8.3
2024,Total,De 11 a 15 años,Furgoneta,766,TABLA 8.3
2024,Total,De 11 a 15 años,Autobús,181,TABLA 8.3
2024,Total,De 11 a 15 años,Camión hasta 3.500 kg,104,TABLA 8.3
2024,Total,De 11 a 15 años,Camión más 3.500 kg,298,TABLA 8.3
2024,Total,De 11 a 15 años,Otro vehículo,73,TABLA 8.3
2024,Total,De 11 a 15 años,Se desconoce,7,TABLA 8.3
2024,Total,Más de 15 años,Total,40835,TABLA 8.3
2024,Total,Más de 15 años,Ciclomotor,1585,TABLA 8.3
2024,Total,Más de 15 años,Motocicleta,4583,TABLA 8.3
2024,Total,Más de 15 años,Turismo,30843,TABLA 8.3
2024,Total,Más de 15 años,Furgoneta,2050,TABLA 8.3
2024,Total,Más de 15 años,Autobús,247,TABLA 8.3
2024,Total,Más de 15 años,Camión hasta 3.500 kg,484,TABLA 8.3
2024,Total,Más de 15 años,Camión más 3.500 kg,681,TABLA 8.3
2024,Total,Más de 15 años,Otro vehículo,337,TABLA 8.3
2024,Total,Más de 15 años,Se desconoce,25,TABLA 8.3
2024,Total,Se desconoce,Total,41578,TABLA 8.3
2024,Total,Se desconoce,Ciclomotor,963,TABLA 8.3
2024,Total,Se desconoce,Motocicleta,9313,TABLA 8.3
2024,Total,Se desconoce,Turismo,23430,TABLA 8.3
2024,Total,Se desconoce,Furgoneta,2792,TABLA 8.3
2024,Total,Se desconoce,Autobús,1089,TABLA 8.3
2024,Total,Se desconoce,Camión hasta 3.500 kg,550,TABLA 8.3
2024,Total,Se desconoce,Camión más 3.500 kg,1018,TABLA 8.3
2024,Total,Se desconoce,Otro vehículo,1048,TABLA 8.3
2024,Total,Se desconoce,Se desconoce,1288,TABLA 8.3
2024,Total,Total,Total,160345,TABLA 8.3
2024,Total,Total,Ciclomotor,4833,TABLA 8.3
2024,Total,Total,Motocicleta,29302,TABLA 8.3
2024,Total,Total,Turismo,104342,TABLA 8.3
2024,Total,Total,Furgoneta,9986,TABLA 8.3
2024,Total,Total,Autobús,2883,TABLA 8.3
2024,Total,Total,Camión hasta 3.500 kg,1649,TABLA 8.3
2024,Total,Total,Camión más 3.500 kg,3946,TABLA 8.3
2024,Total,Total,Otro vehículo,1923,TABLA 8.3
2024,Total,Total,Se desconoce,1394,TABLA 8.3
