geo,fatalities,fatalities_status,population,population_status,country,year,fatalities_per_million_population,lower,upper,comparability
AT,370.0,,8978929.0,,Austria,2022,41.20758723005829,37.11525547711632,45.627893779658386,30-day fatality burden; population proxy; national reporting notes apply
AT,402.0,,9104772.0,,Austria,2023,44.15267070938185,39.941516392731735,48.68704284285187,30-day fatality burden; population proxy; national reporting notes apply
AT,351.0,,9158750.0,,Austria,2024,38.324007097038354,34.41913128388101,42.55056451475235,30-day fatality burden; population proxy; national reporting notes apply
BE,540.0,,11617623.0,,Belgium,2022,46.48110891530909,42.6428863143393,50.57206934098685,30-day fatality burden; population proxy; national reporting notes apply
BE,501.0,,11742796.0,,Belgium,2023,42.66445572247019,39.009854660372405,46.56923589780997,30-day fatality burden; population proxy; national reporting notes apply
BE,470.0,,11817096.0,,Belgium,2024,39.772884979524584,36.25797149466274,43.536523174440866,30-day fatality burden; population proxy; national reporting notes apply
BG,531.0,,6482484.0,,Bulgaria,2022,81.91304444407422,75.09315521958807,89.18593348388717,30-day fatality burden; population proxy; national reporting notes apply
BG,525.0,,6447710.0,,Bulgaria,2023,81.42425760463793,74.60728052454134,88.69671472743325,30-day fatality burden; population proxy; national reporting notes apply
BG,478.0,,6445481.0,,Bulgaria,2024,74.16048546260551,67.66039121972639,81.11653158058837,30-day fatality burden; population proxy; national reporting notes apply
CY,37.0,,929764.0,,Cyprus,2022,39.79504476404765,28.019384023371554,54.85222716940086,30-day fatality burden; population proxy; national reporting notes apply
CY,34.0,,949084.0,,Cyprus,2023,35.82401557712489,24.809172196109376,50.06047103860468,30-day fatality burden; population proxy; national reporting notes apply
CY,41.0,,966365.0,,Cyprus,2024,42.42703326382888,30.44637157642845,57.55706132334564,30-day fatality burden; population proxy; national reporting notes apply
CZ,527.0,,10516707.0,,Czechia,2022,50.11074283994029,45.92318074813116,54.577548524900905,30-day fatality burden; population proxy; national reporting notes apply
CZ,502.0,,10827529.0,,Czechia,2023,46.36330228254295,42.39573011995915,50.60219759227973,30-day fatality burden; population proxy; national reporting notes apply
CZ,494.0,,10900555.0,,Czechia,2024,45.31879340088647,41.4100357412806,49.49708845979202,30-day fatality burden; population proxy; national reporting notes apply
DE,2788.0,,83237124.0,,Germany,2022,33.49466999844925,32.26278357543431,34.76155061087543,30-day fatality burden; population proxy; national reporting notes apply
DE,2839.0,,83118501.0,b,Germany,2023,34.15605389707401,32.91107272655747,35.43607719533673,30-day fatality burden; population proxy; national reporting notes apply
DE,2770.0,,83456045.0,,Germany,2024,33.19112474117363,31.966479403687504,34.450673189154315,30-day fatality burden; population proxy; national reporting notes apply
DK,154.0,,5873420.0,,Denmark,2022,26.219817414726002,22.2422430727596,30.703452670569163,30-day fatality burden; population proxy; national reporting notes apply
DK,162.0,,5932654.0,,Denmark,2023,27.306497227042062,23.263442745046856,31.85023545556129,30-day fatality burden; population proxy; national reporting notes apply
DK,145.0,,5961249.0,,Denmark,2024,24.32376168148655,20.525874914165303,28.62064782198844,30-day fatality burden; population proxy; national reporting notes apply
EE,49.0,,1331796.0,,Estonia,2022,36.79242166217649,27.21923609083459,48.6415326318132,30-day fatality burden; population proxy; national reporting notes apply
EE,59.0,,1365884.0,,Estonia,2023,43.19546901493831,32.8823923764342,55.71900788249644,30-day fatality burden; population proxy; national reporting notes apply
EE,69.0,,1374687.0,,Estonia,2024,50.19324398935903,39.053339819787944,63.522762705288756,30-day fatality burden; population proxy; national reporting notes apply
EL,654.0,,10461627.0,,Greece,2022,62.51417681016538,57.814217760989926,67.49443723993276,30-day fatality burden; population proxy; national reporting notes apply
EL,646.0,,10401868.0,,Greece,2023,62.104229740273574,57.406835733346604,67.08355794246125,30-day fatality burden; population proxy; national reporting notes apply
EL,664.0,,10375764.0,,Greece,2024,63.99528747955331,59.21963749080891,69.05353084541544,30-day fatality burden; population proxy; national reporting notes apply
ES,1746.0,,47486843.0,,Spain,2022,36.768079107722535,35.06347664930296,38.53412339687853,30-day fatality burden; population proxy; national reporting notes apply
ES,1806.0,,48085361.0,,Spain,2023,37.55820820394798,35.84580464466999,39.33128071391785,30-day fatality burden; population proxy; national reporting notes apply
ES,1785.0,,48619695.0,,Spain,2024,36.71351702226845,35.02992266493207,38.45711633689941,30-day fatality burden; population proxy; national reporting notes apply
FI,196.0,,5548241.0,,Finland,2022,35.326511591691855,30.553751988246287,40.633413865232185,30-day fatality burden; population proxy; national reporting notes apply
FI,185.0,,5563970.0,,Finland,2023,33.24964009511194,28.6308195326269,38.40145360283617,30-day fatality burden; population proxy; national reporting notes apply
FI,181.0,,5603851.0,,Finland,2024,32.29921709196051,27.765000355503798,37.362771633046066,30-day fatality burden; population proxy; national reporting notes apply
FR,3260.0,,68091703.0,,France,2022,47.87661133985737,46.247091763828145,49.54888835558696,30-day fatality burden; population proxy; national reporting notes apply
FR,3154.0,,68277210.0,p,France,2023,46.19403751266345,44.59581266554923,47.8349077970038,30-day fatality burden; population proxy; national reporting notes apply
FR,3181.0,,68669303.0,p,France,2024,46.32346421224051,44.72751844501779,47.96181084142647,30-day fatality burden; population proxy; national reporting notes apply
HR,275.0,,3862305.0,,Croatia,2022,71.20100561711206,63.033587821803046,80.13295939262017,30-day fatality burden; population proxy; national reporting notes apply
HR,274.0,,3850894.0,,Croatia,2023,71.15230904823659,62.97605395744507,80.0953930576942,30-day fatality burden; population proxy; national reporting notes apply
HR,239.0,,3861967.0,,Croatia,2024,61.88556246078747,54.287795218979,70.24902321624938,30-day fatality burden; population proxy; national reporting notes apply
HU,537.0,,9610403.0,,Hungary,2022,55.87694917684513,51.250263707104054,60.809171145385186,30-day fatality burden; population proxy; national reporting notes apply
HU,472.0,,9599744.0,,Hungary,2023,49.167977812741675,44.83177919191815,53.81034180957623,30-day fatality burden; population proxy; national reporting notes apply
HU,497.0,,9584627.0,,Hungary,2024,51.853869743705204,47.394674348446756,56.6195951443078,30-day fatality burden; population proxy; national reporting notes apply
IE,152.0,,5154277.0,,Ireland,2022,29.490072031441073,24.988291183026174,34.568619100717655,30-day fatality burden; population proxy; national reporting notes apply
IE,180.0,,5271395.0,,Ireland,2023,34.14655892794981,29.340222203526057,39.515655135270094,30-day fatality burden; population proxy; national reporting notes apply
IE,171.0,,5351681.0,,Ireland,2024,31.952577143518084,27.342816929480417,37.11700047190694,30-day fatality burden; population proxy; national reporting notes apply
IT,3159.0,,59030133.0,,Italy,2022,53.51504120785227,51.66497677197081,55.414431260678306,30-day fatality burden; population proxy; national reporting notes apply
IT,3039.0,,58997201.0,,Italy,2023,51.51091828915748,49.6956299424295,53.375565534825476,30-day fatality burden; population proxy; national reporting notes apply
IT,3030.0,,58971230.0,,Italy,2024,51.380986966017154,49.56761428608653,53.24374072764007,30-day fatality burden; population proxy; national reporting notes apply
LT,120.0,,2805998.0,,Lithuania,2022,42.7655329761461,35.4568768851363,51.1370946698295,30-day fatality burden; population proxy; national reporting notes apply
LT,159.0,,2857279.0,,Lithuania,2023,55.647348403848554,47.33389299142962,65.00063519945076,30-day fatality burden; population proxy; national reporting notes apply
LT,124.0,,2885891.0,,Lithuania,2024,42.967665791951255,35.738281352645544,51.230040943817045,30-day fatality burden; population proxy; national reporting notes apply
LU,36.0,,645397.0,,Luxembourg,2022,55.77962091549852,39.06736073659349,77.22250721530499,30-day fatality burden; population proxy; national reporting notes apply
LU,26.0,,660809.0,,Luxembourg,2023,39.34571109049665,25.70192478552251,57.650582971970714,30-day fatality burden; population proxy; national reporting notes apply
LU,18.0,,672050.0,,Luxembourg,2024,26.783721449296927,15.873730794434232,42.32982704788034,30-day fatality burden; population proxy; national reporting notes apply
LV,115.0,,1875757.0,,Latvia,2022,61.308581015557984,50.61652136233443,73.59166652127145,30-day fatality burden; population proxy; national reporting notes apply
LV,138.0,,1895239.0,,Latvia,2023,72.81403559128954,61.17271313964572,86.02594807500012,30-day fatality burden; population proxy; national reporting notes apply
LV,112.0,,1878575.0,,Latvia,2024,59.61965851775947,49.09064239253604,71.73794141417585,30-day fatality burden; population proxy; national reporting notes apply
MT,28.0,,520174.0,,Malta,2022,53.828142121674674,35.76840952423138,77.79665254947037,30-day fatality burden; population proxy; national reporting notes apply
MT,16.0,,542051.0,,Malta,2023,29.51751772434697,16.871811791955977,47.93459950735436,30-day fatality burden; population proxy; national reporting notes apply
MT,12.0,,563443.0,,Malta,2024,21.29762904144696,11.004795709099623,37.202671873067835,30-day fatality burden; population proxy; national reporting notes apply
NL,655.0,,17590672.0,,Netherlands,2022,37.23564398221967,34.438279040738166,40.19970975056997,30-day fatality burden; population proxy; national reporting notes apply
NL,608.0,,17811291.0,,Netherlands,2023,34.13565024567843,31.475870829197998,36.960146236199904,30-day fatality burden; population proxy; national reporting notes apply
NL,566.0,,17942942.0,,Netherlands,2024,31.54443680417626,28.998880790283646,34.25358055153967,30-day fatality burden; population proxy; national reporting notes apply
PL,1896.0,,36889761.0,ep,Poland,2022,51.39637527063404,49.10869965012729,53.763117224930376,30-day fatality burden; population proxy; national reporting notes apply
PL,1893.0,,36753736.0,ep,Poland,2023,51.50496809358374,49.210663672637665,53.87863195338523,30-day fatality burden; population proxy; national reporting notes apply
PL,1896.0,,36620970.0,,Poland,2024,51.77361495339965,49.469148226111415,54.15772834642733,30-day fatality burden; population proxy; national reporting notes apply
PT,618.0,,10421117.0,,Portugal,2022,59.30266400425214,54.71870488960545,64.16811845681299,30-day fatality burden; population proxy; national reporting notes apply
PT,642.0,,10516621.0,,Portugal,2023,61.04622387742223,56.41477571080702,65.95654116069332,30-day fatality burden; population proxy; national reporting notes apply
PT,618.0,,10639726.0,,Portugal,2024,58.08420254431364,53.594427689495994,62.84968899653126,30-day fatality burden; population proxy; national reporting notes apply
RO,1633.0,,19043098.0,e,Romania,2022,85.75285386862998,81.64367204727107,90.01529178383943,30-day fatality burden; population proxy; national reporting notes apply
RO,1545.0,,19055228.0,e,Romania,2023,81.08011092808756,77.08709558954645,85.2263202839343,30-day fatality burden; population proxy; national reporting notes apply
RO,1478.0,,19067576.0,e,Romania,2024,77.51378570616423,73.61193805065504,81.5687572610133,30-day fatality burden; population proxy; national reporting notes apply
SE,227.0,,10452326.0,,Sweden,2022,21.71765404178936,18.984140079084654,24.734234516237805,30-day fatality burden; population proxy; national reporting notes apply
SE,229.0,,10521556.0,,Sweden,2023,21.764841626086483,19.03697244483044,24.77388829147416,30-day fatality burden; population proxy; national reporting notes apply
SE,213.0,,10551707.0,,Sweden,2024,20.186307296061198,17.5662451191013,23.086965113881178,30-day fatality burden; population proxy; national reporting notes apply
SI,85.0,,2107180.0,,Slovenia,2022,40.33827200334096,32.22077895803609,49.8788980148345,30-day fatality burden; population proxy; national reporting notes apply
SI,84.0,,2116972.0,,Slovenia,2023,39.67931555070166,31.649776066847366,49.125692626018534,30-day fatality burden; population proxy; national reporting notes apply
SI,68.0,,2123949.0,,Slovenia,2024,32.015834655163566,24.861548348205382,40.58769921313061,30-day fatality burden; population proxy; national reporting notes apply
SK,266.0,,5434712.0,,Slovakia,2022,48.94463588870946,43.23897698334898,55.1938091566741,30-day fatality burden; population proxy; national reporting notes apply
SK,266.0,,5428792.0,,Slovakia,2023,48.998009133523624,43.286128309784296,55.2539970125005,30-day fatality burden; population proxy; national reporting notes apply
SK,262.0,,5424687.0,,Slovakia,2024,48.29771745355999,42.62600215973916,54.514034180773194,30-day fatality burden; population proxy; national reporting notes apply
