year,coverage,claims_share_pct,payments_share_pct,mean_cost_eur,source_page,source_table
2024,Asistencia en carretera,40.27,6.52,149,3,1
2024,Daños propios del vehículo,21.39,25.33,1090,3,1
2024,Resp. civil material,15.85,23.48,1363,3,1
2024,Rotura de lunas,13.94,7.11,470,3,1
2024,Resp. civil corporal,4.26,33.45,7218,3,1
2024,Defensa jurídica,1.82,0.88,444,3,1
2024,Robo,1.02,1.51,1361,3,1
2024,Reclamación de daños,0.92,0.32,322,3,1
2024,Accidentes del conductor,0.41,0.84,1871,3,1
2024,Incendio del vehículo,0.12,0.56,4436,3,1
2024,Retirada de carnet,0.01,0.01,887,3,1
