year,province_source,all_coverage_claims,all_coverage_payments_eur,source_page,source_table
2024,Madrid,2772819,1812759937,3,2
2024,Barcelona,842527,938284444,3,2
2024,Valencia,584498,481300216,3,2
2024,Sevilla,436148,429788520,3,2
2024,Málaga,418391,471279472,3,2
2024,Alicante,331587,349255968,3,2
2024,Toledo,264576,209370009,3,2
2024,Murcia,250871,314572427,3,2
2024,La Coruña,249525,277506772,3,2
2024,Cádiz,249106,264076265,3,2
2024,Las Palmas,236549,197924539,3,2
2024,Baleares,233083,248156793,3,2
2024,Asturias,216853,212524184,3,2
2024,Pontevedra,207239,239129677,3,2
2024,S. C. Tenerife,204030,179635674,3,2
2024,Granada,194953,204207538,3,2
2024,Zaragoza,193119,183433613,3,2
2024,Vizcaya,192372,211097965,4,2
2024,Badajoz,159083,143326988,4,2
2024,Tarragona,158964,160672562,4,2
2024,Almería,150021,175970585,4,2
2024,Córdoba,148742,141411375,4,2
2024,Gerona,134197,145315730,4,2
2024,Valladolid,133748,118013708,4,2
2024,Jaén,130552,127148839,4,2
2024,Cantabria,127510,132929974,4,2
2024,Navarra,126173,132667820,4,2
2024,Castellón,125576,110897466,4,2
2024,Guipúzcoa,119914,136408242,4,2
2024,Huelva,110936,94890650,4,2
2024,Guadalajara,109780,84771024,4,2
2024,Cáceres,107411,88264614,4,2
2024,Ciudad Real,107127,105193062,4,2
2024,León,96016,103514108,4,2
2024,Burgos,83926,88117704,4,2
2024,Albacete,78050,73705151,4,2
2024,Lugo,74890,80847281,4,2
2024,Salamanca,74806,62246885,4,2
2024,Lérida,74210,88159345,4,2
2024,Orense,71434,76620620,4,2
2024,La Rioja,61641,69067411,4,2
2024,Álava,58207,70040534,4,2
2024,Cuenca,56929,48111391,4,2
2024,Segovia,54024,43694425,4,2
2024,Ávila,49706,42399444,4,2
2024,Zamora,46780,46123772,4,2
2024,Huesca,44984,50089636,4,2
2024,Teruel,38413,33551082,4,2
2024,Palencia,37650,34301769,4,2
2024,Soria,23862,31975011,4,2
