state,location,year,total_crashes,injury_crashes,serious_property_crashes,intoxicant_property_crashes,other_property_crashes,property_only_crashes,property_only_share_pct
Deutschland,Total,2024,2512697.0,290701.0,64039.0,14905.0,2143052.0,2221996.0,88.4307180690708
Deutschland,Urbana,2024,1854807.0,202329.0,36790.0,11816.0,1603872.0,1652478.0,89.09164134058153
Deutschland,Interurbana sin autopistas,2024,492718.0,68912.0,16802.0,2157.0,404847.0,423806.0,86.01390653477242
Deutschland,Autopista,2024,165172.0,19460.0,10447.0,932.0,134333.0,145712.0,88.21834209187998
Baden-Württemberg,Total,2024,309623.0,33464.0,10219.0,1748.0,264192.0,276159.0,89.19201738888907
Baden-Württemberg,Urbana,2024,234945.0,21606.0,5732.0,1416.0,206191.0,213339.0,90.8038051458852
Baden-Württemberg,Interurbana sin autopistas,2024,57401.0,9782.0,3045.0,257.0,44317.0,47619.0,82.95848504381456
Baden-Württemberg,Autopista,2024,17277.0,2076.0,1442.0,75.0,13684.0,15201.0,87.98402500434102
Bayern,Total,2024,381063.0,49374.0,7617.0,1881.0,322191.0,331689.0,87.04308736350683
Bayern,Urbana,2024,242771.0,32100.0,3426.0,1368.0,205877.0,210671.0,86.7776629004288
Bayern,Interurbana sin autopistas,2024,110288.0,14038.0,2513.0,375.0,93362.0,96250.0,87.27150732627304
Bayern,Autopista,2024,28004.0,3236.0,1678.0,138.0,22952.0,24768.0,88.44450792743895
Berlin,Total,2024,133370.0,13791.0,955.0,682.0,117942.0,119579.0,89.65959361175678
Berlin,Urbana,2024,130313.0,13408.0,929.0,663.0,115313.0,116905.0,89.71092676862631
Berlin,Interurbana sin autopistas,2024,,,,,,,
Berlin,Autopista,2024,3057.0,383.0,26.0,19.0,2629.0,2674.0,87.47137716715734
Brandenburg,Total,2024,73772.0,8778.0,2589.0,394.0,62011.0,64994.0,88.10117659816733
Brandenburg,Urbana,2024,48442.0,6024.0,1478.0,318.0,40622.0,42418.0,87.56451013583253
Brandenburg,Interurbana sin autopistas,2024,18760.0,1976.0,601.0,42.0,16141.0,16784.0,89.46695095948827
Brandenburg,Autopista,2024,6570.0,778.0,510.0,34.0,5248.0,5792.0,88.15829528158295
Bremen,Total,2024,21513.0,2787.0,369.0,154.0,18203.0,18726.0,87.04504253242226
Bremen,Urbana,2024,19811.0,2563.0,292.0,150.0,16806.0,17248.0,87.06274292059966
Bremen,Interurbana sin autopistas,2024,425.0,59.0,13.0,1.0,352.0,366.0,86.11764705882354
Bremen,Autopista,2024,1277.0,165.0,64.0,3.0,1045.0,1112.0,87.07909162098669
Hamburg,Total,2024,64163.0,7474.0,1726.0,308.0,54655.0,56689.0,88.35154216604585
Hamburg,Urbana,2024,60605.0,7202.0,1619.0,288.0,51496.0,53403.0,88.11649203861067
Hamburg,Interurbana sin autopistas,2024,359.0,43.0,11.0,5.0,300.0,316.0,88.02228412256268
Hamburg,Autopista,2024,3199.0,229.0,96.0,15.0,2859.0,2970.0,92.841512972804
Hessen,Total,2024,146621.0,19252.0,6441.0,1128.0,119800.0,127369.0,86.86954801836026
Hessen,Urbana,2024,96969.0,12176.0,3489.0,894.0,80410.0,84793.0,87.44340974950757
Hessen,Interurbana sin autopistas,2024,33151.0,5052.0,1595.0,154.0,26350.0,28099.0,84.76064070465445
Hessen,Autopista,2024,16501.0,2024.0,1357.0,80.0,13040.0,14477.0,87.73407672262287
Mecklenburg-Vorpommern,Total,2024,55106.0,4895.0,1170.0,328.0,48713.0,50211.0,91.11711973287845
Mecklenburg-Vorpommern,Urbana,2024,31194.0,3075.0,589.0,259.0,27271.0,28119.0,90.14233506443546
Mecklenburg-Vorpommern,Interurbana sin autopistas,2024,21148.0,1519.0,367.0,55.0,19207.0,19629.0,92.8172876867789
Mecklenburg-Vorpommern,Autopista,2024,2764.0,301.0,214.0,14.0,2235.0,2463.0,89.10998552821997
Niedersachsen,Total,2024,206384.0,32106.0,4103.0,1531.0,168644.0,174278.0,84.44356151639661
Niedersachsen,Urbana,2024,132239.0,20304.0,1969.0,1105.0,108861.0,111935.0,84.64598189641482
Niedersachsen,Interurbana sin autopistas,2024,57909.0,9520.0,1357.0,319.0,46713.0,48389.0,83.56041375261186
Niedersachsen,Autopista,2024,16236.0,2282.0,777.0,107.0,13070.0,13954.0,85.94481399359448
Nordrhein-Westfalen,Total,2024,640491.0,62741.0,13198.0,3662.0,560890.0,577750.0,90.20423393927472
Nordrhein-Westfalen,Urbana,2024,526048.0,45910.0,8645.0,2935.0,468558.0,480138.0,91.27265952916844
Nordrhein-Westfalen,Interurbana sin autopistas,2024,71803.0,12332.0,2807.0,458.0,56206.0,59471.0,82.82523014358732
Nordrhein-Westfalen,Autopista,2024,42640.0,4499.0,1746.0,269.0,36126.0,38141.0,89.44887429643528
Rheinland-Pfalz,Total,2024,139078.0,13367.0,5430.0,880.0,119401.0,125711.0,90.38884654654223
Rheinland-Pfalz,Urbana,2024,90834.0,7748.0,2633.0,632.0,79821.0,83086.0,91.47015434749103
Rheinland-Pfalz,Interurbana sin autopistas,2024,39946.0,4644.0,1978.0,191.0,33133.0,35302.0,88.37430531217143
Rheinland-Pfalz,Autopista,2024,8298.0,975.0,819.0,57.0,6447.0,7323.0,88.25018076644974
Saarland,Total,2024,32576.0,3266.0,1171.0,250.0,27889.0,29310.0,89.9742141453831
Saarland,Urbana,2024,24576.0,2308.0,730.0,205.0,21333.0,22268.0,90.60872395833334
Saarland,Interurbana sin autopistas,2024,5715.0,649.0,224.0,28.0,4814.0,5066.0,88.64391951006124
Saarland,Autopista,2024,2285.0,309.0,217.0,17.0,1742.0,1976.0,86.47702407002188
Sachsen,Total,2024,97503.0,13343.0,3229.0,691.0,80240.0,84160.0,86.3152928627837
Sachsen,Urbana,2024,74022.0,10165.0,2108.0,566.0,61183.0,63857.0,86.26759612007241
Sachsen,Interurbana sin autopistas,2024,18258.0,2581.0,745.0,93.0,14839.0,15677.0,85.86373096724724
Sachsen,Autopista,2024,5223.0,597.0,376.0,32.0,4218.0,4626.0,88.56978747846065
Sachsen-Anhalt,Total,2024,71054.0,7745.0,2054.0,507.0,60748.0,63309.0,89.09983955864553
Sachsen-Anhalt,Urbana,2024,47171.0,5210.0,1155.0,402.0,40404.0,41961.0,88.95507833202603
Sachsen-Anhalt,Interurbana sin autopistas,2024,19346.0,1929.0,546.0,78.0,16793.0,17417.0,90.02894655225886
Sachsen-Anhalt,Autopista,2024,4537.0,606.0,353.0,27.0,3551.0,3931.0,86.64315627066344
Schleswig-Holstein,Total,2024,89806.0,12382.0,1887.0,376.0,75161.0,77424.0,86.21250250540054
Schleswig-Holstein,Urbana,2024,60617.0,8704.0,951.0,304.0,50658.0,51913.0,85.64099180097993
Schleswig-Holstein,Interurbana sin autopistas,2024,25355.0,3152.0,567.0,49.0,21587.0,22203.0,87.5685269177677
Schleswig-Holstein,Autopista,2024,3834.0,526.0,369.0,23.0,2916.0,3308.0,86.28064684402713
Thüringen,Total,2024,50574.0,5936.0,1881.0,385.0,42372.0,44638.0,88.26274370229761
Thüringen,Urbana,2024,34250.0,3826.0,1045.0,311.0,29068.0,30424.0,88.82919708029196
Thüringen,Interurbana sin autopistas,2024,12854.0,1636.0,433.0,52.0,10733.0,11218.0,87.27244437529174
Thüringen,Autopista,2024,3470.0,474.0,403.0,22.0,2571.0,2996.0,86.34005763688761
