feature,importance_log_loss_increase,std
TIPO_ACCIDENTE,0.02725677984145099,0.0021893231576482364
COD_PROVINCIA,0.011286842415228518,0.0009660769251026913
TIPO_VIA,0.01064596722476228,0.0008746742306112844
CONDICION_FIRME,0.004222271194347371,0.0006624452790765684
CONDICION_METEO,0.0034551858628549446,0.0008091540065907872
ZONA_AGRUPADA,0.0034391901617167875,0.0005858939913085348
hour_sin,0.0008497686006466165,0.000304168118062798
hour_cos,0.0005793839784829872,0.0002587750003662866
CONDICION_ILUMINACION,0.0004753232520298319,0.00021348955386681006
NUDO,0.00046757660391549827,0.00011567241131762521
DIA_SEMANA,0.0002661829635327943,0.00022925776577807164
month_cos,0.00015626144786799281,1.9024837340830197e-05
month_sin,-0.00011552553165230146,1.3869900492804401e-05
