year,category,ultimate_claims_change_2019_pct,frequency_per_1000_all_policies_change_2019_pct,mean_cost_eur_change_2019_pct,mean_cost_2024_eur_change_2019_pct,cost_per_policy_eur_change_2019_pct
2010,Daños materiales,52.773450889420246,70.0783873160981,-19.078579153452,-14.45209459361817,37.629847569081655
2011,Daños materiales,36.99489261770259,48.10270774701051,-22.50086055383096,-19.07944063988305,14.778324000407839
2012,Daños materiales,31.822549881282104,37.41925956805443,-23.693305722669024,-21.77025395156692,4.860094276767191
2013,Daños materiales,32.468596600806165,37.78856834954794,-23.689278057842344,-22.158471198420916,5.14745126130336
2014,Daños materiales,29.696356592725426,36.11748973279232,-17.597779338468754,-16.196941587222714,12.163834248552629
2015,Daños materiales,17.490495957588426,26.251491351638535,-13.526751338524146,-12.056706111279025,9.173766055324052
2016,Daños materiales,6.152836632158998,15.333490577175013,-15.703048145272136,-14.09819635645464,-2.7773829757816726
2017,Daños materiales,-0.815508113674035,3.698426038755742,-11.058334614661758,-9.636689613497484,-7.768892902747426
2018,Daños materiales,2.849618970984036,6.6697208376435,-9.152953952338672,-8.341819612627377,-3.0937095917142443
2019,Daños materiales,0.0,0.0,0.0,0.0,0.0
2020,Daños materiales,-20.251623056851507,-23.97796088134013,-1.4514915985105903,-0.9645918534439191,-25.081414392163925
2021,Daños materiales,-7.411394432247976,-14.497087112045449,9.243367251734824,7.2398692036818035,-6.593738862880894
2022,Daños materiales,12.502580193775614,0.46927917260524143,44.633704371137625,31.33256905843482,45.31244022231882
2023,Daños materiales,23.585985785407736,8.875640361479785,66.27981032144142,43.5539618819236,81.03820827932321
2024,Daños materiales,22.424682622520997,5.7302744718150445,75.18167745178172,49.212534311944765,85.22006839409848
2010,Daños materiales a terceros,26.649384557450205,40.99519880387259,-25.042431036166125,-20.756915139065445,5.686573379107451
2011,Daños materiales a terceros,16.420679744455533,25.86029725952972,-29.91445901851644,-26.820333492639858,-11.790129784755266
2012,Daños materiales a terceros,27.716812824196403,33.1392077341766,-30.961337737950355,-29.221452096265633,-8.082472034033161
2013,Daños materiales a terceros,22.715609136018355,27.6438984852337,-30.669951649776785,-29.27917836291172,-11.50442346407765
2014,Daños materiales a terceros,19.011844308172844,24.903998240818858,-25.028489282580058,-23.753973600383915,-6.357585572398472
2015,Daños materiales a terceros,8.312812655324354,16.389449365858354,-19.940946488404776,-18.579942578707687,-6.819708450336459
2016,Daños materiales a terceros,0.013134606892872824,8.662794926040917,-16.95974546629866,-15.378818776779312,-9.766138509981726
2017,Daños materiales a terceros,-2.063428469319606,2.3937122247203346,-13.558612769209223,-12.176932254031724,-11.489454715847936
2018,Daños materiales a terceros,-1.826310713095891,1.8201149854529142,-8.542712001332276,-7.726129072772725,-6.878084197179712
2019,Daños materiales a terceros,0.0,0.0,0.0,0.0,0.0
2020,Daños materiales a terceros,-31.919757060808273,-35.10088743723635,6.670933235753318,7.197963538301511,-30.771510967577985
2021,Daños materiales a terceros,-23.12159675423191,-29.00500687551777,23.935112282526806,21.66217103410211,-12.01227555620078
2022,Daños materiales a terceros,2.51287327609353,-8.451926469402194,45.09892146298677,31.755002792729957,32.83526731303945
2023,Daños materiales a terceros,13.803634980901002,0.2576752960017581,66.04630627581443,43.35237137733723,66.4741665870106
2024,Daños materiales a terceros,16.339542325837876,0.4749326568675549,62.97506568540165,38.815445395354665,63.74908749489294
2010,Daños propios por accidente,54.90686961746445,72.45346240030473,-9.975147530385332,-4.828196505615267,55.25097510461669
2011,Daños propios por accidente,33.66112557580614,44.49863232150957,-12.07912258892444,-8.197605413692187,27.04446538407519
2012,Daños propios por accidente,33.54696575205287,39.21688791284173,-22.225965887621367,-20.26593478599894,8.27458989552543
2013,Daños propios por accidente,37.36030442619666,42.876728376456086,-23.003242132337874,-21.458673268392815,10.010448597257149
2014,Daños propios por accidente,41.40797115962347,48.40893428408499,-18.37234022892451,-16.98467001281625,21.14273994729188
2015,Daños propios por accidente,27.895053074304023,37.43189230349786,-13.550927749364217,-12.08129352110342,18.808595872866828
2016,Daños propios por accidente,9.571399959943916,19.0477091874492,-14.908315227690816,-13.288333253067696,1.299701430439626
2017,Daños propios por accidente,0.6829561385940375,5.265086123213569,-9.071441479775455,-7.618037946984668,-4.283974563088988
2018,Daños propios por accidente,-0.2803925495693971,3.4234525630839396,-4.073021650345665,-3.216530772223758,-0.7890070513454583
2019,Daños propios por accidente,0.0,0.0,0.0,0.0,0.0
2020,Daños propios por accidente,-25.61454742639695,-29.090296227081915,11.667362751346811,12.219078970474007,-20.817003861990134
2021,Daños propios por accidente,-11.397711375926288,-18.1783360982362,22.014509184282183,19.7767913517519,-0.16569838384993263
2022,Daños propios por accidente,23.431839659523135,10.229542612987919,49.3529683205008,35.61782926959758,64.63109385860875
2023,Daños propios por accidente,38.120496515121175,21.68011938862522,71.02232019004495,47.64830189581977,108.10016338844352
2024,Daños propios por accidente,36.25078384338072,17.670983205069145,84.66213454771028,57.287597014255724,117.29374932975828
2010,Incendio y robo,142.6447903579645,170.12962261752006,-34.94641628368711,-31.227136549386493,75.7290001920484
2011,Incendio y robo,132.88458842138334,151.76732853833434,-37.00576795928475,-34.22470843387332,58.5988951421482
2012,Incendio y robo,144.15930445157193,154.52542728541445,-44.751045315577464,-43.3586825463128,40.62263798125145
2013,Incendio y robo,148.75893983294895,158.7491606559737,-40.46649088261898,-39.272237941447855,54.042455150270975
2014,Incendio y robo,125.63455336217002,136.80548789109946,-32.821889167086695,-31.67986128292717,59.08145311390383
2015,Incendio y robo,71.37848828654865,84.15778702284567,-23.700521074975022,-22.40342993324963,40.51143189828845
2016,Incendio y robo,20.488010071587137,30.908444984917892,-23.20104453459917,-21.73894017203145,0.5363183644158331
2017,Incendio y robo,4.417332758998227,9.169416028090914,-21.71722390039018,-20.465950755940867,-14.53915048147808
2018,Incendio y robo,-4.669751802646149,-1.1289388883021556,-9.663905329526944,-8.857333055683448,-10.683744632435378
2019,Incendio y robo,0.0,0.0,0.0,0.0,0.0
2020,Incendio y robo,-34.91486609660844,-37.95604643873642,-0.6549194843836537,-0.16408410634208836,-38.36238437949111
2021,Incendio y robo,-32.621033646419995,-37.77746348717964,3.674854583019682,1.7734817673079162,-35.49087575246719
2022,Incendio y robo,-0.38894155102915384,-11.043362536657186,39.073440067885755,26.283650490214107,23.715055888988434
2023,Incendio y robo,-4.078160721368407,-15.495663931945048,71.2676078140862,47.86006548975015,44.72855488293372
2024,Incendio y robo,-3.285898275597643,-16.474290138490254,87.20875895882456,59.456706751360585,56.36744484328089
2010,Lesiones,8.694433266904444,21.006456374761218,-17.048604030904013,-12.306060602317448,0.37654477559958544
2011,Lesiones,2.6494218080290954,10.97243866498452,3.0191860308797613,7.567260978854962,14.32290303128434
2012,Lesiones,14.276352200314557,19.128113662253377,-1.5373501156622615,0.9440674721487019,17.29669746908047
2013,Lesiones,7.387850761009851,11.700573526000602,6.010100682761443,8.136682441693498,18.413890458135263
2014,Lesiones,14.756429463135913,20.437902186193256,9.230844366619273,11.087768720851798,31.5553374954219
2015,Lesiones,7.419888263288588,15.429941660660962,9.26035100529299,11.117776972382988,26.11915942364309
2016,Lesiones,4.234045484653448,13.248752309678213,11.720909682874758,13.847860869222117,26.52253628487815
2017,Lesiones,2.026255410770572,6.6695195943590635,13.300213500591207,15.111205924177117,20.856793440463804
2018,Lesiones,-0.16724145264022106,3.540806385515838,8.786156110466138,9.757461075738183,12.638063272582745
2019,Lesiones,0.0,0.0,0.0,0.0,0.0
2020,Lesiones,-30.41416261903911,-33.665643687628645,16.119067483896753,16.692778291623522,-22.97316402862897
2021,Lesiones,-27.164242892511925,-32.73827425197962,20.87828807741754,18.66140827676994,-18.695177384465378
2022,Lesiones,-12.457339761772745,-21.820922188293057,19.50546245481508,8.515227961202655,-6.571731518209911
2023,Lesiones,-6.80684941857953,-17.899558899225976,10.057072060512585,-4.984683968131309,-9.642658375722402
2024,Lesiones,-3.043004094563706,-16.264518155600914,11.573730362194512,-4.966093987980047,-6.573199269445828
2010,Lesiones a terceros,8.694433266904444,21.006456374761218,-17.048604030904013,-12.306060602317448,0.37654477559958544
2011,Lesiones a terceros,2.6494218080290954,10.97243866498452,3.0191860308797613,7.567260978854962,14.32290303128434
2012,Lesiones a terceros,14.276352200314557,19.128113662253377,-1.5373501156622615,0.9440674721487019,17.29669746908047
2013,Lesiones a terceros,7.387850761009851,11.700573526000602,6.010100682761443,8.136682441693498,18.413890458135263
2014,Lesiones a terceros,14.756429463135913,20.437902186193256,9.230844366619273,11.087768720851798,31.5553374954219
2015,Lesiones a terceros,7.419888263288588,15.429941660660962,9.26035100529299,11.117776972382988,26.11915942364309
2016,Lesiones a terceros,4.234045484653448,13.248752309678213,11.720909682874758,13.847860869222117,26.52253628487815
2017,Lesiones a terceros,2.026255410770572,6.6695195943590635,13.300213500591207,15.111205924177117,20.856793440463804
2018,Lesiones a terceros,-0.16724145264022106,3.540806385515838,8.786156110466138,9.757461075738183,12.638063272582745
2019,Lesiones a terceros,0.0,0.0,0.0,0.0,0.0
2020,Lesiones a terceros,-30.41416261903911,-33.665643687628645,16.119067483896753,16.692778291623522,-22.97316402862897
2021,Lesiones a terceros,-27.164242892511925,-32.73827425197962,20.87828807741754,18.66140827676994,-18.695177384465378
2022,Lesiones a terceros,-12.457339761772745,-21.820922188293057,19.50546245481508,8.515227961202655,-6.571731518209911
2023,Lesiones a terceros,-6.80684941857953,-17.899558899225976,10.057072060512585,-4.984683968131309,-9.642658375722402
2024,Lesiones a terceros,-3.043004094563706,-16.264518155600914,11.573730362194512,-4.966093987980047,-6.573199269445828
2010,Lesiones hasta 250.000 €,8.918404842858173,21.255797632820705,-13.09732119754604,-8.128872825264366,5.374536346203729
2011,Lesiones hasta 250.000 €,2.7768558843819013,11.110205346694002,-5.894246629677225,-1.7396805157923412,4.561095812819049
2012,Lesiones hasta 250.000 €,14.29110996305203,19.143497986332147,3.4629102383631816,6.070342452031596,23.269330376444852
2013,Lesiones hasta 250.000 €,7.071590782097248,11.371612467766191,7.05041219983169,9.197862795615652,19.22377022034283
2014,Lesiones hasta 250.000 €,14.42640809269642,20.091541797339275,10.83244055268704,12.71659204208273,33.10038667134136
2015,Lesiones hasta 250.000 €,7.41085727815296,15.420237255785851,16.991565179715472,18.98042178777064,35.0319420996849
2016,Lesiones hasta 250.000 €,4.2201384896215055,13.233642564791847,13.145646493019193,15.299721927255018,28.118936927528317
2017,Lesiones hasta 250.000 €,1.6553985559561557,6.281784864881224,13.4980462171977,15.312200802087972,20.62774930640552
2018,Lesiones hasta 250.000 €,-0.30279563181995206,3.400217372195735,4.954028775594699,5.8911183182339455,8.522693894841794
2019,Lesiones hasta 250.000 €,0.0,0.0,0.0,0.0,0.0
2020,Lesiones hasta 250.000 €,-30.574158744326684,-33.81816380354419,-0.9166635991939454,-0.42712142330062486,-34.42482860523528
2021,Lesiones hasta 250.000 €,-27.334647919627553,-32.8956383909014,-6.368926168235401,-8.08609837171369,-37.169465637450585
2022,Lesiones hasta 250.000 €,-12.668121634325436,-22.009158784836412,-5.473782805473659,-14.166818851041718,-26.278208041116315
2023,Lesiones hasta 250.000 €,-7.002032130773673,-18.071509162377385,-11.007251266087492,-23.170097230569585,-27.08958400738797
2024,Lesiones hasta 250.000 €,-3.1908971213721937,-16.39224379051346,-0.744060281630643,-15.457880491137665,-17.014335896830847
2010,Lesiones superiores a 250.000 €,-0.8913469939607399,10.33487673547886,-20.517597045997682,-15.973384818897774,-12.30318867430491
2011,Lesiones superiores a 250.000 €,-2.8025116352859314,5.078451743408552,32.366123946579165,38.209802929847015,39.08827367582659
2012,Lesiones superiores a 250.000 €,13.650319952967127,18.47550234519355,-13.784427747690886,-11.611656269558102,2.144332325706544
2013,Lesiones superiores a 250.000 €,20.93709606144469,25.793959883748087,-7.500126914234584,-5.644562760056759,16.35925324202563
2014,Lesiones superiores a 250.000 €,28.89612580523877,35.27764034256131,-5.649152114850786,-4.045187700803254,27.635600662229322
2015,Lesiones superiores a 250.000 €,7.813208505181768,15.852590886141527,-10.655656482839483,-9.13680264304777,3.507736774844883
2016,Lesiones superiores a 250.000 €,4.471174341649009,13.506389313658085,7.8992313765029465,9.95342516022395,22.472521632658182
2017,Lesiones superiores a 250.000 €,17.912056901221707,23.278291586777875,-1.4929002119435042,0.0816388456078565,21.43786971039856
2018,Lesiones superiores a 250.000 €,5.640846089857332,9.56462137829277,12.334267139356259,13.33725166738622,23.078614469315674
2019,Lesiones superiores a 250.000 €,0.0,0.0,0.0,0.0,0.0
2020,Lesiones superiores a 250.000 €,-23.561755862987287,-27.13342379258422,45.58021194378152,46.29948176563814,6.079316078933061
2021,Lesiones superiores a 250.000 €,-20.229030479044894,-26.333805157624223,73.99223562236403,70.8012583281315,28.17345930417634
2022,Lesiones superiores a 250.000 €,-3.083957436400808,-13.450118923005327,65.71128937165224,50.47176900979491,43.42292388231961
2023,Lesiones superiores a 250.000 €,0.4174795208298443,-11.535136311490813,52.17295196720859,31.375120671180913,34.61959452857168
2024,Lesiones superiores a 250.000 €,3.9690282703932267,-10.208679654160013,33.54922032163336,13.75172283676811,19.915608238369465
2010,Lunas,58.100316613897675,76.00863715069983,-0.6817055815631634,4.996575284355798,74.80877644721026
2011,Lunas,42.37793701049826,53.92221995846338,-3.7535424172670084,0.4955311721144273,48.14468414272341
2012,Lunas,19.83336110648226,24.92105310991517,-2.147106136752097,0.3189446158499365,22.238865512496876
2013,Lunas,21.218130311614726,26.086280539222418,-3.65806174727209,-1.7254250721922992,21.47396654225895
2014,Lunas,15.824029328445267,21.558357822131512,-5.029351424593498,-3.4148503988115753,15.444760821291649
2015,Lunas,8.676887185469084,16.780672094295145,-6.072356263793999,-4.475586320278513,9.68933363747646
2016,Lunas,5.784035994000991,14.932794125951144,-4.956449924807016,-3.1470035806900998,9.236207737916846
2017,Lunas,-1.8346942176303949,2.6328562827300006,-3.3002539111651963,-1.7546036240309704,-0.7542885708813563
2018,Lunas,9.530078320279944,13.598309790974072,-0.8045782622638442,0.08109514610881163,12.684322484096743
2019,Lunas,0.0,0.0,0.0,0.0,0.0
2020,Lunas,-6.105162656223961,-10.492510679215695,6.716792454205933,7.244049333920399,-4.480478390568066
2021,Lunas,9.594156157307122,1.2070495012492133,13.694419792797152,11.609290472272903,15.066767719854312
2022,Lunas,11.74053132811197,-0.21126077675107657,19.29034277651165,8.319891610457454,19.038329071772985
2023,Lunas,21.4385637777037,6.983824353950552,24.61320033251726,7.582024395730103,33.3159673655768
2024,Lunas,18.118026422262943,2.0108942589782686,35.96890952284322,15.812714392572502,38.703100518433395
2010,Total,49.63815099222857,66.58794609635592,-32.59123462396878,-28.73730313157613,12.294877728841946
2011,Total,34.551930934192576,45.46166592905241,-21.30668674102205,-17.832546627946012,14.468604441277222
2012,Total,30.57450501203478,36.11822721817099,-16.7503896275509,-14.652365172600046,13.317893805012337
2013,Total,30.684626265386616,35.93295332226509,-16.01035866623417,-14.325511297452476,14.16959994976581
2014,Total,28.633693345676868,35.0022151220045,-7.14857957033046,-5.570105423026028,25.35147435229934
2015,Total,16.774182914067516,25.481764496014424,-3.8124200211549497,-2.177231161514559,20.697872583469913
2016,Total,6.016354786328715,15.185205065648177,1.704645530139448,3.6409063167854416,17.148704515181755
2017,Total,-0.6133760933478172,3.9097571849986634,7.495840555137745,9.214055788786336,11.698666904816978
2018,Total,2.6350324696007066,6.447164036489528,1.087752997869873,1.990322221065166,7.605046254443892
2019,Total,0.0,0.0,0.0,0.0,0.0
2020,Total,-20.974475129404457,-24.667036830507115,1.3531750202647075,1.8539318138431238,-23.647649990872278
2021,Total,-8.816396337623312,-15.794565940958272,1.1530895171210975,-0.7020347114747083,-14.823601907977114
2022,Total,10.72720409214105,-1.1162023059907766,11.269401320532001,1.0365903062331316,10.02740969713014
2023,Total,21.424171429505456,6.9711451159574,11.589520978041135,-3.66167840860111,19.368588419622146
2024,Total,20.613189539131625,4.165805144162293,17.88315209634814,0.4080114589498196,22.793934510478508
