year,claim_type,ultimate_cost_eur,ultimate_claims,earned_policies_all,earned_policies_covered,frequency_per_1000_all_policies,frequency_per_1000_comprehensive,mean_cost_eur,cost_per_policy_eur,category,hicp,mean_cost_2024_eur,ultimate_cost_2024_eur,basis,market_coverage_pct,source_sheet
2010,Accidental Damage,124726515.88,77345.0,1750216.1716379998,1407268.562246,44.19168400644706,54.961079977909414,1612.5995976469067,71.26349184813577,Daños propios por accidente,96.2,2001.5009559151836,154806091.43525988,accident_year_ultimate_estimate_including_nils,,UltData
2010,Fire and Theft,23350618.87,17302.999998,1750216.1716379998,,9.886207360206479,,1349.5127360977303,13.341562744301765,Incendio y robo,96.2,1674.9669510402182,28981953.15049896,accident_year_ultimate_estimate_including_nils,,UltData
2010,Third Party Damage,79096357.373,51731.0,1750216.1716379998,,29.55692036120645,,1528.9933960874523,45.19233604096742,Daños materiales a terceros,96.2,1897.7319282000187,98171570.37771519,accident_year_ultimate_estimate_including_nils,,UltData
2010,Third Party Injury (<=250k),290925519.3403309,12870.526460000001,1750216.1716379998,,7.353678173339398,,22604.010818399023,166.2226209851885,Lesiones hasta 250.000 €,96.2,28055.289934686523,361086351.44735456,size_band_ultimate_estimate_not_additive,,UltData
2010,Third Party Injury (>250k),95436683.5383469,273.47353499999997,1750216.1716379998,,0.1562512902300865,,348979.5951858629,54.528512011764356,Lesiones superiores a 250.000 €,96.2,433140.9944406656,118452598.90310416,size_band_ultimate_estimate_not_additive,,UltData
2010,Third Party Injury (Total),386362202.878681,13143.999999,1750216.1716379998,,7.509929465854916,,29394.56808491141,220.7511329969547,Lesiones a terceros,96.2,36483.48679145969,479538950.35046273,accident_year_ultimate_estimate_including_nils,,UltData
2010,Windscreen,22039191.91,94876.0,1750216.1716379998,,54.20816099031187,,232.29469950250854,12.5922684678281,Lunas,96.2,288.31587443450644,27354256.902848236,accident_year_ultimate_estimate_including_nils,,UltData
2011,Accidental Damage,105104865.8826299,66737.0,1802329.9946529998,1449399.126919,37.028180298829675,46.044597903038216,1574.91145665268,58.316105371627906,Daños propios por accidente,97.4,1930.6409437816221,128845184.66515411,accident_year_ultimate_estimate_including_nils,,UltData
2011,Fire and Theft,21701898.7411,16606.999998,1802329.9946529998,,9.21418388822704,,1306.7922408450402,12.04102401085448,Incendio y robo,97.4,1601.9609194753366,26603764.986522995,accident_year_ultimate_estimate_including_nils,,UltData
2011,Third Party Damage,67982396.05,47553.0,1802329.9946529998,,26.384180555767376,,1429.6131905452862,37.7191725442535,Daños materiales a terceros,97.4,1752.523767465166,83337762.71427104,accident_year_ultimate_estimate_including_nils,,UltData
2011,Third Party Injury (<=250k),297275340.787373,12144.800000000001,1802329.9946529998,,6.7383886613606645,,24477.58223991939,164.939462622996,Lesiones hasta 250.000 €,97.4,30006.399583638347,364421721.66337097,size_band_ultimate_estimate_not_additive,,UltData
2011,Third Party Injury (>250k),155870766.57158,268.2,1802329.9946529998,,0.14880737755886717,,581173.6262922446,86.48292323492602,Lesiones superiores a 250.000 €,97.4,712444.8765841274,191077715.89986295,size_band_ultimate_estimate_not_additive,,UltData
2011,Third Party Injury (Total),453146107.358975,12413.0,1802329.9946529998,,6.887196038919532,,36505.76873914243,251.4223858579342,Lesiones a terceros,97.4,44751.424922521626,555499437.5632609,accident_year_ultimate_estimate_including_nils,,UltData
2011,Windscreen,19233624.1,85441.0,1802329.9946529998,,47.40585811337498,,225.1100069053499,10.671533047255881,Lunas,97.4,275.9562096971127,23577974.51273101,accident_year_ultimate_estimate_including_nils,,UltData
2012,Accidental Damage,92895429.3182999,66680.0,1869110.7561279999,1515132.5716209998,35.67471846244816,44.00935023702966,1393.152809212656,49.70033424383026,Daños propios por accidente,99.2,1676.8391675402331,111811635.69158275,accident_year_ultimate_estimate_including_nils,,UltData
2012,Fire and Theft,19955083.17585,17410.999998,1869110.7561279999,,9.315124821210789,,1146.119302632947,10.676244364024965,Incendio y robo,99.2,1379.5024670803816,24018517.45157752,accident_year_ultimate_estimate_including_nils,,UltData
2012,Third Party Damage,73464638.59669,52167.0,1869110.7561279999,,27.910063557746447,,1408.2588340654054,39.30459356452337,Daños materiales a terceros,99.2,1695.0212176150144,88424171.85932244,accident_year_ultimate_estimate_including_nils,,UltData
2012,Third Party Injury (<=250k),363449874.110256,13505.401195,1869110.7561279999,,7.225575665177504,,26911.445936520067,194.45068887365943,Lesiones hasta 250.000 €,99.2,32391.39762923887,437458820.24964285,size_band_ultimate_estimate_not_additive,,UltData
2012,Third Party Injury (>250k),118710505.625013,313.598801,1869110.7561279999,,0.1677796781019242,,378542.60043874657,63.51175564947822,Lesiones superiores a 250.000 €,99.2,455624.8638345397,142883411.0042999,size_band_ultimate_estimate_not_additive,,UltData
2012,Third Party Injury (Total),482160379.735282,13818.999999,1869110.7561279999,,7.393355344884469,,34891.11945655786,257.9624445231446,Lesiones a terceros,99.2,41995.96434589727,580342231.2539585,accident_year_ultimate_estimate_including_nils,,UltData
2012,Windscreen,16458304.33,71912.0,1869110.7561279999,,38.473910528967785,,228.8672868227834,8.805419516227378,Lunas,99.2,275.4713109540357,19809692.913326614,accident_year_ultimate_estimate_including_nils,,UltData
2013,Accidental Damage,94593082.50227,68584.0,1873236.797576,1548088.91704,36.61256285844313,44.30236483517691,1379.229594399131,50.4971302211632,Daños propios por accidente,99.7,1651.7554019183174,113283992.48516588,accident_year_ultimate_estimate_including_nils,,UltData
2013,Fire and Theft,21907679.41818,17738.999997,1873236.797576,,9.46970506876363,,1235.0008130043973,11.695093458834947,Incendio y robo,99.7,1479.028054891926,26236478.66129079,accident_year_ultimate_estimate_including_nils,,UltData
2013,Third Party Damage,70885795.45444,50124.21654,1873236.797576,,26.75807810569469,,1414.2025621063203,37.84134261411447,Daños materiales a terceros,99.7,1693.6387754813907,84892316.72276966,accident_year_ultimate_estimate_including_nils,,UltData
2013,Third Party Injury (<=250k),352297840.500806,12652.294571,1873236.797576,,6.754241955620498,,27844.580959116996,188.06903695073967,Lesiones hasta 250.000 €,99.7,33346.469072402906,421909349.6067827,size_band_ultimate_estimate_not_additive,,UltData
2013,Third Party Injury (>250k),135529379.478941,333.705425,1873236.797576,,0.1781437485275863,,406134.7803349047,72.35037217628775,Lesiones superiores a 250.000 €,99.7,486384.0799597554,162309006.11620414,size_band_ultimate_estimate_not_additive,,UltData
2013,Third Party Injury (Total),487827219.989757,12985.99999899999,1873236.797576,,6.932385705749585,,37565.62606093662,260.41940913237113,Lesiones a terceros,99.7,44988.32248421096,584218355.7349747,accident_year_ultimate_estimate_including_nils,,UltData
2013,Windscreen,16391422.120000001,72743.0,1873236.797576,,38.83278403143194,,225.3333258182918,8.750320376586012,Lunas,99.7,269.85756371819497,19630248.75755266,accident_year_ultimate_estimate_including_nils,,UltData
2014,Accidental Damage,103237369.8899899,70605.0,1856550.545848999,1551129.3036999989,38.03020615725407,45.51844893367805,1462.1821385169592,55.60708816725458,Daños propios por accidente,100.0,1745.8454733892493,123265419.64864793,accident_year_ultimate_estimate_including_nils,,UltData
2014,Fire and Theft,22422787.02323,16089.999998,1856550.545848999,,8.666610254148537,,1393.5852719712352,12.077660408096285,Incendio y robo,100.0,1663.9408147336549,26772807.705736622,accident_year_ultimate_estimate_including_nils,,UltData
2014,Third Party Damage,74340307.6963879,48611.3828299999,1856550.545848999,,26.183710935685813,,1529.2777816332705,40.04216737465241,Daños materiales a terceros,100.0,1825.957671270125,88762327.38948715,accident_year_ultimate_estimate_including_nils,,UltData
2014,Third Party Injury (<=250k),389798841.52430403,13521.388926,1856550.545848999,,7.283070722869374,,28828.313693038435,209.9586474474625,Lesiones hasta 250.000 €,100.0,34421.006549487895,465419816.78001904,size_band_ultimate_estimate_not_additive,,UltData
2014,Third Party Injury (>250k),147339247.78710002,355.667019,1856550.545848999,,0.19157411027414487,,414261.7670914829,79.36182945114587,Lesiones superiores a 250.000 €,100.0,494628.5499072306,175923061.85779744,size_band_ultimate_estimate_not_additive,,UltData
2014,Third Party Injury (Total),537138089.311407,13877.05389699999,1856550.545848999,,7.474643730022457,,38706.925353048326,289.3204768986099,Lesiones a terceros,100.0,46216.0688715397,641342878.63782,accident_year_ultimate_estimate_including_nils,,UltData
2014,Windscreen,15439091.72,69506.0,1856550.545848999,,37.43824812925574,,222.1260282565534,8.316009361834917,Lunas,100.0,265.2184777383248,18434275.513680004,accident_year_ultimate_estimate_including_nils,,UltData
2015,Accidental Damage,98887131.28701,63858.0,1813256.124247,1523274.709704,35.217308325109684,41.921525771545674,1548.5472656050924,54.535666508820064,Daños propios por accidente,100.0,1848.9654351324803,118071234.75668995,accident_year_ultimate_estimate_including_nils,,UltData
2015,Fire and Theft,19343456.33114,12220.999998,1813256.124247,,6.739809028950654,,1582.8047078230595,10.667801460851457,Incendio y robo,100.0,1889.8688211407332,23096086.85938116,accident_year_ultimate_estimate_including_nils,,UltData
2015,Third Party Damage,72248393.01970899,44241.2739,1813256.124247,,24.398800207208616,,1633.0540839084879,39.84456032084929,Daños materiales a terceros,100.0,1949.8665761867346,86264581.26553254,accident_year_ultimate_estimate_including_nils,,UltData
2015,Third Party Injury (<=250k),386233656.9618989,12692.384567,1813256.124247,,6.999774823466171,,30430.346238176582,213.00557146734695,Lesiones hasta 250.000 €,100.0,36333.833408382845,461162986.4125073,size_band_ultimate_estimate_not_additive,,UltData
2015,Third Party Injury (>250k),116700256.277998,297.492281,1813256.124247,,0.1640652288564811,,392279.9471828918,64.35949931036946,Lesiones superiores a 250.000 €,100.0,468382.25693637284,139340105.99592963,size_band_ultimate_estimate_not_additive,,UltData
2015,Third Party Injury (Total),502933911.239899,12989.874171,1813256.124247,,7.163838575973027,,38717.38129401615,277.3650696747294,Lesiones a terceros,100.0,46228.553265055285,600503090.0204394,accident_year_ultimate_estimate_including_nils,,UltData
2015,Windscreen,14327297.94411,65217.0,1813256.124247,,35.96678876630459,,219.68655326233957,7.90141985598409,Lunas,100.0,262.3057445952334,17106793.745267343,accident_year_ultimate_estimate_including_nils,,UltData
2016,Accidental Damage,83389242.3359,54709.0,1793366.696919,1515605.411508,30.5063097770188,36.09712632628141,1524.232618689795,46.49871243798746,Daños propios por accidente,99.8,1823.5809085326807,99766287.92491443,accident_year_ultimate_estimate_including_nils,,UltData
2016,Fire and Theft,13688483.68896,8591.999996999999,1793366.696919,,4.7909889325819615,,1593.1661654724744,7.6328414665426685,Incendio y robo,99.8,1906.0525065873092,16376803.130880002,accident_year_ultimate_estimate_including_nils,,UltData
2016,Third Party Damage,69196418.638816,40851.2010099999,1793366.696919,,22.77905633029886,,1693.8649765003852,38.58464571562263,Daños materiales a terceros,99.8,2026.5278376166934,82786096.04683998,accident_year_ultimate_estimate_including_nils,,UltData
2016,Third Party Injury (<=250k),362440629.680027,12315.347915999999,1793366.696919,,6.867166618604962,,29429.995169616534,202.10068041449594,Lesiones hasta 250.000 €,99.8,35209.83390032279,433621354.54704636,size_band_ultimate_estimate_not_additive,,UltData
2016,Third Party Injury (>250k),136567577.093642,288.270504,1793366.696919,,0.1607426437076411,,473748.0082028857,76.15150728976108,Lesiones superiores a 250.000 €,99.8,566788.6991926308,163388463.9777641,size_band_ultimate_estimate_not_additive,,UltData
2016,Third Party Injury (Total),499008207.783661,12604.622449999999,1793366.696919,,7.028469119926624,,39589.3022391687,278.2521882674391,Lesiones a terceros,99.8,47364.355584736906,597009819.7331576,accident_year_ultimate_estimate_including_nils,,UltData
2016,Windscreen,14111606.46171999,63481.0,1793366.696919,,35.397668591181166,,222.29653694365226,7.868779143698664,Lunas,99.8,265.95397305683446,16883024.16362091,accident_year_ultimate_estimate_including_nils,,UltData
2017,Accidental Damage,81880777.80432901,50271.0,1863650.8041109997,1566934.873369,26.97447391384048,32.08237997276458,1628.7875276865193,43.935686676768746,Daños propios por accidente,100.1,1942.829478579125,97667980.71765119,accident_year_ultimate_estimate_including_nils,,UltData
2017,Fire and Theft,12091912.9354,7445.99999799999,1863650.8041109997,,3.9953836746535187,,1623.947480344871,6.488293251464613,Incendio y robo,100.1,1937.0562352964798,14423320.724143459,accident_year_ultimate_estimate_including_nils,,UltData
2017,Third Party Damage,70534977.343131,40003.01146,1863650.8041109997,,21.464864217995103,,1763.2416852831361,37.84774335811137,Daños materiales a terceros,100.1,2103.2073648632017,84134628.31937905,accident_year_ultimate_estimate_including_nils,,UltData
2017,Third Party Injury (<=250k),354622441.108025,12012.281109,1863650.8041109997,,6.445564309849402,,29521.656868513517,190.2837378793112,Lesiones hasta 250.000 €,100.1,35213.64465634879,422996198.4844974,size_band_ultimate_estimate_not_additive,,UltData
2017,Third Party Injury (>250k),140720874.469985,325.358342,1863650.8041109997,,0.17458117222512762,,432510.42406032735,75.50817683203898,Lesiones superiores a 250.000 €,100.1,515901.5447832477,167852871.24591622,size_band_ultimate_estimate_not_additive,,UltData
2017,Third Party Injury (Total),495343316.587014,12337.642883,1863650.8041109997,,6.620147323621237,,40148.94265334475,265.79191525276275,Lesiones a terceros,100.1,47889.94758051312,590849070.9339609,accident_year_ultimate_estimate_including_nils,,UltData
2017,Windscreen,13323460.2806,58909.0,1863650.8041109997,,31.60946238965664,,226.17019947036957,7.149118413819787,Lunas,100.1,269.7774407268944,15892319.255780622,accident_year_ultimate_estimate_including_nils,,UltData
2018,Accidental Damage,85555319.934587,49790.0,1878687.1350929998,1568904.3419909999,26.502550142568186,31.73552310832066,1718.3233567902591,45.539950924479925,Daños propios por accidente,100.8,2035.394928578938,101342313.49394532,accident_year_ultimate_estimate_including_nils,,UltData
2018,Fire and Theft,12739378.26241999,6797.999998,1878687.1350929998,,3.618484350595972,,1873.989153599289,6.781000425485619,Incendio y robo,100.8,2219.7847712277294,15090096.870366536,accident_year_ultimate_estimate_including_nils,,UltData
2018,Third Party Damage,74808567.301071,40099.86419,1878687.1350929998,,21.344620634779062,,1865.5566249954175,39.81959843322597,Daños materiales a terceros,100.8,2209.796240321953,88612529.12448293,accident_year_ultimate_estimate_including_nils,,UltData
2018,Third Party Injury (<=250k),321609949.980922,11780.8878,1878687.1350929998,,6.2708087897865,,27299.296576012035,171.18866892384477,Lesiones hasta 250.000 €,100.8,32336.66677753807,380954643.1321635,size_band_ultimate_estimate_not_additive,,UltData
2018,Third Party Injury (>250k),143772857.38759398,291.4980149999999,1878687.1350929998,,0.15516048923471762,,493220.70816706604,76.52836637989586,Lesiones superiores a 250.000 €,100.8,584231.6721740842,170302372.73887622,size_band_ultimate_estimate_not_additive,,UltData
2018,Third Party Injury (Total),465382807.371522,12072.391739,1878687.1350929998,,6.425972432287075,,38549.34609751749,247.71703530534072,Lesiones a terceros,100.8,45662.61829408322,551257015.8746005,accident_year_ultimate_estimate_including_nils,,UltData
2018,Windscreen,15249608.71908,65729.0,1878687.1350929998,,34.986666365150924,,232.00731365272557,8.117162477042834,Lunas,100.8,274.81818700531187,18063524.613672145,accident_year_ultimate_estimate_including_nils,,UltData
2019,Accidental Damage,89438744.637417,49930.0,1948466.452736,1648676.605928,25.625280809884732,30.284896274060742,1791.2826885122572,45.902121903011874,Daños propios por accidente,101.7,2103.0398525896117,105004779.83979931,accident_year_ultimate_estimate_including_nils,,UltData
2019,Fire and Theft,14792997.971840002,7130.999999,1948466.452736,,3.659801270371775,,2074.4633254683026,7.592123513888551,Incendio y robo,101.7,2435.5056151515764,17367590.539210387,accident_year_ultimate_estimate_including_nils,,UltData
2019,Third Party Damage,83317821.63164,40845.83607,1948466.452736,,20.963068680317818,,2039.8118792048515,42.760716518699454,Daños materiales a terceros,101.7,2394.823386205106,97818563.44953604,accident_year_ultimate_estimate_including_nils,,UltData
2019,Third Party Injury (<=250k),307360024.447841,11816.668155,1948466.452736,,6.064599233108302,,26010.7181158157,157.74458113777212,Lesiones hasta 250.000 €,101.7,30537.65725691637,360853362.03610826,size_band_ultimate_estimate_not_additive,,UltData
2019,Third Party Injury (>250k),121152610.6438999,275.93305599999997,1948466.452736,,0.1416155025982305,,439065.2298066815,62.17844319248077,Lesiones superiores a 250.000 €,101.7,515480.7122804108,142238168.24859044,size_band_ultimate_estimate_not_additive,,UltData
2019,Third Party Injury (Total),428512635.107747,12092.615604999999,1948466.452736,,6.206222123054659,,35435.89320167984,219.92302433846763,Lesiones a terceros,101.7,41603.2020479899,503091530.30349064,accident_year_ultimate_estimate_including_nils,,UltData
2019,Windscreen,14035686.97869,60010.0,1948466.452736,,30.79858004007977,,233.88913478903515,7.203453238305105,Lunas,101.7,274.5955033806371,16478476.157872036,accident_year_ultimate_estimate_including_nils,,UltData
2020,Accidental Damage,74291643.1561379,37140.65647,2043973.549451,1773361.444594,18.170810713267684,20.94364720921466,2000.27813768306,36.34667541372647,Daños propios por accidente,101.2,2360.0119529580766,87652393.20990974,accident_year_ultimate_estimate_including_nils,,UltData
2020,Fire and Theft,9564986.61175,4641.2208980000005,2043973.549451,,2.2706854006239987,,2060.877260953417,4.679603908924898,Incendio y robo,101.2,2431.5093375280435,11285171.951017292,accident_year_ultimate_estimate_including_nils,,UltData
2020,Third Party Damage,60506927.195293,27807.944427,2043973.549451,,13.604845539448911,,2175.8863678015723,29.602597945332917,Daños materiales a terceros,101.2,2567.201900350867,71388607.7778457,accident_year_ultimate_estimate_including_nils,,UltData
2020,Third Party Injury (<=250k),211431239.111135,8203.821275,2043973.549451,,4.013663130427251,,25772.287330959072,103.44127944704776,Lesiones hasta 250.000 €,101.2,30407.22438059796,249455434.28724822,size_band_ultimate_estimate_not_additive,,UltData
2020,Third Party Injury (>250k),134817362.497185,210.918383,2043973.549451,,0.10319036812225457,,639192.0921240184,65.95846728711152,Lesiones superiores a 250.000 €,101.2,754145.6106680612,159063172.74865502,size_band_ultimate_estimate_not_additive,,UltData
2020,Third Party Injury (Total),346248602.602326,8414.74783,2043973.549451,,4.116857496644296,,41147.8287403802,169.39974722046986,Lesiones a terceros,101.2,48547.93232807703,408518608.2086731,accident_year_ultimate_estimate_including_nils,,UltData
2020,Windscreen,14063977.125969991,56346.29189,2043973.549451,,27.567035740327608,,249.5989825457526,6.880704072588169,Lunas,101.2,294.4873371142575,16593269.454948785,accident_year_ultimate_estimate_including_nils,,UltData
2021,Accidental Damage,96690122.862169,44239.122709999996,2109937.3782829987,1879098.6141509989,20.967031138147057,23.5427360633693,2185.624780491245,45.82606282886576,Daños propios por accidente,103.6,2518.9536562804506,111436299.90099402,accident_year_ultimate_estimate_including_nils,,UltData
2021,Fire and Theft,10333655.44726999,4804.79409,2109937.3782829987,,2.277221181753741,,2150.6968360573364,4.89761239060052,Incendio y robo,103.6,2478.69886317805,11909637.648687614,accident_year_ultimate_estimate_including_nils,,UltData
2021,Third Party Damage,79384666.7067669,31401.62656299999,2109937.3782829987,,14.88272916827212,,2528.043142844853,37.62418142066741,Daños materiales a terceros,103.6,2913.5941240895313,91491594.64081052,accident_year_ultimate_estimate_including_nils,,UltData
2021,Third Party Injury (<=250k),209119613.923116,8586.623519,2109937.3782829987,,4.069610599527616,,24354.114683191572,99.11176325682757,Lesiones hasta 250.000 €,103.6,28068.352250705346,241012373.57548314,size_band_ultimate_estimate_not_additive,,UltData
2021,Third Party Injury (>250k),168154121.219772,220.114474,2109937.3782829987,,0.10432275207102228,,763939.4091811155,79.69626158128474,Lesiones superiores a 250.000 €,103.6,880447.5430137566,193799247.81506544,size_band_ultimate_estimate_not_additive,,UltData
2021,Third Party Injury (Total),377273735.123894,8807.74813,2109937.3782829987,,4.174412103721993,,42834.301067132576,178.80802482911014,Lesiones a terceros,103.6,49366.94543837481,434811621.3686578,accident_year_ultimate_estimate_including_nils,,UltData
2021,Windscreen,17488808.44198,65767.45311,2109937.3782829987,,31.170334146845395,,265.9188947567868,8.288780805528859,Lunas,103.6,306.47409299189525,20156020.540274248,accident_year_ultimate_estimate_including_nils,,UltData
2022,Accidental Damage,164879535.4441089,61629.5175419999,2181836.130994998,1983465.8294889978,28.2466298300297,31.071630590115873,2675.3338663043264,75.56916539324048,Daños propios por accidente,112.0,2852.0969967565766,175773361.8930947,accident_year_ultimate_estimate_including_nils,,UltData
2022,Fire and Theft,20493113.713147998,7103.264577,2181836.130994998,,3.255636147963435,,2885.027509675429,9.392599848368254,Incendio y robo,112.0,3075.6453987075556,21847123.01205242,accident_year_ultimate_estimate_including_nils,,UltData
2022,Third Party Damage,123931155.011526,41872.240169,2181836.130994998,,19.19128552972707,,2959.745036600122,56.80131209258544,Daños materiales a terceros,112.0,3155.2996193754875,132119463.46764469,accident_year_ultimate_estimate_including_nils,,UltData
2022,Third Party Injury (<=250k),253730375.201422,10319.71826,2181836.130994998,,4.729831958229524,,24586.947900011954,116.29213193280083,Lesiones hasta 250.000 €,112.0,26211.44267197703,270494703.56294453,size_band_ultimate_estimate_not_additive,,UltData
2022,Third Party Injury (>250k),194572090.676763,267.423398,2181836.130994998,,0.12256804908535686,,727580.6534952599,89.17814125116304,Lesiones superiores a 250.000 €,112.0,775652.9466726253,207427746.66790628,size_band_ultimate_estimate_not_additive,,UltData
2022,Third Party Injury (Total),448302466.856198,10586.197393,2181836.130994998,,4.851967222750273,,42347.828045661874,205.47027363221613,Lesiones a terceros,112.0,45145.809541535964,477922451.2734825,accident_year_ultimate_estimate_including_nils,,UltData
2022,Windscreen,18708961.992617,67055.49285,2181836.130994998,,30.733514720658793,,279.0071506068574,8.574870370344918,Lunas,112.0,297.4415516290962,19945089.83855777,accident_year_ultimate_estimate_including_nils,,UltData
2023,Accidental Damage,211269410.124385,68963.56391,2211726.5765939998,2043496.379358,31.180872283138207,33.74782779486309,3063.493215056278,95.52239067893025,Daños propios por accidente,117.8,3105.1026305409137,214138943.70841742,accident_year_ultimate_estimate_including_nils,,UltData
2023,Fire and Theft,24302386.701872,6840.186358,2211726.5765939998,,3.092690764937909,,3552.8837125101027,10.987970646578308,Incendio y robo,117.8,3601.140197569663,24632470.052661434,accident_year_ultimate_estimate_including_nils,,UltData
2023,Third Party Damage,157442964.955351,46484.046186,2211726.5765939998,,21.017085329590873,,3387.0322803949334,71.18554645113909,Daños materiales a terceros,117.8,3433.036114424067,159581409.30109432,accident_year_ultimate_estimate_including_nils,,UltData
2023,Third Party Injury (<=250k),254375606.417393,10989.261254000001,2211726.5765939998,,4.968634627035667,,23147.653016694127,115.01223031335306,Lesiones hasta 250.000 €,117.8,23462.052378550754,257830623.14292637,size_band_ultimate_estimate_not_additive,,UltData
2023,Third Party Injury (>250k),185131175.525664,277.08502,2211726.5765939998,,0.12527996133532182,,668138.5212584354,83.7043681098959,Lesiones superiores a 250.000 €,117.8,677213.4077950526,187645690.64316028,size_band_ultimate_estimate_not_additive,,UltData
2023,Third Party Injury (Total),439506781.918072,11269.48947,2211726.5765939998,,5.0953357387216975,,38999.706516259066,198.71659841195233,Lesiones a terceros,117.8,39529.41390527447,445476313.76076233,accident_year_ultimate_estimate_including_nils,,UltData
2023,Windscreen,21239991.869255,72875.282123,2211726.5765939998,,32.949498773589816,,291.4567360906517,9.60335336837342,Lunas,117.8,295.4154014365349,21528480.723166782,accident_year_ultimate_estimate_including_nils,,UltData
2024,Accidental Damage,225031106.474946,68030.01637299999,2256121.893832999,2100783.515193999,30.153519878051263,32.38316365345131,3307.8208483903463,99.7424417049707,Daños propios por accidente,119.4,3307.820848390347,225031106.474946,accident_year_ultimate_estimate_including_nils,94.0,UltData
2024,Fire and Theft,26783798.21630999,6896.68259299999,2256121.893832999,,3.0568749905985766,,3883.57704666517,11.871609548013438,Incendio y robo,119.4,3883.57704666517,26783798.21630999,accident_year_ultimate_estimate_including_nils,94.0,UltData
2024,Third Party Damage,157974293.727038,47519.858743,2256121.893832999,,21.06262913936222,,3324.3847499927324,70.0202831056483,Daños materiales a terceros,119.4,3324.3847499927324,157974293.727038,accident_year_ultimate_estimate_including_nils,94.0,UltData
2024,Third Party Injury (<=250k),295338512.437868,11439.610431,2256121.893832999,,5.070475341899579,,25817.182693349012,130.9053882439427,Lesiones hasta 250.000 €,119.4,25817.182693349012,295338512.437868,size_band_ultimate_estimate_not_additive,94.0,UltData
2024,Third Party Injury (>250k),168220189.83809298,286.884917,2256121.893832999,,0.12715842959734852,,586368.191110211,74.56165834741235,Lesiones superiores a 250.000 €,119.4,586368.191110211,168220189.83809298,size_band_ultimate_estimate_not_additive,94.0,UltData
2024,Third Party Injury (Total),463558700.28595597,11724.636816999999,2256121.893832999,,5.196809999073514,,39537.14793227748,205.4670457093083,Lesiones a terceros,119.4,39537.14793227748,463558700.28595597,accident_year_ultimate_estimate_including_nils,94.0,UltData
2024,Windscreen,22541845.587872,70882.627656,2256121.893832999,,31.417906917952557,,318.01650606506405,9.991412985924676,Lunas,119.4,318.01650606506405,22541845.587872,accident_year_ultimate_estimate_including_nils,94.0,UltData
2010,Daños materiales,249212684.033,241254.99999799998,1750216.1716379998,,137.84297271817184,,1032.9845351808915,142.38965910123306,Daños materiales,96.2,1282.1034667421875,309313871.8663222,accident_year_ultimate_estimate_including_nils,,UltData
2011,Daños materiales,214022784.7737299,216337.99999799998,1802329.9946529998,,120.03240285619907,,989.2981574004959,118.74783497399177,Daños materiales,97.4,1212.7535933636468,262364686.87867913,accident_year_ultimate_estimate_including_nils,,UltData
2012,Daños materiales,202773455.4208399,208169.99999799998,1869110.7561279999,,111.37381737037317,,974.0762618186486,108.48659168860598,Daños materiales,99.2,1172.426468358333,244064017.91580933,accident_year_ultimate_estimate_including_nils,,UltData
2013,Daños materiales,203777979.49489,209190.216537,1873236.797576,,111.67313006433338,,974.1276760849247,108.78388667069862,Daños materiales,99.7,1166.608270055567,244043036.62677902,accident_year_ultimate_estimate_including_nils,,UltData
2014,Daños materiales,215439556.3296078,204812.38282799989,1856550.545848999,,110.31877547634416,,1051.8873583465536,116.04292531183819,Daños materiales,100.0,1255.953505865785,257234830.25755173,accident_year_ultimate_estimate_including_nils,,UltData
2015,Daños materiales,204806278.581969,185537.273898,1813256.124247,,102.32270632757356,,1103.8551676390491,112.9494481465049,Daños materiales,100.0,1318.0030701610249,244538696.626871,accident_year_ultimate_estimate_including_nils,,UltData
2016,Daños materiales,180385751.12539598,167633.2010069999,1793366.696919,,93.47402363108078,,1076.074131149375,100.58497876385142,Daños materiales,99.8,1287.4073272468477,215812211.26625532,accident_year_ultimate_estimate_including_nils,,UltData
2017,Daños materiales,177831128.36346,156629.011458,1863650.8041109997,,84.04418419614575,,1135.3651964479477,95.42084170016452,Daños materiales,100.1,1354.2717727860636,212118249.01695433,accident_year_ultimate_estimate_including_nils,,UltData
2018,Daños materiales,188352874.217158,162416.864188,1878687.1350929998,,86.45232149309415,,1159.6879126981337,100.25771226023434,Daños materiales,100.8,1373.6779442079085,223108464.1024669,accident_year_ultimate_estimate_including_nils,,UltData
2019,Daños materiales,201585251.219587,157916.836069,1948466.452736,,81.04673080065409,,1276.5279259489885,103.45841517390498,Daños materiales,101.7,1498.6965030315557,236669409.9864178,accident_year_ultimate_estimate_including_nils,,UltData
2020,Daños materiales,158427534.0891509,125936.113685,2043973.549451,,61.61337739366821,,1257.9992303511974,77.50958134057247,Daños materiales,101.2,1484.2401986554642,186919442.39372152,accident_year_ultimate_estimate_including_nils,,UltData
2021,Daños materiales,203897253.45818588,146212.99647299998,2109937.3782829987,,69.2973156350183,,1394.5220902154072,96.63663744566254,Daños materiales,103.6,1607.2001696111931,234993552.73076636,accident_year_ultimate_estimate_including_nils,,UltData
2022,Daños materiales,328012766.1613999,177660.5151379999,2181836.130994998,,81.427066228379,,1846.2896266320747,150.3379477045391,Daños materiales,112.0,1968.2766198202655,349685038.21134955,accident_year_ultimate_estimate_including_nils,,UltData
2023,Daños materiales,414254753.650863,195163.078577,2211726.5765939998,,88.24014715125682,,2122.608213968208,187.29926114502106,Daños materiales,117.8,2151.4382066876406,419881303.7853399,accident_year_ultimate_estimate_including_nils,,UltData
2024,Daños materiales,432331044.006166,193329.18536499998,2256121.893832999,,85.69093092596462,,2236.2430338178756,191.62574734455714,Daños materiales,119.4,2236.2430338178756,432331044.006166,accident_year_ultimate_estimate_including_nils,94.0,UltData
2010,Lesiones,386362202.878681,13143.999999,1750216.1716379998,,7.509929465854916,,29394.56808491141,220.7511329969547,Lesiones,96.2,36483.48679145969,479538950.35046273,accident_year_ultimate_estimate_including_nils,,UltData
2011,Lesiones,453146107.358975,12413.0,1802329.9946529998,,6.887196038919532,,36505.76873914243,251.4223858579342,Lesiones,97.4,44751.424922521626,555499437.5632609,accident_year_ultimate_estimate_including_nils,,UltData
2012,Lesiones,482160379.735282,13818.999999,1869110.7561279999,,7.393355344884469,,34891.11945655786,257.9624445231446,Lesiones,99.2,41995.96434589727,580342231.2539585,accident_year_ultimate_estimate_including_nils,,UltData
2013,Lesiones,487827219.989757,12985.99999899999,1873236.797576,,6.932385705749585,,37565.62606093662,260.41940913237113,Lesiones,99.7,44988.32248421096,584218355.7349747,accident_year_ultimate_estimate_including_nils,,UltData
2014,Lesiones,537138089.311407,13877.05389699999,1856550.545848999,,7.474643730022457,,38706.925353048326,289.3204768986099,Lesiones,100.0,46216.0688715397,641342878.63782,accident_year_ultimate_estimate_including_nils,,UltData
2015,Lesiones,502933911.239899,12989.874171,1813256.124247,,7.163838575973027,,38717.38129401615,277.3650696747294,Lesiones,100.0,46228.553265055285,600503090.0204394,accident_year_ultimate_estimate_including_nils,,UltData
2016,Lesiones,499008207.783661,12604.622449999999,1793366.696919,,7.028469119926624,,39589.3022391687,278.2521882674391,Lesiones,99.8,47364.355584736906,597009819.7331576,accident_year_ultimate_estimate_including_nils,,UltData
2017,Lesiones,495343316.587014,12337.642883,1863650.8041109997,,6.620147323621237,,40148.94265334475,265.79191525276275,Lesiones,100.1,47889.94758051312,590849070.9339609,accident_year_ultimate_estimate_including_nils,,UltData
2018,Lesiones,465382807.371522,12072.391739,1878687.1350929998,,6.425972432287075,,38549.34609751749,247.71703530534072,Lesiones,100.8,45662.61829408322,551257015.8746005,accident_year_ultimate_estimate_including_nils,,UltData
2019,Lesiones,428512635.107747,12092.615604999999,1948466.452736,,6.206222123054659,,35435.89320167984,219.92302433846763,Lesiones,101.7,41603.2020479899,503091530.30349064,accident_year_ultimate_estimate_including_nils,,UltData
2020,Lesiones,346248602.602326,8414.74783,2043973.549451,,4.116857496644296,,41147.8287403802,169.39974722046986,Lesiones,101.2,48547.93232807703,408518608.2086731,accident_year_ultimate_estimate_including_nils,,UltData
2021,Lesiones,377273735.123894,8807.74813,2109937.3782829987,,4.174412103721993,,42834.301067132576,178.80802482911014,Lesiones,103.6,49366.94543837481,434811621.3686578,accident_year_ultimate_estimate_including_nils,,UltData
2022,Lesiones,448302466.856198,10586.197393,2181836.130994998,,4.851967222750273,,42347.828045661874,205.47027363221613,Lesiones,112.0,45145.809541535964,477922451.2734825,accident_year_ultimate_estimate_including_nils,,UltData
2023,Lesiones,439506781.918072,11269.48947,2211726.5765939998,,5.0953357387216975,,38999.706516259066,198.71659841195233,Lesiones,117.8,39529.41390527447,445476313.76076233,accident_year_ultimate_estimate_including_nils,,UltData
2024,Lesiones,463558700.28595597,11724.636816999999,2256121.893832999,,5.196809999073514,,39537.14793227748,205.4670457093083,Lesiones,119.4,39537.14793227748,463558700.28595597,accident_year_ultimate_estimate_including_nils,94.0,UltData
2010,Total,635574886.911681,254398.999997,1750216.1716379998,,145.35290218402676,,2498.338778529696,363.1407920981878,Total,96.2,3100.848754225007,788852822.216785,accident_year_ultimate_estimate_including_nils,,UltData
2011,Total,667168892.1327049,228750.99999799998,1802329.9946529998,,126.91959889511861,,2916.572570780185,370.170220831926,Total,97.4,3575.3466627428547,817864124.44194,accident_year_ultimate_estimate_including_nils,,UltData
2012,Total,684933835.156122,221988.999997,1869110.7561279999,,118.76717271525766,,3085.4404279733603,366.4490362117506,Total,99.2,3713.725676411484,824406249.1697677,accident_year_ultimate_estimate_including_nils,,UltData
2013,Total,691605199.4846469,222176.216536,1873236.797576,,118.60551577008297,,3112.8678409760555,369.2032958030697,Total,99.7,3727.948046264203,828261392.3617537,accident_year_ultimate_estimate_including_nils,,UltData
2014,Total,752577645.6410148,218689.4367249999,1856550.545848999,,117.79341920636662,,3441.3077143153228,405.36340221044816,Total,100.0,4108.921410892496,898577708.8953717,accident_year_ultimate_estimate_including_nils,,UltData
2015,Total,707740189.821868,198527.148069,1813256.124247,,109.48654490354656,,3564.954197477748,390.3145178212343,Total,100.0,4256.555311788431,845041786.6473104,accident_year_ultimate_estimate_including_nils,,UltData
2016,Total,679393958.909057,180237.8234569999,1793366.696919,,100.50249275100741,,3769.430555019673,378.83716703129056,Total,99.8,4509.719521736964,812822030.9994129,accident_year_ultimate_estimate_including_nils,,UltData
2017,Total,673174444.950474,168966.654341,1863650.8041109997,,90.66433151976698,,3984.066841922,361.2127569529273,Total,100.1,4752.2235856692,802967319.9509152,accident_year_ultimate_estimate_including_nils,,UltData
2018,Total,653735681.58868,174489.25592700002,1878687.1350929998,,92.87829392538123,,3746.566962622497,347.97474756557506,Total,100.8,4437.8977712016485,774365479.9770675,accident_year_ultimate_estimate_including_nils,,UltData
2019,Total,630097886.327334,170009.451674,1948466.452736,,87.25295292370876,,3706.2520943575078,323.3814395123726,Total,101.7,4351.293019334183,739760940.2899084,accident_year_ultimate_estimate_including_nils,,UltData
2020,Total,504676136.6914769,134350.861515,2043973.549451,,65.73023489031249,,3756.404171886392,246.90932856104234,Total,101.2,4431.963024933154,595438050.6023947,accident_year_ultimate_estimate_including_nils,,UltData
2021,Total,581170988.5820799,155020.744603,2109937.3782829987,,73.4717277387403,,3748.9884987356263,275.44466227477267,Total,103.6,4320.745431940481,669805174.0994242,accident_year_ultimate_estimate_including_nils,,UltData
2022,Total,776315233.0175979,188246.7125309999,2181836.130994998,,86.27903345112928,,4123.924516821278,355.80822133675525,Total,112.0,4396.3981009683985,827607489.484832,accident_year_ultimate_estimate_including_nils,,UltData
2023,Total,853761535.5689349,206432.56804699998,2211726.5765939998,,93.3354828899785,,4135.78895833216,386.0158595569734,Total,117.8,4191.9626623502545,865357617.5461022,accident_year_ultimate_estimate_including_nils,,UltData
2024,Total,895889744.292122,205053.82218199997,2256121.893832999,,90.88774092503813,,4369.04679346555,397.0927930538655,Total,119.4,4369.04679346555,895889744.292122,accident_year_ultimate_estimate_including_nils,94.0,UltData
