province_code,province,index_score,index_rank,weight_rank_min,weight_rank_max,weight_rank_p05,weight_rank_p95,weight_rank_std,bootstrap_rank_lower,bootstrap_rank_upper,bootstrap_score_lower,bootstrap_score_upper
01,Araba/Álava,72.05882352941177,11.0,7.0,45.0,10.0,38.0,8.502651586417022,8.0,14.0,68.23039215686275,79.61029411764706
02,Albacete,66.66666666666667,14.0,12.0,40.0,14.0,33.0,5.587914100986172,10.0,19.0,60.674019607843135,74.7156862745098
03,Alicante/Alacant,55.78431372549019,23.5,16.0,41.0,18.0,37.0,5.686819497750922,19.0,25.0,51.75490196078431,60.296568627450974
04,Almería,63.92156862745098,18.0,5.0,22.0,8.0,20.0,3.962792449775791,12.0,22.0,56.56617647058824,71.0857843137255
05,Ávila,68.13725490196077,13.0,1.0,27.0,1.0,23.0,7.415977076555718,10.0,22.0,57.42647058823529,75.98774509803921
06,Badajoz,43.52941176470589,30.0,23.0,43.0,24.0,40.0,4.524367359090107,24.975,36.0,37.44852941176471,51.9607843137255
07,"Balears, Illes",76.1764705882353,10.0,4.0,20.0,5.0,14.0,2.841926107413779,8.0,12.0,71.06862745098039,79.12009803921569
08,Barcelona,81.17647058823529,7.0,3.0,47.0,4.0,36.049999999999955,9.496167437445482,6.0,8.0,80.68382352941177,82.3529411764706
09,Burgos,56.86274509803921,22.0,4.0,30.0,5.0,27.0,7.220465081973583,16.0,26.0,48.62745098039216,65.10539215686275
10,Cáceres,26.764705882352942,42.0,25.0,47.0,31.0,45.0,3.4416019525796373,37.0,48.0,19.19362745098039,33.139705882352935
11,Cádiz,69.50980392156863,12.0,7.0,43.0,8.0,36.0,8.061345793352372,11.0,15.012500000000003,65.9779411764706,75.0
12,Castellón/Castelló,42.74509803921569,32.0,20.0,35.0,22.0,35.0,3.754924233589806,26.0,36.0,36.370098039215684,49.31617647058823
13,Ciudad Real,22.05882352941176,47.0,19.0,49.0,26.950000000000003,48.0,6.080488138299426,42.0,51.0,13.823529411764705,27.06617647058824
14,Córdoba,14.509803921568627,50.0,35.0,52.0,45.0,52.0,2.622983797128764,47.0,52.0,9.411764705882353,19.80637254901961
15,"Coruña, A",32.64705882352941,37.0,24.0,40.0,30.0,39.0,2.7386449203940364,34.0,41.0,28.13235294117647,38.825980392156865
16,Cuenca,23.823529411764703,45.0,8.0,50.0,12.0,49.0,11.179584249872624,38.975,50.0,14.794117647058822,29.904411764705884
17,Girona,77.94117647058823,8.0,5.0,26.0,6.0,14.0,2.803605535734301,6.0,11.0,73.91911764705883,82.25490196078431
18,Granada,38.8235294117647,35.0,13.0,38.0,15.0,36.0,6.481287217829494,32.0,39.0,30.36764705882353,42.254901960784316
19,Guadalajara,28.137254901960787,41.0,15.0,49.0,21.0,47.0,7.04159527379982,36.0,47.0125,17.933823529411764,35.01225490196079
20,Gipuzkoa,46.9607843137255,26.0,22.0,51.0,24.0,50.049999999999955,8.847511740596895,22.0,31.025000000000006,42.441176470588246,56.08088235294117
21,Huelva,29.509803921568626,39.0,28.0,47.0,33.0,44.0,3.2669710742521096,36.0,47.0,21.07352941176471,34.61029411764706
22,Huesca,50.196078431372555,25.0,3.0,36.0,6.0,35.0,9.434458331033106,20.975,32.025000000000006,41.56617647058824,57.75245098039216
23,Jaén,42.15686274509804,33.0,15.0,36.0,19.0,35.0,5.0727803027531175,25.0,35.5125,36.46323529411765,50.20588235294119
24,León,13.431372549019608,51.0,10.0,52.0,18.950000000000003,52.0,10.08938055581214,49.0,52.0,10.681372549019608,15.786764705882351
25,Lleida,85.09803921568627,2.0,1.0,17.0,1.0,10.0,3.390280224406234,1.0,7.025000000000006,79.90196078431373,88.72549019607844
26,"Rioja, La",65.7843137254902,16.0,10.0,30.0,12.0,22.0,3.1129946996421354,11.0,23.0,54.799019607843135,74.61029411764706
27,Lugo,19.901960784313726,48.0,12.0,50.0,21.0,49.0,8.507918899472424,41.9875,51.0,12.634803921568627,26.77696078431373
28,Madrid,62.84313725490196,19.0,8.0,51.0,14.0,47.0,10.464607016032652,15.9875,20.0,60.88235294117648,65.19852941176471
29,Málaga,84.80392156862746,4.0,2.0,32.0,2.0,17.049999999999955,5.581073731819,1.0,6.0,82.44362745098042,88.62745098039217
30,Murcia,85.19607843137256,1.0,1.0,13.0,1.0,7.0,2.066551717233324,1.0,6.025000000000006,81.76225490196077,88.03921568627452
31,Navarra,26.27450980392157,43.0,29.0,50.0,34.0,49.0,4.86360195739742,37.4875,47.0,20.875,32.94362745098039
32,Ourense,25.098039215686278,44.0,14.0,46.0,21.0,45.0,7.266571130870451,38.0,50.0,14.901960784313726,31.296568627450984
33,Asturias,55.78431372549019,23.5,17.0,29.0,20.0,26.0,1.8180693056096608,18.0,28.0,47.64705882352941,61.86274509803921
34,Palencia,12.647058823529411,52.0,14.0,52.0,27.950000000000003,52.0,7.610912954435897,48.975,52.0,2.051470588235294,16.375
35,"Palmas, Las",41.56862745098039,34.0,22.0,51.0,24.0,48.0,7.666292715517757,28.4875,36.0,35.97549019607843,46.2843137254902
36,Pontevedra,43.92156862745098,29.0,25.0,46.0,26.0,42.049999999999955,4.83874818522312,25.0,35.0,38.62500000000001,50.296568627450974
37,Salamanca,64.6078431372549,17.0,8.0,23.0,11.950000000000003,19.0,2.547057910609805,12.0,23.0,55.77450980392157,71.86274509803923
38,Santa Cruz de Tenerife,45.0,28.0,21.0,50.0,22.0,47.0,8.09985580118559,25.0,33.0,42.15441176470589,51.080882352941174
39,Cantabria,58.4313725490196,20.0,17.0,44.0,19.0,40.0,6.5381890459055985,16.975,26.0,50.07598039215687,64.8063725490196
40,Segovia,58.13725490196079,21.0,4.0,37.0,5.0,34.0,9.258029812006441,18.975,29.512500000000003,46.63480392156863,62.56372549019608
41,Sevilla,77.54901960784312,9.0,5.0,36.0,6.0,25.0,5.501817881391575,7.0,11.0,74.70343137254902,81.37499999999999
42,Soria,22.15686274509804,46.0,4.0,50.0,11.0,50.0,12.103272119555108,38.975,52.0,10.093137254901963,30.600490196078432
43,Tarragona,84.60784313725492,5.0,1.0,14.0,1.0,8.0,2.565696006934575,1.0,8.0,80.19117647058825,86.27450980392159
44,Teruel,36.86274509803921,36.0,9.0,48.0,13.0,46.0,9.896923966566586,25.4875,43.0,26.544117647058826,49.671568627450995
45,Toledo,16.96078431372549,49.0,31.0,52.0,43.0,51.0,2.959553344678885,44.0,51.0,12.448529411764705,24.02450980392157
46,Valencia/València,66.07843137254902,15.0,9.0,49.0,12.0,44.0,9.78833101197545,12.0,18.0,64.11519607843138,69.31372549019608
47,Valladolid,43.333333333333336,31.0,24.0,47.0,27.0,44.0,5.381085020699825,24.0,35.0,37.05882352941177,52.55637254901961
48,Bizkaia,29.117647058823533,40.0,33.0,52.0,36.0,52.0,6.189478491763268,37.0,43.025000000000006,25.4828431372549,32.15931372549019
49,Zamora,30.3921568627451,38.0,2.0,47.0,8.0,44.0,11.503577878208151,35.975,48.0,21.36519607843137,36.86274509803922
50,Zaragoza,45.68627450980392,27.0,20.0,33.0,24.0,31.0,2.219221485115894,24.0,34.0,39.70343137254902,51.76960784313726
51,Ceuta,83.62745098039217,6.0,2.0,50.0,2.0,39.0,11.243552997162412,1.0,6.0,82.54901960784315,88.921568627451
52,Melilla,85.0,3.0,1.0,51.0,1.0,41.049999999999955,12.131986811730386,1.0,5.0,85.0,90.01470588235294
