year,sex,age_band,population,population_status,standard_weight_2024
2022,F,0–17,3924523.0,,0.16506039373550163
2022,F,18–24,1642040.0,,0.07513045896318354
2022,F,25–44,6058265.0,,0.2502850336679405
2022,F,45–64,7209317.0,,0.3053194595317803
2022,F,65+,5363901.0,,0.20420465410159402
2022,M,0–17,4164099.0,,0.16506039373550163
2022,M,18–24,1744640.0,,0.07513045896318354
2022,M,25–44,6148203.0,,0.2502850336679405
2022,M,45–64,7113948.0,,0.3053194595317803
2022,M,65+,4117907.0,,0.20420465410159402
2023,F,0–17,3920010.0,,0.16506039373550163
2023,F,18–24,1708012.0,,0.07513045896318354
2023,F,25–44,6065001.0,,0.2502850336679405
2023,F,45–64,7352509.0,,0.3053194595317803
2023,F,65+,5474236.0,,0.20420465410159402
2023,M,0–17,4158174.0,,0.16506039373550163
2023,M,18–24,1816815.0,,0.07513045896318354
2023,M,25–44,6132869.0,,0.2502850336679405
2023,M,45–64,7244195.0,,0.3053194595317803
2023,M,65+,4213540.0,,0.20420465410159402
2024,F,0–17,3893389.0,,0.16506039373550163
2024,F,18–24,1770520.0,,0.07513045896318354
2024,F,25–44,6047511.0,,0.2502850336679405
2024,F,45–64,7479505.0,,0.3053194595317803
2024,F,65+,5601899.0,,0.20420465410159402
2024,M,0–17,4131797.0,,0.16506039373550163
2024,M,18–24,1882300.0,,0.07513045896318354
2024,M,25–44,6121271.0,,0.2502850336679405
2024,M,45–64,7365034.0,,0.3053194595317803
2024,M,65+,4326469.0,,0.20420465410159402
