year,sex,age_band,fatalities,population,population_status,standard_weight_2024,fatalities_per_million,lower,upper
2022,F,0–17,14.0,3924523.0,,0.1650603937355016,3.5673125116096913,1.950282945545382,5.985344237206808
2022,F,18–24,33.0,1642040.0,,0.0751304589631835,20.09695257119193,13.833817429983338,28.22359337724373
2022,F,25–44,84.0,6058265.0,,0.2502850336679405,13.865355840327222,11.059550835063504,17.166253996794083
2022,F,45–64,94.0,7209317.0,,0.3053194595317803,13.03868313739013,10.5365832018609,15.956046006692764
2022,F,65+,165.0,5363901.0,,0.204204654101594,30.76119413837056,26.2465539560219,35.82947944242997
2022,M,0–17,31.0,4164099.0,,0.1650603937355016,7.4445876526950965,5.058236122422127,10.566997927582594
2022,M,18–24,133.0,1744640.0,,0.0751304589631835,76.23349229640499,63.82871002279242,90.34530552377487
2022,M,25–44,421.0,6148203.0,,0.2502850336679405,68.47529269934645,62.08973081437359,75.33932373524527
2022,M,45–64,457.0,7113948.0,,0.3053194595317803,64.23999725609464,58.48451519741271,70.40872851099714
2022,M,65+,302.0,4117907.0,,0.204204654101594,73.33822740532995,65.29925840345253,82.09363231333855
2023,F,0–17,17.0,3920010.0,,0.1650603937355016,4.336723630807064,2.526301328212758,6.94351463794904
2023,F,18–24,44.0,1708012.0,,0.0751304589631835,25.760943131547087,18.717940715957695,34.582863750551944
2023,F,25–44,93.0,6065001.0,,0.2502850336679405,15.333880406614938,12.376420502362546,18.78503944604999
2023,F,45–64,96.0,7352509.0,,0.3053194595317803,13.056767424562146,10.576023533598455,15.944547772648558
2023,F,65+,133.0,5474236.0,,0.204204654101594,24.295627736911598,20.342221390193,28.793065156306486
2023,M,0–17,45.0,4158174.0,,0.1650603937355016,10.82205795139886,7.893683330287397,14.480764993710896
2023,M,18–24,140.0,1816815.0,,0.0751304589631835,77.05792829759771,64.82254452613519,90.93137738337201
2023,M,25–44,370.0,6132869.0,,0.2502850336679405,60.330654380519135,54.33920792142936,66.80227780294904
2023,M,45–64,517.0,7244195.0,,0.3053194595317803,71.36748803697306,65.34744541426213,77.79297647445726
2023,M,65+,330.0,4213540.0,,0.204204654101594,78.31894321639287,70.09590341587975,87.24158787252276
2024,F,0–17,20.0,3893389.0,,0.1650603937355016,5.13691285407135,3.1377598245137963,7.933545274483129
2024,F,18–24,37.0,1770520.0,,0.0751304589631835,20.897815331089173,14.713990560460221,28.804885650504275
2024,F,25–44,69.0,6047511.0,,0.2502850336679405,11.409652665369274,8.877390807035296,14.439645681511829
2024,F,45–64,96.0,7479505.0,,0.3053194595317803,12.835073978826138,10.39645113078933,15.673822131187622
2024,F,65+,137.0,5601899.0,,0.204204654101594,24.45599251253905,20.53241845913298,28.91098263072458
2024,M,0–17,37.0,4131797.0,,0.1650603937355016,8.95494139716932,6.30510515572426,12.343207118338782
2024,M,18–24,128.0,1882300.0,,0.0751304589631835,68.00191255379058,56.732366675346135,80.85449631667323
2024,M,25–44,398.0,6121271.0,,0.2502850336679405,65.0191765729699,58.78753584376368,71.73161056015068
2024,M,45–64,502.0,7365034.0,,0.3053194595317803,68.15990258836551,62.32707104271768,74.39161338483147
2024,M,65+,348.0,4326469.0,,0.204204654101594,80.43510770561399,72.20518992120802,89.34604798662444
