year,zone,age,category,vehicles,source_sheet,share_all_pct
2022,Vías interurbanas,Menos de un año,Total,1621,TABLA 8.3,2.9287946952861037
2022,Vías interurbanas,Menos de un año,Ciclomotor,28,TABLA 8.3,4.005722460658083
2022,Vías interurbanas,Menos de un año,Motocicleta,442,TABLA 8.3,6.423484958581602
2022,Vías interurbanas,Menos de un año,Turismo,891,TABLA 8.3,2.2611343738104304
2022,Vías interurbanas,Menos de un año,Furgoneta,103,TABLA 8.3,2.8770949720670393
2022,Vías interurbanas,Menos de un año,Autobús,14,TABLA 8.3,5.46875
2022,Vías interurbanas,Menos de un año,Camión hasta 3.500 kg,26,TABLA 8.3,3.1746031746031744
2022,Vías interurbanas,Menos de un año,Camión más 3.500 kg,96,TABLA 8.3,3.3684210526315788
2022,Vías interurbanas,Menos de un año,Otro vehículo,16,TABLA 8.3,2.488335925349922
2022,Vías interurbanas,Menos de un año,Se desconoce,5,TABLA 8.3,2.336448598130841
2022,Vías interurbanas,Un año,Total,2886,TABLA 8.3,5.214374762859776
2022,Vías interurbanas,Un año,Ciclomotor,35,TABLA 8.3,5.007153075822604
2022,Vías interurbanas,Un año,Motocicleta,604,TABLA 8.3,8.777793925301555
2022,Vías interurbanas,Un año,Turismo,1667,TABLA 8.3,4.230427610709301
2022,Vías interurbanas,Un año,Furgoneta,261,TABLA 8.3,7.29050279329609
2022,Vías interurbanas,Un año,Autobús,9,TABLA 8.3,3.515625
2022,Vías interurbanas,Un año,Camión hasta 3.500 kg,60,TABLA 8.3,7.326007326007327
2022,Vías interurbanas,Un año,Camión más 3.500 kg,203,TABLA 8.3,7.12280701754386
2022,Vías interurbanas,Un año,Otro vehículo,44,TABLA 8.3,6.842923794712286
2022,Vías interurbanas,Un año,Se desconoce,3,TABLA 8.3,1.4018691588785046
2022,Vías interurbanas,Dos años,Total,2406,TABLA 8.3,4.34711908504526
2022,Vías interurbanas,Dos años,Ciclomotor,33,TABLA 8.3,4.721030042918455
2022,Vías interurbanas,Dos años,Motocicleta,443,TABLA 8.3,6.438017729981108
2022,Vías interurbanas,Dos años,Turismo,1471,TABLA 8.3,3.733028803451339
2022,Vías interurbanas,Dos años,Furgoneta,206,TABLA 8.3,5.754189944134079
2022,Vías interurbanas,Dos años,Autobús,12,TABLA 8.3,4.6875
2022,Vías interurbanas,Dos años,Camión hasta 3.500 kg,36,TABLA 8.3,4.395604395604396
2022,Vías interurbanas,Dos años,Camión más 3.500 kg,170,TABLA 8.3,5.964912280701754
2022,Vías interurbanas,Dos años,Otro vehículo,31,TABLA 8.3,4.821150855365474
2022,Vías interurbanas,Dos años,Se desconoce,4,TABLA 8.3,1.8691588785046727
2022,Vías interurbanas,Tres años,Total,3059,TABLA 8.3,5.526948163405424
2022,Vías interurbanas,Tres años,Ciclomotor,40,TABLA 8.3,5.7224606580829755
2022,Vías interurbanas,Tres años,Motocicleta,439,TABLA 8.3,6.379886644383085
2022,Vías interurbanas,Tres años,Turismo,2021,TABLA 8.3,5.12879076259358
2022,Vías interurbanas,Tres años,Furgoneta,259,TABLA 8.3,7.234636871508379
2022,Vías interurbanas,Tres años,Autobús,15,TABLA 8.3,5.859375
2022,Vías interurbanas,Tres años,Camión hasta 3.500 kg,51,TABLA 8.3,6.227106227106227
2022,Vías interurbanas,Tres años,Camión más 3.500 kg,208,TABLA 8.3,7.298245614035087
2022,Vías interurbanas,Tres años,Otro vehículo,26,TABLA 8.3,4.043545878693624
2022,Vías interurbanas,Tres años,Se desconoce,0,TABLA 8.3,0.0
2022,Vías interurbanas,Cuatro años,Total,2960,TABLA 8.3,5.34807667985618
2022,Vías interurbanas,Cuatro años,Ciclomotor,21,TABLA 8.3,3.004291845493562
2022,Vías interurbanas,Cuatro años,Motocicleta,418,TABLA 8.3,6.0746984449934605
2022,Vías interurbanas,Cuatro años,Turismo,1948,TABLA 8.3,4.943535084380154
2022,Vías interurbanas,Cuatro años,Furgoneta,258,TABLA 8.3,7.206703910614524
2022,Vías interurbanas,Cuatro años,Autobús,21,TABLA 8.3,8.203125
2022,Vías interurbanas,Cuatro años,Camión hasta 3.500 kg,40,TABLA 8.3,4.884004884004884
2022,Vías interurbanas,Cuatro años,Camión más 3.500 kg,213,TABLA 8.3,7.473684210526316
2022,Vías interurbanas,Cuatro años,Otro vehículo,39,TABLA 8.3,6.065318818040436
2022,Vías interurbanas,Cuatro años,Se desconoce,2,TABLA 8.3,0.9345794392523363
2022,Vías interurbanas,Cinco años,Total,2764,TABLA 8.3,4.99394727808192
2022,Vías interurbanas,Cinco años,Ciclomotor,32,TABLA 8.3,4.57796852646638
2022,Vías interurbanas,Cinco años,Motocicleta,259,TABLA 8.3,3.7639877924720246
2022,Vías interurbanas,Cinco años,Turismo,2009,TABLA 8.3,5.098337774394112
2022,Vías interurbanas,Cinco años,Furgoneta,191,TABLA 8.3,5.335195530726257
2022,Vías interurbanas,Cinco años,Autobús,18,TABLA 8.3,7.03125
2022,Vías interurbanas,Cinco años,Camión hasta 3.500 kg,30,TABLA 8.3,3.6630036630036633
2022,Vías interurbanas,Cinco años,Camión más 3.500 kg,190,TABLA 8.3,6.666666666666667
2022,Vías interurbanas,Cinco años,Otro vehículo,31,TABLA 8.3,4.821150855365474
2022,Vías interurbanas,Cinco años,Se desconoce,4,TABLA 8.3,1.8691588785046727
2022,Vías interurbanas,De 6 a 7 años,Total,4774,TABLA 8.3,8.625580428930204
2022,Vías interurbanas,De 6 a 7 años,Ciclomotor,32,TABLA 8.3,4.57796852646638
2022,Vías interurbanas,De 6 a 7 años,Motocicleta,571,TABLA 8.3,8.29821246911786
2022,Vías interurbanas,De 6 a 7 años,Turismo,3328,TABLA 8.3,8.44562872731887
2022,Vías interurbanas,De 6 a 7 años,Furgoneta,335,TABLA 8.3,9.35754189944134
2022,Vías interurbanas,De 6 a 7 años,Autobús,34,TABLA 8.3,13.28125
2022,Vías interurbanas,De 6 a 7 años,Camión hasta 3.500 kg,58,TABLA 8.3,7.0818070818070815
2022,Vías interurbanas,De 6 a 7 años,Camión más 3.500 kg,368,TABLA 8.3,12.912280701754387
2022,Vías interurbanas,De 6 a 7 años,Otro vehículo,46,TABLA 8.3,7.153965785381026
2022,Vías interurbanas,De 6 a 7 años,Se desconoce,2,TABLA 8.3,0.9345794392523363
2022,Vías interurbanas,De 8 a 10 años,Total,4455,TABLA 8.3,8.049216759715975
2022,Vías interurbanas,De 8 a 10 años,Ciclomotor,50,TABLA 8.3,7.1530758226037205
2022,Vías interurbanas,De 8 a 10 años,Motocicleta,504,TABLA 8.3,7.3245167853509665
2022,Vías interurbanas,De 8 a 10 años,Turismo,3179,TABLA 8.3,8.067504123842152
2022,Vías interurbanas,De 8 a 10 años,Furgoneta,272,TABLA 8.3,7.597765363128492
2022,Vías interurbanas,De 8 a 10 años,Autobús,29,TABLA 8.3,11.328125
2022,Vías interurbanas,De 8 a 10 años,Camión hasta 3.500 kg,50,TABLA 8.3,6.105006105006105
2022,Vías interurbanas,De 8 a 10 años,Camión más 3.500 kg,342,TABLA 8.3,12.0
2022,Vías interurbanas,De 8 a 10 años,Otro vehículo,28,TABLA 8.3,4.354587869362364
2022,Vías interurbanas,De 8 a 10 años,Se desconoce,1,TABLA 8.3,0.46728971962616817
2022,Vías interurbanas,De 11 a 15 años,Total,10502,TABLA 8.3,18.97483151751676
2022,Vías interurbanas,De 11 a 15 años,Ciclomotor,140,TABLA 8.3,20.028612303290416
2022,Vías interurbanas,De 11 a 15 años,Motocicleta,1390,TABLA 8.3,20.20055224531318
2022,Vías interurbanas,De 11 a 15 años,Turismo,7631,TABLA 8.3,19.365562745844436
2022,Vías interurbanas,De 11 a 15 años,Furgoneta,588,TABLA 8.3,16.424581005586592
2022,Vías interurbanas,De 11 a 15 años,Autobús,73,TABLA 8.3,28.515625
2022,Vías interurbanas,De 11 a 15 años,Camión hasta 3.500 kg,123,TABLA 8.3,15.018315018315018
2022,Vías interurbanas,De 11 a 15 años,Camión más 3.500 kg,459,TABLA 8.3,16.105263157894736
2022,Vías interurbanas,De 11 a 15 años,Otro vehículo,97,TABLA 8.3,15.085536547433904
2022,Vías interurbanas,De 11 a 15 años,Se desconoce,1,TABLA 8.3,0.46728971962616817
2022,Vías interurbanas,Más de 15 años,Total,17862,TABLA 8.3,32.27275191067267
2022,Vías interurbanas,Más de 15 años,Ciclomotor,284,TABLA 8.3,40.629470672389125
2022,Vías interurbanas,Más de 15 años,Motocicleta,1404,TABLA 8.3,20.404011044906266
2022,Vías interurbanas,Más de 15 años,Turismo,14199,TABLA 8.3,36.03349828701942
2022,Vías interurbanas,Más de 15 años,Furgoneta,975,TABLA 8.3,27.23463687150838
2022,Vías interurbanas,Más de 15 años,Autobús,23,TABLA 8.3,8.984375
2022,Vías interurbanas,Más de 15 años,Camión hasta 3.500 kg,261,TABLA 8.3,31.868131868131865
2022,Vías interurbanas,Más de 15 años,Camión más 3.500 kg,512,TABLA 8.3,17.964912280701753
2022,Vías interurbanas,Más de 15 años,Otro vehículo,201,TABLA 8.3,31.259720062208395
2022,Vías interurbanas,Más de 15 años,Se desconoce,3,TABLA 8.3,1.4018691588785046
2022,Vías interurbanas,Se desconoce,Total,2058,TABLA 8.3,3.7183587186297364
2022,Vías interurbanas,Se desconoce,Ciclomotor,4,TABLA 8.3,0.5722460658082975
2022,Vías interurbanas,Se desconoce,Motocicleta,407,TABLA 8.3,5.914837959598895
2022,Vías interurbanas,Se desconoce,Turismo,1061,TABLA 8.3,2.692551706636214
2022,Vías interurbanas,Se desconoce,Furgoneta,132,TABLA 8.3,3.687150837988827
2022,Vías interurbanas,Se desconoce,Autobús,8,TABLA 8.3,3.125
2022,Vías interurbanas,Se desconoce,Camión hasta 3.500 kg,84,TABLA 8.3,10.256410256410255
2022,Vías interurbanas,Se desconoce,Camión más 3.500 kg,89,TABLA 8.3,3.1228070175438596
2022,Vías interurbanas,Se desconoce,Otro vehículo,84,TABLA 8.3,13.063763608087092
2022,Vías interurbanas,Se desconoce,Se desconoce,189,TABLA 8.3,88.3177570093458
2022,Vías interurbanas,Total,Total,55347,TABLA 8.3,100.0
2022,Vías interurbanas,Total,Ciclomotor,699,TABLA 8.3,100.0
2022,Vías interurbanas,Total,Motocicleta,6881,TABLA 8.3,100.0
2022,Vías interurbanas,Total,Turismo,39405,TABLA 8.3,100.0
2022,Vías interurbanas,Total,Furgoneta,3580,TABLA 8.3,100.0
2022,Vías interurbanas,Total,Autobús,256,TABLA 8.3,100.0
2022,Vías interurbanas,Total,Camión hasta 3.500 kg,819,TABLA 8.3,100.0
2022,Vías interurbanas,Total,Camión más 3.500 kg,2850,TABLA 8.3,100.0
2022,Vías interurbanas,Total,Otro vehículo,643,TABLA 8.3,100.0
2022,Vías interurbanas,Total,Se desconoce,214,TABLA 8.3,100.0
2022,Vías urbanas,Menos de un año,Total,2972,TABLA 8.3,2.956272629610472
2022,Vías urbanas,Menos de un año,Ciclomotor,190,TABLA 8.3,3.760886777513856
2022,Vías urbanas,Menos de un año,Motocicleta,1094,TABLA 8.3,5.15090164320354
2022,Vías urbanas,Menos de un año,Turismo,1440,TABLA 8.3,2.3670584367551575
2022,Vías urbanas,Menos de un año,Furgoneta,132,TABLA 8.3,2.169268693508628
2022,Vías urbanas,Menos de un año,Autobús,54,TABLA 8.3,2.63671875
2022,Vías urbanas,Menos de un año,Camión hasta 3.500 kg,11,TABLA 8.3,1.1764705882352942
2022,Vías urbanas,Menos de un año,Camión más 3.500 kg,18,TABLA 8.3,2.097902097902098
2022,Vías urbanas,Menos de un año,Otro vehículo,21,TABLA 8.3,0.8491710473109584
2022,Vías urbanas,Menos de un año,Se desconoce,12,TABLA 8.3,1.1916583912611718
2022,Vías urbanas,Un año,Total,5601,TABLA 8.3,5.571360362869534
2022,Vías urbanas,Un año,Ciclomotor,300,TABLA 8.3,5.938242280285035
2022,Vías urbanas,Un año,Motocicleta,1796,TABLA 8.3,8.456142002919158
2022,Vías urbanas,Un año,Turismo,2845,TABLA 8.3,4.676584203172516
2022,Vías urbanas,Un año,Furgoneta,417,TABLA 8.3,6.85291700903862
2022,Vías urbanas,Un año,Autobús,118,TABLA 8.3,5.76171875
2022,Vías urbanas,Un año,Camión hasta 3.500 kg,43,TABLA 8.3,4.598930481283422
2022,Vías urbanas,Un año,Camión más 3.500 kg,49,TABLA 8.3,5.710955710955711
2022,Vías urbanas,Un año,Otro vehículo,24,TABLA 8.3,0.9704811969268096
2022,Vías urbanas,Un año,Se desconoce,9,TABLA 8.3,0.893743793445879
2022,Vías urbanas,Dos años,Total,4897,TABLA 8.3,4.871085823419409
2022,Vías urbanas,Dos años,Ciclomotor,360,TABLA 8.3,7.1258907363420425
2022,Vías urbanas,Dos años,Motocicleta,1472,TABLA 8.3,6.930646452281181
2022,Vías urbanas,Dos años,Turismo,2390,TABLA 8.3,3.928659488781129
2022,Vías urbanas,Dos años,Furgoneta,442,TABLA 8.3,7.263763352506163
2022,Vías urbanas,Dos años,Autobús,133,TABLA 8.3,6.494140625
2022,Vías urbanas,Dos años,Camión hasta 3.500 kg,22,TABLA 8.3,2.3529411764705883
2022,Vías urbanas,Dos años,Camión más 3.500 kg,52,TABLA 8.3,6.0606060606060606
2022,Vías urbanas,Dos años,Otro vehículo,23,TABLA 8.3,0.9300444803881924
2022,Vías urbanas,Dos años,Se desconoce,3,TABLA 8.3,0.29791459781529295
2022,Vías urbanas,Tres años,Total,5842,TABLA 8.3,5.8110850276528865
2022,Vías urbanas,Tres años,Ciclomotor,313,TABLA 8.3,6.19556611243072
2022,Vías urbanas,Tres años,Motocicleta,1476,TABLA 8.3,6.949479730684119
2022,Vías urbanas,Tres años,Turismo,3316,TABLA 8.3,5.450809566861182
2022,Vías urbanas,Tres años,Furgoneta,397,TABLA 8.3,6.5242399342645845
2022,Vías urbanas,Tres años,Autobús,188,TABLA 8.3,9.1796875
2022,Vías urbanas,Tres años,Camión hasta 3.500 kg,45,TABLA 8.3,4.81283422459893
2022,Vías urbanas,Tres años,Camión más 3.500 kg,67,TABLA 8.3,7.80885780885781
2022,Vías urbanas,Tres años,Otro vehículo,38,TABLA 8.3,1.5365952284674484
2022,Vías urbanas,Tres años,Se desconoce,2,TABLA 8.3,0.19860973187686196
2022,Vías urbanas,Cuatro años,Total,5400,TABLA 8.3,5.3714240241913025
2022,Vías urbanas,Cuatro años,Ciclomotor,212,TABLA 8.3,4.196357878068092
2022,Vías urbanas,Cuatro años,Motocicleta,1093,TABLA 8.3,5.146193323602806
2022,Vías urbanas,Cuatro años,Turismo,3461,TABLA 8.3,5.689159201117778
2022,Vías urbanas,Cuatro años,Furgoneta,402,TABLA 8.3,6.606409202958094
2022,Vías urbanas,Cuatro años,Autobús,113,TABLA 8.3,5.517578125
2022,Vías urbanas,Cuatro años,Camión hasta 3.500 kg,39,TABLA 8.3,4.171122994652406
2022,Vías urbanas,Cuatro años,Camión más 3.500 kg,61,TABLA 8.3,7.109557109557109
2022,Vías urbanas,Cuatro años,Otro vehículo,19,TABLA 8.3,0.7682976142337242
2022,Vías urbanas,Cuatro años,Se desconoce,0,TABLA 8.3,0.0
2022,Vías urbanas,Cinco años,Total,4583,TABLA 8.3,4.5587474634942105
2022,Vías urbanas,Cinco años,Ciclomotor,241,TABLA 8.3,4.770387965162312
2022,Vías urbanas,Cinco años,Motocicleta,845,TABLA 8.3,3.9785300626206506
2022,Vías urbanas,Cinco años,Turismo,2963,TABLA 8.3,4.870551491739953
2022,Vías urbanas,Cinco años,Furgoneta,331,TABLA 8.3,5.439605587510271
2022,Vías urbanas,Cinco años,Autobús,102,TABLA 8.3,4.98046875
2022,Vías urbanas,Cinco años,Camión hasta 3.500 kg,21,TABLA 8.3,2.2459893048128343
2022,Vías urbanas,Cinco años,Camión más 3.500 kg,55,TABLA 8.3,6.41025641025641
2022,Vías urbanas,Cinco años,Otro vehículo,20,TABLA 8.3,0.8087343307723414
2022,Vías urbanas,Cinco años,Se desconoce,5,TABLA 8.3,0.49652432969215493
2022,Vías urbanas,De 6 a 7 años,Total,8432,TABLA 8.3,8.387379142959455
2022,Vías urbanas,De 6 a 7 años,Ciclomotor,367,TABLA 8.3,7.264449722882027
2022,Vías urbanas,De 6 a 7 años,Motocicleta,1851,TABLA 8.3,8.715099580959555
2022,Vías urbanas,De 6 a 7 años,Turismo,5284,TABLA 8.3,8.685789430426563
2022,Vías urbanas,De 6 a 7 años,Furgoneta,604,TABLA 8.3,9.926047658175841
2022,Vías urbanas,De 6 a 7 años,Autobús,166,TABLA 8.3,8.10546875
2022,Vías urbanas,De 6 a 7 años,Camión hasta 3.500 kg,44,TABLA 8.3,4.705882352941177
2022,Vías urbanas,De 6 a 7 años,Camión más 3.500 kg,85,TABLA 8.3,9.906759906759907
2022,Vías urbanas,De 6 a 7 años,Otro vehículo,28,TABLA 8.3,1.1322280630812778
2022,Vías urbanas,De 6 a 7 años,Se desconoce,3,TABLA 8.3,0.29791459781529295
2022,Vías urbanas,De 8 a 10 años,Total,7667,TABLA 8.3,7.626427406199021
2022,Vías urbanas,De 8 a 10 años,Ciclomotor,288,TABLA 8.3,5.7007125890736345
2022,Vías urbanas,De 8 a 10 años,Motocicleta,1584,TABLA 8.3,7.457978247563444
2022,Vías urbanas,De 8 a 10 años,Turismo,5014,TABLA 8.3,8.241965973534972
2022,Vías urbanas,De 8 a 10 años,Furgoneta,486,TABLA 8.3,7.986852917009038
2022,Vías urbanas,De 8 a 10 años,Autobús,138,TABLA 8.3,6.73828125
2022,Vías urbanas,De 8 a 10 años,Camión hasta 3.500 kg,38,TABLA 8.3,4.064171122994653
2022,Vías urbanas,De 8 a 10 años,Camión más 3.500 kg,77,TABLA 8.3,8.974358974358974
2022,Vías urbanas,De 8 a 10 años,Otro vehículo,35,TABLA 8.3,1.4152850788515974
2022,Vías urbanas,De 8 a 10 años,Se desconoce,7,TABLA 8.3,0.6951340615690168
2022,Vías urbanas,De 11 a 15 años,Total,16242,TABLA 8.3,16.156049814984282
2022,Vías urbanas,De 11 a 15 años,Ciclomotor,757,TABLA 8.3,14.984164687252575
2022,Vías urbanas,De 11 a 15 años,Motocicleta,3156,TABLA 8.3,14.859456659918074
2022,Vías urbanas,De 11 a 15 años,Turismo,10805,TABLA 8.3,17.76115722856908
2022,Vías urbanas,De 11 a 15 años,Furgoneta,806,TABLA 8.3,13.24568611339359
2022,Vías urbanas,De 11 a 15 años,Autobús,303,TABLA 8.3,14.794921875
2022,Vías urbanas,De 11 a 15 años,Camión hasta 3.500 kg,169,TABLA 8.3,18.074866310160427
2022,Vías urbanas,De 11 a 15 años,Camión más 3.500 kg,162,TABLA 8.3,18.88111888111888
2022,Vías urbanas,De 11 a 15 años,Otro vehículo,76,TABLA 8.3,3.073190456934897
2022,Vías urbanas,De 11 a 15 años,Se desconoce,8,TABLA 8.3,0.7944389275074478
2022,Vías urbanas,Más de 15 años,Total,23330,TABLA 8.3,23.20654120081168
2022,Vías urbanas,Más de 15 años,Ciclomotor,1484,TABLA 8.3,29.374505146476643
2022,Vías urbanas,Más de 15 años,Motocicleta,2544,TABLA 8.3,11.977965064268563
2022,Vías urbanas,Más de 15 años,Turismo,17323,TABLA 8.3,28.475384236048328
2022,Vías urbanas,Más de 15 años,Furgoneta,1207,TABLA 8.3,19.835661462612983
2022,Vías urbanas,Más de 15 años,Autobús,140,TABLA 8.3,6.8359375
2022,Vías urbanas,Más de 15 años,Camión hasta 3.500 kg,301,TABLA 8.3,32.19251336898395
2022,Vías urbanas,Más de 15 años,Camión más 3.500 kg,167,TABLA 8.3,19.46386946386946
2022,Vías urbanas,Más de 15 años,Otro vehículo,151,TABLA 8.3,6.105944197331177
2022,Vías urbanas,Más de 15 años,Se desconoce,13,TABLA 8.3,1.2909632571996028
2022,Vías urbanas,Se desconoce,Total,15566,TABLA 8.3,15.483627103807743
2022,Vías urbanas,Se desconoce,Ciclomotor,540,TABLA 8.3,10.688836104513063
2022,Vías urbanas,Se desconoce,Motocicleta,4328,TABLA 8.3,20.377607231978907
2022,Vías urbanas,Se desconoce,Turismo,5994,TABLA 8.3,9.852880742993344
2022,Vías urbanas,Se desconoce,Furgoneta,861,TABLA 8.3,14.149548069022186
2022,Vías urbanas,Se desconoce,Autobús,593,TABLA 8.3,28.955078125
2022,Vías urbanas,Se desconoce,Camión hasta 3.500 kg,202,TABLA 8.3,21.604278074866308
2022,Vías urbanas,Se desconoce,Camión más 3.500 kg,65,TABLA 8.3,7.575757575757576
2022,Vías urbanas,Se desconoce,Otro vehículo,2038,TABLA 8.3,82.41002830570157
2022,Vías urbanas,Se desconoce,Se desconoce,945,TABLA 8.3,93.84309831181727
2022,Vías urbanas,Total,Total,100532,TABLA 8.3,100.0
2022,Vías urbanas,Total,Ciclomotor,5052,TABLA 8.3,100.0
2022,Vías urbanas,Total,Motocicleta,21239,TABLA 8.3,100.0
2022,Vías urbanas,Total,Turismo,60835,TABLA 8.3,100.0
2022,Vías urbanas,Total,Furgoneta,6085,TABLA 8.3,100.0
2022,Vías urbanas,Total,Autobús,2048,TABLA 8.3,100.0
2022,Vías urbanas,Total,Camión hasta 3.500 kg,935,TABLA 8.3,100.0
2022,Vías urbanas,Total,Camión más 3.500 kg,858,TABLA 8.3,100.0
2022,Vías urbanas,Total,Otro vehículo,2473,TABLA 8.3,100.0
2022,Vías urbanas,Total,Se desconoce,1007,TABLA 8.3,100.0
2022,Total,Menos de un año,Total,4593,TABLA 8.3,2.946516208084476
2022,Total,Menos de un año,Ciclomotor,218,TABLA 8.3,3.790645105199096
2022,Total,Menos de un año,Motocicleta,1536,TABLA 8.3,5.462304409672831
2022,Total,Menos de un año,Turismo,2331,TABLA 8.3,2.3254189944134076
2022,Total,Menos de un año,Furgoneta,235,TABLA 8.3,2.431453698913606
2022,Total,Menos de un año,Autobús,68,TABLA 8.3,2.951388888888889
2022,Total,Menos de un año,Camión hasta 3.500 kg,37,TABLA 8.3,2.1094640820980617
2022,Total,Menos de un año,Camión más 3.500 kg,114,TABLA 8.3,3.074433656957929
2022,Total,Menos de un año,Otro vehículo,37,TABLA 8.3,1.1874197689345314
2022,Total,Menos de un año,Se desconoce,17,TABLA 8.3,1.3923013923013923
2022,Total,Un año,Total,8487,TABLA 8.3,5.444607676467003
2022,Total,Un año,Ciclomotor,335,TABLA 8.3,5.825073900191271
2022,Total,Un año,Motocicleta,2400,TABLA 8.3,8.534850640113797
2022,Total,Un año,Turismo,4512,TABLA 8.3,4.501197126895451
2022,Total,Un año,Furgoneta,678,TABLA 8.3,7.015002586652871
2022,Total,Un año,Autobús,127,TABLA 8.3,5.512152777777778
2022,Total,Un año,Camión hasta 3.500 kg,103,TABLA 8.3,5.872291904218928
2022,Total,Un año,Camión más 3.500 kg,252,TABLA 8.3,6.796116504854369
2022,Total,Un año,Otro vehículo,68,TABLA 8.3,2.1822849807445444
2022,Total,Un año,Se desconoce,12,TABLA 8.3,0.9828009828009828
2022,Total,Dos años,Total,7303,TABLA 8.3,4.685044168874575
2022,Total,Dos años,Ciclomotor,393,TABLA 8.3,6.83359415753782
2022,Total,Dos años,Motocicleta,1915,TABLA 8.3,6.810099573257468
2022,Total,Dos años,Turismo,3861,TABLA 8.3,3.8517557861133276
2022,Total,Dos años,Furgoneta,648,TABLA 8.3,6.704604242110709
2022,Total,Dos años,Autobús,145,TABLA 8.3,6.293402777777778
2022,Total,Dos años,Camión hasta 3.500 kg,58,TABLA 8.3,3.30672748004561
2022,Total,Dos años,Camión más 3.500 kg,222,TABLA 8.3,5.9870550161812295
2022,Total,Dos años,Otro vehículo,54,TABLA 8.3,1.7329910141206675
2022,Total,Dos años,Se desconoce,7,TABLA 8.3,0.5733005733005733
2022,Total,Tres años,Total,8901,TABLA 8.3,5.7101982948312475
2022,Total,Tres años,Ciclomotor,353,TABLA 8.3,6.138062945574683
2022,Total,Tres años,Motocicleta,1915,TABLA 8.3,6.810099573257468
2022,Total,Tres años,Turismo,5337,TABLA 8.3,5.324221867517957
2022,Total,Tres años,Furgoneta,656,TABLA 8.3,6.787377133988619
2022,Total,Tres años,Autobús,203,TABLA 8.3,8.81076388888889
2022,Total,Tres años,Camión hasta 3.500 kg,96,TABLA 8.3,5.473204104903079
2022,Total,Tres años,Camión más 3.500 kg,275,TABLA 8.3,7.416396979503776
2022,Total,Tres años,Otro vehículo,64,TABLA 8.3,2.053915275994865
2022,Total,Tres años,Se desconoce,2,TABLA 8.3,0.16380016380016382
2022,Total,Cuatro años,Total,8360,TABLA 8.3,5.363134225905991
2022,Total,Cuatro años,Ciclomotor,233,TABLA 8.3,4.051469309685272
2022,Total,Cuatro años,Motocicleta,1511,TABLA 8.3,5.373399715504979
2022,Total,Cuatro años,Turismo,5409,TABLA 8.3,5.3960494812450115
2022,Total,Cuatro años,Furgoneta,660,TABLA 8.3,6.828763579927574
2022,Total,Cuatro años,Autobús,134,TABLA 8.3,5.815972222222222
2022,Total,Cuatro años,Camión hasta 3.500 kg,79,TABLA 8.3,4.503990877993159
2022,Total,Cuatro años,Camión más 3.500 kg,274,TABLA 8.3,7.389428263214672
2022,Total,Cuatro años,Otro vehículo,58,TABLA 8.3,1.8613607188703467
2022,Total,Cuatro años,Se desconoce,2,TABLA 8.3,0.16380016380016382
2022,Total,Cinco años,Total,7347,TABLA 8.3,4.713271191116187
2022,Total,Cinco años,Ciclomotor,273,TABLA 8.3,4.747000521648409
2022,Total,Cinco años,Motocicleta,1104,TABLA 8.3,3.926031294452347
2022,Total,Cinco años,Turismo,4972,TABLA 8.3,4.960095770151636
2022,Total,Cinco años,Furgoneta,522,TABLA 8.3,5.4009311950336265
2022,Total,Cinco años,Autobús,120,TABLA 8.3,5.208333333333334
2022,Total,Cinco años,Camión hasta 3.500 kg,51,TABLA 8.3,2.9076396807297606
2022,Total,Cinco años,Camión más 3.500 kg,245,TABLA 8.3,6.6073354908306365
2022,Total,Cinco años,Otro vehículo,51,TABLA 8.3,1.6367137355584083
2022,Total,Cinco años,Se desconoce,9,TABLA 8.3,0.7371007371007371
2022,Total,De 6 a 7 años,Total,13206,TABLA 8.3,8.471955811879727
2022,Total,De 6 a 7 años,Ciclomotor,399,TABLA 8.3,6.9379238393322895
2022,Total,De 6 a 7 años,Motocicleta,2422,TABLA 8.3,8.613086770981509
2022,Total,De 6 a 7 años,Turismo,8612,TABLA 8.3,8.591380686352753
2022,Total,De 6 a 7 años,Furgoneta,939,TABLA 8.3,9.715468184169683
2022,Total,De 6 a 7 años,Autobús,200,TABLA 8.3,8.680555555555555
2022,Total,De 6 a 7 años,Camión hasta 3.500 kg,102,TABLA 8.3,5.815279361459521
2022,Total,De 6 a 7 años,Camión más 3.500 kg,453,TABLA 8.3,12.216828478964402
2022,Total,De 6 a 7 años,Otro vehículo,74,TABLA 8.3,2.3748395378690628
2022,Total,De 6 a 7 años,Se desconoce,5,TABLA 8.3,0.4095004095004095
2022,Total,De 8 a 10 años,Total,12122,TABLA 8.3,7.776544627563688
2022,Total,De 8 a 10 años,Ciclomotor,338,TABLA 8.3,5.877238741088506
2022,Total,De 8 a 10 años,Motocicleta,2088,TABLA 8.3,7.425320056899004
2022,Total,De 8 a 10 años,Turismo,8193,TABLA 8.3,8.17338387869114
2022,Total,De 8 a 10 años,Furgoneta,758,TABLA 8.3,7.8427315054319715
2022,Total,De 8 a 10 años,Autobús,167,TABLA 8.3,7.248263888888889
2022,Total,De 8 a 10 años,Camión hasta 3.500 kg,88,TABLA 8.3,5.017103762827822
2022,Total,De 8 a 10 años,Camión más 3.500 kg,419,TABLA 8.3,11.299892125134843
2022,Total,De 8 a 10 años,Otro vehículo,63,TABLA 8.3,2.0218228498074455
2022,Total,De 8 a 10 años,Se desconoce,8,TABLA 8.3,0.6552006552006553
2022,Total,De 11 a 15 años,Total,26744,TABLA 8.3,17.156897337037062
2022,Total,De 11 a 15 años,Ciclomotor,897,TABLA 8.3,15.597287428273344
2022,Total,De 11 a 15 años,Motocicleta,4546,TABLA 8.3,16.16642958748222
2022,Total,De 11 a 15 años,Turismo,18436,TABLA 8.3,18.391859537110932
2022,Total,De 11 a 15 años,Furgoneta,1394,TABLA 8.3,14.423176409725816
2022,Total,De 11 a 15 años,Autobús,376,TABLA 8.3,16.319444444444446
2022,Total,De 11 a 15 años,Camión hasta 3.500 kg,292,TABLA 8.3,16.647662485746864
2022,Total,De 11 a 15 años,Camión más 3.500 kg,621,TABLA 8.3,16.74757281553398
2022,Total,De 11 a 15 años,Otro vehículo,173,TABLA 8.3,5.55198973042362
2022,Total,De 11 a 15 años,Se desconoce,9,TABLA 8.3,0.7371007371007371
2022,Total,Más de 15 años,Total,41192,TABLA 8.3,26.425625004009518
2022,Total,Más de 15 años,Ciclomotor,1768,TABLA 8.3,30.742479568770648
2022,Total,Más de 15 años,Motocicleta,3948,TABLA 8.3,14.039829302987197
2022,Total,Más de 15 años,Turismo,31522,TABLA 8.3,31.446528332003194
2022,Total,Más de 15 años,Furgoneta,2182,TABLA 8.3,22.576306259699948
2022,Total,Más de 15 años,Autobús,163,TABLA 8.3,7.074652777777778
2022,Total,Más de 15 años,Camión hasta 3.500 kg,562,TABLA 8.3,32.04104903078677
2022,Total,Más de 15 años,Camión más 3.500 kg,679,TABLA 8.3,18.31175836030205
2022,Total,Más de 15 años,Otro vehículo,352,TABLA 8.3,11.296534017971759
2022,Total,Más de 15 años,Se desconoce,16,TABLA 8.3,1.3104013104013106
2022,Total,Se desconoce,Total,17624,TABLA 8.3,11.306205454230525
2022,Total,Se desconoce,Ciclomotor,544,TABLA 8.3,9.45922448269866
2022,Total,Se desconoce,Motocicleta,4735,TABLA 8.3,16.838549075391178
2022,Total,Se desconoce,Turismo,7055,TABLA 8.3,7.0381085395051874
2022,Total,Se desconoce,Furgoneta,993,TABLA 8.3,10.274185204345576
2022,Total,Se desconoce,Autobús,601,TABLA 8.3,26.085069444444443
2022,Total,Se desconoce,Camión hasta 3.500 kg,286,TABLA 8.3,16.305587229190422
2022,Total,Se desconoce,Camión más 3.500 kg,154,TABLA 8.3,4.153182308522115
2022,Total,Se desconoce,Otro vehículo,2122,TABLA 8.3,68.10012836970475
2022,Total,Se desconoce,Se desconoce,1134,TABLA 8.3,92.87469287469288
2022,Total,Total,Total,155879,TABLA 8.3,100.0
2022,Total,Total,Ciclomotor,5751,TABLA 8.3,100.0
2022,Total,Total,Motocicleta,28120,TABLA 8.3,100.0
2022,Total,Total,Turismo,100240,TABLA 8.3,100.0
2022,Total,Total,Furgoneta,9665,TABLA 8.3,100.0
2022,Total,Total,Autobús,2304,TABLA 8.3,100.0
2022,Total,Total,Camión hasta 3.500 kg,1754,TABLA 8.3,100.0
2022,Total,Total,Camión más 3.500 kg,3708,TABLA 8.3,100.0
2022,Total,Total,Otro vehículo,3116,TABLA 8.3,100.0
2022,Total,Total,Se desconoce,1221,TABLA 8.3,100.0
2023,Vías interurbanas,Menos de un año,Total,1538,TABLA 8.3,2.605808003795195
2023,Vías interurbanas,Menos de un año,Ciclomotor,18,TABLA 8.3,2.631578947368421
2023,Vías interurbanas,Menos de un año,Motocicleta,387,TABLA 8.3,4.938744257274119
2023,Vías interurbanas,Menos de un año,Turismo,879,TABLA 8.3,2.0998065024724686
2023,Vías interurbanas,Menos de un año,Furgoneta,93,TABLA 8.3,2.4622716441620334
2023,Vías interurbanas,Menos de un año,Autobús,14,TABLA 8.3,5.577689243027888
2023,Vías interurbanas,Menos de un año,Camión hasta 3.500 kg,19,TABLA 8.3,2.4836601307189543
2023,Vías interurbanas,Menos de un año,Camión más 3.500 kg,107,TABLA 8.3,3.603907039407208
2023,Vías interurbanas,Menos de un año,Otro vehículo,17,TABLA 8.3,2.5073746312684366
2023,Vías interurbanas,Menos de un año,Se desconoce,4,TABLA 8.3,1.9900497512437811
2023,Vías interurbanas,Un año,Total,2396,TABLA 8.3,4.059503236081461
2023,Vías interurbanas,Un año,Ciclomotor,24,TABLA 8.3,3.508771929824561
2023,Vías interurbanas,Un año,Motocicleta,519,TABLA 8.3,6.623277182235834
2023,Vías interurbanas,Un año,Turismo,1434,TABLA 8.3,3.425622894818566
2023,Vías interurbanas,Un año,Furgoneta,164,TABLA 8.3,4.342070426264231
2023,Vías interurbanas,Un año,Autobús,12,TABLA 8.3,4.780876494023905
2023,Vías interurbanas,Un año,Camión hasta 3.500 kg,35,TABLA 8.3,4.57516339869281
2023,Vías interurbanas,Un año,Camión más 3.500 kg,172,TABLA 8.3,5.793196362411587
2023,Vías interurbanas,Un año,Otro vehículo,35,TABLA 8.3,5.162241887905605
2023,Vías interurbanas,Un año,Se desconoce,1,TABLA 8.3,0.4975124378109453
2023,Vías interurbanas,Dos años,Total,2005,TABLA 8.3,3.397038392463827
2023,Vías interurbanas,Dos años,Ciclomotor,24,TABLA 8.3,3.508771929824561
2023,Vías interurbanas,Dos años,Motocicleta,337,TABLA 8.3,4.3006636038795305
2023,Vías interurbanas,Dos años,Turismo,1222,TABLA 8.3,2.9191849215260026
2023,Vías interurbanas,Dos años,Furgoneta,208,TABLA 8.3,5.507016150383903
2023,Vías interurbanas,Dos años,Autobús,3,TABLA 8.3,1.1952191235059761
2023,Vías interurbanas,Dos años,Camión hasta 3.500 kg,24,TABLA 8.3,3.1372549019607843
2023,Vías interurbanas,Dos años,Camión más 3.500 kg,150,TABLA 8.3,5.052206130010104
2023,Vías interurbanas,Dos años,Otro vehículo,32,TABLA 8.3,4.71976401179941
2023,Vías interurbanas,Dos años,Se desconoce,5,TABLA 8.3,2.4875621890547266
2023,Vías interurbanas,Tres años,Total,1853,TABLA 8.3,3.139507302361831
2023,Vías interurbanas,Tres años,Ciclomotor,24,TABLA 8.3,3.508771929824561
2023,Vías interurbanas,Tres años,Motocicleta,303,TABLA 8.3,3.86676875957121
2023,Vías interurbanas,Tres años,Turismo,1157,TABLA 8.3,2.763909127827811
2023,Vías interurbanas,Tres años,Furgoneta,171,TABLA 8.3,4.527402700555997
2023,Vías interurbanas,Tres años,Autobús,7,TABLA 8.3,2.788844621513944
2023,Vías interurbanas,Tres años,Camión hasta 3.500 kg,31,TABLA 8.3,4.052287581699346
2023,Vías interurbanas,Tres años,Camión más 3.500 kg,138,TABLA 8.3,4.648029639609296
2023,Vías interurbanas,Tres años,Otro vehículo,20,TABLA 8.3,2.949852507374631
2023,Vías interurbanas,Tres años,Se desconoce,2,TABLA 8.3,0.9950248756218906
2023,Vías interurbanas,Cuatro años,Total,2416,TABLA 8.3,4.093388905831724
2023,Vías interurbanas,Cuatro años,Ciclomotor,19,TABLA 8.3,2.7777777777777777
2023,Vías interurbanas,Cuatro años,Motocicleta,322,TABLA 8.3,4.109239407861153
2023,Vías interurbanas,Cuatro años,Turismo,1682,TABLA 8.3,4.018059769236282
2023,Vías interurbanas,Cuatro años,Furgoneta,164,TABLA 8.3,4.342070426264231
2023,Vías interurbanas,Cuatro años,Autobús,11,TABLA 8.3,4.382470119521913
2023,Vías interurbanas,Cuatro años,Camión hasta 3.500 kg,34,TABLA 8.3,4.444444444444445
2023,Vías interurbanas,Cuatro años,Camión más 3.500 kg,151,TABLA 8.3,5.085887504210172
2023,Vías interurbanas,Cuatro años,Otro vehículo,31,TABLA 8.3,4.572271386430678
2023,Vías interurbanas,Cuatro años,Se desconoce,2,TABLA 8.3,0.9950248756218906
2023,Vías interurbanas,Cinco años,Total,2327,TABLA 8.3,3.9425976754430554
2023,Vías interurbanas,Cinco años,Ciclomotor,25,TABLA 8.3,3.654970760233918
2023,Vías interurbanas,Cinco años,Motocicleta,231,TABLA 8.3,2.9479326186830015
2023,Vías interurbanas,Cinco años,Turismo,1678,TABLA 8.3,4.008504335777931
2023,Vías interurbanas,Cinco años,Furgoneta,177,TABLA 8.3,4.686258935663225
2023,Vías interurbanas,Cinco años,Autobús,14,TABLA 8.3,5.577689243027888
2023,Vías interurbanas,Cinco años,Camión hasta 3.500 kg,29,TABLA 8.3,3.7908496732026142
2023,Vías interurbanas,Cinco años,Camión más 3.500 kg,148,TABLA 8.3,4.98484338160997
2023,Vías interurbanas,Cinco años,Otro vehículo,24,TABLA 8.3,3.5398230088495577
2023,Vías interurbanas,Cinco años,Se desconoce,1,TABLA 8.3,0.4975124378109453
2023,Vías interurbanas,De 6 a 7 años,Total,4175,TABLA 8.3,7.073633560367321
2023,Vías interurbanas,De 6 a 7 años,Ciclomotor,44,TABLA 8.3,6.432748538011696
2023,Vías interurbanas,De 6 a 7 años,Motocicleta,447,TABLA 8.3,5.704441041347627
2023,Vías interurbanas,De 6 a 7 años,Turismo,3015,TABLA 8.3,7.202407969231504
2023,Vías interurbanas,De 6 a 7 años,Furgoneta,262,TABLA 8.3,6.936722266348955
2023,Vías interurbanas,De 6 a 7 años,Autobús,39,TABLA 8.3,15.53784860557769
2023,Vías interurbanas,De 6 a 7 años,Camión hasta 3.500 kg,45,TABLA 8.3,5.88235294117647
2023,Vías interurbanas,De 6 a 7 años,Camión más 3.500 kg,278,TABLA 8.3,9.363422027618727
2023,Vías interurbanas,De 6 a 7 años,Otro vehículo,43,TABLA 8.3,6.342182890855458
2023,Vías interurbanas,De 6 a 7 años,Se desconoce,2,TABLA 8.3,0.9950248756218906
2023,Vías interurbanas,De 8 a 10 años,Total,4281,TABLA 8.3,7.253227610043712
2023,Vías interurbanas,De 8 a 10 años,Ciclomotor,28,TABLA 8.3,4.093567251461988
2023,Vías interurbanas,De 8 a 10 años,Motocicleta,413,TABLA 8.3,5.270546197039306
2023,Vías interurbanas,De 8 a 10 años,Turismo,3141,TABLA 8.3,7.5034041231695365
2023,Vías interurbanas,De 8 a 10 años,Furgoneta,267,TABLA 8.3,7.069102462271644
2023,Vías interurbanas,De 8 a 10 años,Autobús,36,TABLA 8.3,14.342629482071715
2023,Vías interurbanas,De 8 a 10 años,Camión hasta 3.500 kg,47,TABLA 8.3,6.143790849673202
2023,Vías interurbanas,De 8 a 10 años,Camión más 3.500 kg,307,TABLA 8.3,10.34018187942068
2023,Vías interurbanas,De 8 a 10 años,Otro vehículo,40,TABLA 8.3,5.899705014749262
2023,Vías interurbanas,De 8 a 10 años,Se desconoce,2,TABLA 8.3,0.9950248756218906
2023,Vías interurbanas,De 11 a 15 años,Total,6942,TABLA 8.3,11.761715970316153
2023,Vías interurbanas,De 11 a 15 años,Ciclomotor,72,TABLA 8.3,10.526315789473683
2023,Vías interurbanas,De 11 a 15 años,Motocicleta,887,TABLA 8.3,11.31955079122001
2023,Vías interurbanas,De 11 a 15 años,Turismo,5227,TABLA 8.3,12.486562671699195
2023,Vías interurbanas,De 11 a 15 años,Furgoneta,319,TABLA 8.3,8.44585649986762
2023,Vías interurbanas,De 11 a 15 años,Autobús,34,TABLA 8.3,13.545816733067728
2023,Vías interurbanas,De 11 a 15 años,Camión hasta 3.500 kg,79,TABLA 8.3,10.326797385620914
2023,Vías interurbanas,De 11 a 15 años,Camión más 3.500 kg,258,TABLA 8.3,8.68979454361738
2023,Vías interurbanas,De 11 a 15 años,Otro vehículo,63,TABLA 8.3,9.29203539823009
2023,Vías interurbanas,De 11 a 15 años,Se desconoce,3,TABLA 8.3,1.4925373134328357
2023,Vías interurbanas,Más de 15 años,Total,16889,TABLA 8.3,28.614753820609263
2023,Vías interurbanas,Más de 15 años,Ciclomotor,277,TABLA 8.3,40.49707602339181
2023,Vías interurbanas,Más de 15 años,Motocicleta,1473,TABLA 8.3,18.797856049004594
2023,Vías interurbanas,Más de 15 años,Turismo,13358,TABLA 8.3,31.910370034160675
2023,Vías interurbanas,Más de 15 años,Furgoneta,861,TABLA 8.3,22.795869737887212
2023,Vías interurbanas,Más de 15 años,Autobús,23,TABLA 8.3,9.163346613545817
2023,Vías interurbanas,Más de 15 años,Camión hasta 3.500 kg,214,TABLA 8.3,27.973856209150327
2023,Vías interurbanas,Más de 15 años,Camión más 3.500 kg,456,TABLA 8.3,15.358706635230718
2023,Vías interurbanas,Más de 15 años,Otro vehículo,221,TABLA 8.3,32.59587020648967
2023,Vías interurbanas,Más de 15 años,Se desconoce,6,TABLA 8.3,2.9850746268656714
2023,Vías interurbanas,Se desconoce,Total,14200,TABLA 8.3,24.058825522686455
2023,Vías interurbanas,Se desconoce,Ciclomotor,129,TABLA 8.3,18.859649122807017
2023,Vías interurbanas,Se desconoce,Motocicleta,2517,TABLA 8.3,32.12098009188362
2023,Vías interurbanas,Se desconoce,Turismo,9068,TABLA 8.3,21.66216765008003
2023,Vías interurbanas,Se desconoce,Furgoneta,1091,TABLA 8.3,28.88535875033095
2023,Vías interurbanas,Se desconoce,Autobús,58,TABLA 8.3,23.107569721115535
2023,Vías interurbanas,Se desconoce,Camión hasta 3.500 kg,208,TABLA 8.3,27.18954248366013
2023,Vías interurbanas,Se desconoce,Camión más 3.500 kg,804,TABLA 8.3,27.079824856854163
2023,Vías interurbanas,Se desconoce,Otro vehículo,152,TABLA 8.3,22.418879056047196
2023,Vías interurbanas,Se desconoce,Se desconoce,173,TABLA 8.3,86.06965174129353
2023,Vías interurbanas,Total,Total,59022,TABLA 8.3,100.0
2023,Vías interurbanas,Total,Ciclomotor,684,TABLA 8.3,100.0
2023,Vías interurbanas,Total,Motocicleta,7836,TABLA 8.3,100.0
2023,Vías interurbanas,Total,Turismo,41861,TABLA 8.3,100.0
2023,Vías interurbanas,Total,Furgoneta,3777,TABLA 8.3,100.0
2023,Vías interurbanas,Total,Autobús,251,TABLA 8.3,100.0
2023,Vías interurbanas,Total,Camión hasta 3.500 kg,765,TABLA 8.3,100.0
2023,Vías interurbanas,Total,Camión más 3.500 kg,2969,TABLA 8.3,100.0
2023,Vías interurbanas,Total,Otro vehículo,678,TABLA 8.3,100.0
2023,Vías interurbanas,Total,Se desconoce,201,TABLA 8.3,100.0
2023,Vías urbanas,Menos de un año,Total,2668,TABLA 8.3,2.619435662811475
2023,Vías urbanas,Menos de un año,Ciclomotor,135,TABLA 8.3,2.9379760609358
2023,Vías urbanas,Menos de un año,Motocicleta,931,TABLA 8.3,4.310185185185185
2023,Vías urbanas,Menos de un año,Turismo,1297,TABLA 8.3,2.08524252801492
2023,Vías urbanas,Menos de un año,Furgoneta,151,TABLA 8.3,2.424534360950546
2023,Vías urbanas,Menos de un año,Autobús,75,TABLA 8.3,3.075030750307503
2023,Vías urbanas,Menos de un año,Camión hasta 3.500 kg,14,TABLA 8.3,1.55902004454343
2023,Vías urbanas,Menos de un año,Camión más 3.500 kg,32,TABLA 8.3,3.611738148984198
2023,Vías urbanas,Menos de un año,Otro vehículo,24,TABLA 8.3,1.141769743101808
2023,Vías urbanas,Menos de un año,Se desconoce,9,TABLA 8.3,0.9922822491730982
2023,Vías urbanas,Un año,Total,4693,TABLA 8.3,4.607575549315687
2023,Vías urbanas,Un año,Ciclomotor,282,TABLA 8.3,6.137105549510338
2023,Vías urbanas,Un año,Motocicleta,1478,TABLA 8.3,6.8425925925925934
2023,Vías urbanas,Un año,Turismo,2390,TABLA 8.3,3.8425055065193976
2023,Vías urbanas,Un año,Furgoneta,305,TABLA 8.3,4.897238278741169
2023,Vías urbanas,Un año,Autobús,121,TABLA 8.3,4.961049610496105
2023,Vías urbanas,Un año,Camión hasta 3.500 kg,23,TABLA 8.3,2.5612472160356345
2023,Vías urbanas,Un año,Camión más 3.500 kg,43,TABLA 8.3,4.853273137697517
2023,Vías urbanas,Un año,Otro vehículo,45,TABLA 8.3,2.1408182683158894
2023,Vías urbanas,Un año,Se desconoce,6,TABLA 8.3,0.6615214994487321
2023,Vías urbanas,Dos años,Total,4358,TABLA 8.3,4.278673395252027
2023,Vías urbanas,Dos años,Ciclomotor,188,TABLA 8.3,4.091403699673559
2023,Vías urbanas,Dos años,Motocicleta,1188,TABLA 8.3,5.5
2023,Vías urbanas,Dos años,Turismo,2418,TABLA 8.3,3.8875223074325955
2023,Vías urbanas,Dos años,Furgoneta,351,TABLA 8.3,5.635838150289017
2023,Vías urbanas,Dos años,Autobús,115,TABLA 8.3,4.715047150471505
2023,Vías urbanas,Dos años,Camión hasta 3.500 kg,26,TABLA 8.3,2.89532293986637
2023,Vías urbanas,Dos años,Camión más 3.500 kg,41,TABLA 8.3,4.6275395033860045
2023,Vías urbanas,Dos años,Otro vehículo,27,TABLA 8.3,1.2844909609895336
2023,Vías urbanas,Dos años,Se desconoce,4,TABLA 8.3,0.4410143329658214
2023,Vías urbanas,Tres años,Total,3936,TABLA 8.3,3.864354860879298
2023,Vías urbanas,Tres años,Ciclomotor,247,TABLA 8.3,5.375408052230686
2023,Vías urbanas,Tres años,Motocicleta,1125,TABLA 8.3,5.208333333333334
2023,Vías urbanas,Tres años,Turismo,2011,TABLA 8.3,3.233170951301468
2023,Vías urbanas,Tres años,Furgoneta,303,TABLA 8.3,4.865125240847784
2023,Vías urbanas,Tres años,Autobús,165,TABLA 8.3,6.765067650676507
2023,Vías urbanas,Tres años,Camión hasta 3.500 kg,22,TABLA 8.3,2.4498886414253898
2023,Vías urbanas,Tres años,Camión más 3.500 kg,39,TABLA 8.3,4.401805869074492
2023,Vías urbanas,Tres años,Otro vehículo,20,TABLA 8.3,0.9514747859181731
2023,Vías urbanas,Tres años,Se desconoce,4,TABLA 8.3,0.4410143329658214
2023,Vías urbanas,Cuatro años,Total,4791,TABLA 8.3,4.703791701847742
2023,Vías urbanas,Cuatro años,Ciclomotor,233,TABLA 8.3,5.070729053318825
2023,Vías urbanas,Cuatro años,Motocicleta,1106,TABLA 8.3,5.12037037037037
2023,Vías urbanas,Cuatro años,Turismo,2833,TABLA 8.3,4.5547356066817795
2023,Vías urbanas,Cuatro años,Furgoneta,327,TABLA 8.3,5.250481695568401
2023,Vías urbanas,Cuatro años,Autobús,194,TABLA 8.3,7.954079540795409
2023,Vías urbanas,Cuatro años,Camión hasta 3.500 kg,33,TABLA 8.3,3.6748329621380846
2023,Vías urbanas,Cuatro años,Camión más 3.500 kg,37,TABLA 8.3,4.17607223476298
2023,Vías urbanas,Cuatro años,Otro vehículo,27,TABLA 8.3,1.2844909609895336
2023,Vías urbanas,Cuatro años,Se desconoce,1,TABLA 8.3,0.11025358324145534
2023,Vías urbanas,Cinco años,Total,4626,TABLA 8.3,4.5417951185029555
2023,Vías urbanas,Cinco años,Ciclomotor,138,TABLA 8.3,3.003264417845484
2023,Vías urbanas,Cinco años,Motocicleta,884,TABLA 8.3,4.092592592592593
2023,Vías urbanas,Cinco años,Turismo,3032,TABLA 8.3,4.8746764417434365
2023,Vías urbanas,Cinco años,Furgoneta,332,TABLA 8.3,5.330764290301863
2023,Vías urbanas,Cinco años,Autobús,137,TABLA 8.3,5.617056170561706
2023,Vías urbanas,Cinco años,Camión hasta 3.500 kg,22,TABLA 8.3,2.4498886414253898
2023,Vías urbanas,Cinco años,Camión más 3.500 kg,55,TABLA 8.3,6.207674943566591
2023,Vías urbanas,Cinco años,Otro vehículo,23,TABLA 8.3,1.0941960038058993
2023,Vías urbanas,Cinco años,Se desconoce,3,TABLA 8.3,0.33076074972436603
2023,Vías urbanas,De 6 a 7 años,Total,7647,TABLA 8.3,7.507805289924795
2023,Vías urbanas,De 6 a 7 años,Ciclomotor,289,TABLA 8.3,6.289445048966267
2023,Vías urbanas,De 6 a 7 años,Motocicleta,1468,TABLA 8.3,6.796296296296296
2023,Vías urbanas,De 6 a 7 años,Turismo,4935,TABLA 8.3,7.934211160951141
2023,Vías urbanas,De 6 a 7 años,Furgoneta,560,TABLA 8.3,8.991650610147719
2023,Vías urbanas,De 6 a 7 años,Autobús,215,TABLA 8.3,8.81508815088151
2023,Vías urbanas,De 6 a 7 años,Camión hasta 3.500 kg,40,TABLA 8.3,4.4543429844097995
2023,Vías urbanas,De 6 a 7 años,Camión más 3.500 kg,105,TABLA 8.3,11.851015801354402
2023,Vías urbanas,De 6 a 7 años,Otro vehículo,29,TABLA 8.3,1.379638439581351
2023,Vías urbanas,De 6 a 7 años,Se desconoce,6,TABLA 8.3,0.6615214994487321
2023,Vías urbanas,De 8 a 10 años,Total,7513,TABLA 8.3,7.376244428299331
2023,Vías urbanas,De 8 a 10 años,Ciclomotor,257,TABLA 8.3,5.593035908596301
2023,Vías urbanas,De 8 a 10 años,Motocicleta,1500,TABLA 8.3,6.944444444444445
2023,Vías urbanas,De 8 a 10 años,Turismo,4965,TABLA 8.3,7.982443447643853
2023,Vías urbanas,De 8 a 10 años,Furgoneta,548,TABLA 8.3,8.798972382787412
2023,Vías urbanas,De 8 a 10 años,Autobús,113,TABLA 8.3,4.633046330463304
2023,Vías urbanas,De 8 a 10 años,Camión hasta 3.500 kg,30,TABLA 8.3,3.34075723830735
2023,Vías urbanas,De 8 a 10 años,Camión más 3.500 kg,66,TABLA 8.3,7.44920993227991
2023,Vías urbanas,De 8 a 10 años,Otro vehículo,30,TABLA 8.3,1.4272121788772598
2023,Vías urbanas,De 8 a 10 años,Se desconoce,4,TABLA 8.3,0.4410143329658214
2023,Vías urbanas,De 11 a 15 años,Total,11539,TABLA 8.3,11.32896106191215
2023,Vías urbanas,De 11 a 15 años,Ciclomotor,517,TABLA 8.3,11.251360174102285
2023,Vías urbanas,De 11 a 15 años,Motocicleta,2245,TABLA 8.3,10.393518518518519
2023,Vías urbanas,De 11 a 15 años,Turismo,7865,TABLA 8.3,12.644897827939355
2023,Vías urbanas,De 11 a 15 años,Furgoneta,510,TABLA 8.3,8.188824662813103
2023,Vías urbanas,De 11 a 15 años,Autobús,187,TABLA 8.3,7.667076670766708
2023,Vías urbanas,De 11 a 15 años,Camión hasta 3.500 kg,73,TABLA 8.3,8.129175946547884
2023,Vías urbanas,De 11 a 15 años,Camión más 3.500 kg,99,TABLA 8.3,11.173814898419865
2023,Vías urbanas,De 11 a 15 años,Otro vehículo,37,TABLA 8.3,1.7602283539486203
2023,Vías urbanas,De 11 a 15 años,Se desconoce,6,TABLA 8.3,0.6615214994487321
2023,Vías urbanas,Más de 15 años,Total,22927,TABLA 8.3,22.509670705126947
2023,Vías urbanas,Más de 15 años,Ciclomotor,1379,TABLA 8.3,30.010881392818277
2023,Vías urbanas,Más de 15 años,Motocicleta,2847,TABLA 8.3,13.180555555555557
2023,Vías urbanas,Más de 15 años,Turismo,16702,TABLA 8.3,26.852521744722583
2023,Vías urbanas,Más de 15 años,Furgoneta,1170,TABLA 8.3,18.786127167630056
2023,Vías urbanas,Más de 15 años,Autobús,172,TABLA 8.3,7.0520705207052075
2023,Vías urbanas,Más de 15 años,Camión hasta 3.500 kg,302,TABLA 8.3,33.630289532293986
2023,Vías urbanas,Más de 15 años,Camión más 3.500 kg,183,TABLA 8.3,20.654627539503387
2023,Vías urbanas,Más de 15 años,Otro vehículo,151,TABLA 8.3,7.183634633682208
2023,Vías urbanas,Más de 15 años,Se desconoce,21,TABLA 8.3,2.3153252480705624
2023,Vías urbanas,Se desconoce,Total,27156,TABLA 8.3,26.66169222612759
2023,Vías urbanas,Se desconoce,Ciclomotor,930,TABLA 8.3,20.239390642002174
2023,Vías urbanas,Se desconoce,Motocicleta,6828,TABLA 8.3,31.61111111111111
2023,Vías urbanas,Se desconoce,Turismo,13751,TABLA 8.3,22.108072477049472
2023,Vías urbanas,Se desconoce,Furgoneta,1671,TABLA 8.3,26.83044315992293
2023,Vías urbanas,Se desconoce,Autobús,945,TABLA 8.3,38.74538745387454
2023,Vías urbanas,Se desconoce,Camión hasta 3.500 kg,313,TABLA 8.3,34.85523385300668
2023,Vías urbanas,Se desconoce,Camión más 3.500 kg,186,TABLA 8.3,20.993227990970656
2023,Vías urbanas,Se desconoce,Otro vehículo,1689,TABLA 8.3,80.35204567078974
2023,Vías urbanas,Se desconoce,Se desconoce,843,TABLA 8.3,92.94377067254686
2023,Vías urbanas,Total,Total,101854,TABLA 8.3,100.0
2023,Vías urbanas,Total,Ciclomotor,4595,TABLA 8.3,100.0
2023,Vías urbanas,Total,Motocicleta,21600,TABLA 8.3,100.0
2023,Vías urbanas,Total,Turismo,62199,TABLA 8.3,100.0
2023,Vías urbanas,Total,Furgoneta,6228,TABLA 8.3,100.0
2023,Vías urbanas,Total,Autobús,2439,TABLA 8.3,100.0
2023,Vías urbanas,Total,Camión hasta 3.500 kg,898,TABLA 8.3,100.0
2023,Vías urbanas,Total,Camión más 3.500 kg,886,TABLA 8.3,100.0
2023,Vías urbanas,Total,Otro vehículo,2102,TABLA 8.3,100.0
2023,Vías urbanas,Total,Se desconoce,907,TABLA 8.3,100.0
2023,Total,Menos de un año,Total,4206,TABLA 8.3,2.6144359631020166
2023,Total,Menos de un año,Ciclomotor,153,TABLA 8.3,2.898276188672097
2023,Total,Menos de un año,Motocicleta,1318,TABLA 8.3,4.47751053132219
2023,Total,Menos de un año,Turismo,2176,TABLA 8.3,2.091101287718624
2023,Total,Menos de un año,Furgoneta,244,TABLA 8.3,2.4387806096951525
2023,Total,Menos de un año,Autobús,89,TABLA 8.3,3.3085501858736057
2023,Total,Menos de un año,Camión hasta 3.500 kg,33,TABLA 8.3,1.984365604329525
2023,Total,Menos de un año,Camión más 3.500 kg,139,TABLA 8.3,3.605706874189364
2023,Total,Menos de un año,Otro vehículo,41,TABLA 8.3,1.4748201438848922
2023,Total,Menos de un año,Se desconoce,13,TABLA 8.3,1.1732851985559567
2023,Total,Un año,Total,7089,TABLA 8.3,4.406499415699048
2023,Total,Un año,Ciclomotor,306,TABLA 8.3,5.796552377344194
2023,Total,Un año,Motocicleta,1997,TABLA 8.3,6.784209811115641
2023,Total,Un año,Turismo,3824,TABLA 8.3,3.674802998270229
2023,Total,Un año,Furgoneta,469,TABLA 8.3,4.6876561719140435
2023,Total,Un año,Autobús,133,TABLA 8.3,4.944237918215613
2023,Total,Un año,Camión hasta 3.500 kg,58,TABLA 8.3,3.487672880336741
2023,Total,Un año,Camión más 3.500 kg,215,TABLA 8.3,5.577172503242543
2023,Total,Un año,Otro vehículo,80,TABLA 8.3,2.877697841726619
2023,Total,Un año,Se desconoce,7,TABLA 8.3,0.631768953068592
2023,Total,Dos años,Total,6363,TABLA 8.3,3.955220169571595
2023,Total,Dos años,Ciclomotor,212,TABLA 8.3,4.015912104565259
2023,Total,Dos años,Motocicleta,1525,TABLA 8.3,5.180731077592064
2023,Total,Dos años,Turismo,3640,TABLA 8.3,3.497981933499904
2023,Total,Dos años,Furgoneta,559,TABLA 8.3,5.5872063968016
2023,Total,Dos años,Autobús,118,TABLA 8.3,4.386617100371748
2023,Total,Dos años,Camión hasta 3.500 kg,50,TABLA 8.3,3.006614552014432
2023,Total,Dos años,Camión más 3.500 kg,191,TABLA 8.3,4.954604409857328
2023,Total,Dos años,Otro vehículo,59,TABLA 8.3,2.1223021582733814
2023,Total,Dos años,Se desconoce,9,TABLA 8.3,0.8122743682310468
2023,Total,Tres años,Total,5789,TABLA 8.3,3.5984236306223423
2023,Total,Tres años,Ciclomotor,271,TABLA 8.3,5.13354802045842
2023,Total,Tres años,Motocicleta,1428,TABLA 8.3,4.8512026090501426
2023,Total,Tres años,Turismo,3168,TABLA 8.3,3.044397463002114
2023,Total,Tres años,Furgoneta,474,TABLA 8.3,4.737631184407796
2023,Total,Tres años,Autobús,172,TABLA 8.3,6.394052044609666
2023,Total,Tres años,Camión hasta 3.500 kg,53,TABLA 8.3,3.1870114251352977
2023,Total,Tres años,Camión más 3.500 kg,177,TABLA 8.3,4.591439688715954
2023,Total,Tres años,Otro vehículo,40,TABLA 8.3,1.4388489208633095
2023,Total,Tres años,Se desconoce,6,TABLA 8.3,0.5415162454873645
2023,Total,Cuatro años,Total,7207,TABLA 8.3,4.479847833113702
2023,Total,Cuatro años,Ciclomotor,252,TABLA 8.3,4.773631369577572
2023,Total,Cuatro años,Motocicleta,1428,TABLA 8.3,4.8512026090501426
2023,Total,Cuatro años,Turismo,4515,TABLA 8.3,4.338842975206612
2023,Total,Cuatro años,Furgoneta,491,TABLA 8.3,4.907546226886557
2023,Total,Cuatro años,Autobús,205,TABLA 8.3,7.6208178438661704
2023,Total,Cuatro años,Camión hasta 3.500 kg,67,TABLA 8.3,4.028863499699339
2023,Total,Cuatro años,Camión más 3.500 kg,188,TABLA 8.3,4.876783398184177
2023,Total,Cuatro años,Otro vehículo,58,TABLA 8.3,2.086330935251799
2023,Total,Cuatro años,Se desconoce,3,TABLA 8.3,0.2707581227436823
2023,Total,Cinco años,Total,6953,TABLA 8.3,4.321962256644869
2023,Total,Cinco años,Ciclomotor,163,TABLA 8.3,3.087706004925175
2023,Total,Cinco años,Motocicleta,1115,TABLA 8.3,3.787878787878788
2023,Total,Cinco años,Turismo,4710,TABLA 8.3,4.52623486450125
2023,Total,Cinco años,Furgoneta,509,TABLA 8.3,5.087456271864068
2023,Total,Cinco años,Autobús,151,TABLA 8.3,5.613382899628252
2023,Total,Cinco años,Camión hasta 3.500 kg,51,TABLA 8.3,3.0667468430547205
2023,Total,Cinco años,Camión más 3.500 kg,203,TABLA 8.3,5.265888456549935
2023,Total,Cinco años,Otro vehículo,47,TABLA 8.3,1.6906474820143884
2023,Total,Cinco años,Se desconoce,4,TABLA 8.3,0.36101083032490977
2023,Total,De 6 a 7 años,Total,11822,TABLA 8.3,7.348516870136006
2023,Total,De 6 a 7 años,Ciclomotor,333,TABLA 8.3,6.308012881227505
2023,Total,De 6 a 7 años,Motocicleta,1915,TABLA 8.3,6.5056393531729855
2023,Total,De 6 a 7 años,Turismo,7950,TABLA 8.3,7.63982317893523
2023,Total,De 6 a 7 años,Furgoneta,822,TABLA 8.3,8.215892053973013
2023,Total,De 6 a 7 años,Autobús,254,TABLA 8.3,9.442379182156134
2023,Total,De 6 a 7 años,Camión hasta 3.500 kg,85,TABLA 8.3,5.111244738424534
2023,Total,De 6 a 7 años,Camión más 3.500 kg,383,TABLA 8.3,9.93514915693904
2023,Total,De 6 a 7 años,Otro vehículo,72,TABLA 8.3,2.5899280575539567
2023,Total,De 6 a 7 años,Se desconoce,8,TABLA 8.3,0.7220216606498195
2023,Total,De 8 a 10 años,Total,11794,TABLA 8.3,7.331112160918969
2023,Total,De 8 a 10 años,Ciclomotor,285,TABLA 8.3,5.39874976321273
2023,Total,De 8 a 10 años,Motocicleta,1913,TABLA 8.3,6.498844951759749
2023,Total,De 8 a 10 años,Turismo,8106,TABLA 8.3,7.7897366903709395
2023,Total,De 8 a 10 años,Furgoneta,815,TABLA 8.3,8.145927036481758
2023,Total,De 8 a 10 años,Autobús,149,TABLA 8.3,5.5390334572490705
2023,Total,De 8 a 10 años,Camión hasta 3.500 kg,77,TABLA 8.3,4.630186410102225
2023,Total,De 8 a 10 años,Camión más 3.500 kg,373,TABLA 8.3,9.675745784695202
2023,Total,De 8 a 10 años,Otro vehículo,70,TABLA 8.3,2.5179856115107913
2023,Total,De 8 a 10 años,Se desconoce,6,TABLA 8.3,0.5415162454873645
2023,Total,De 11 a 15 años,Total,18481,TABLA 8.3,11.487729680001989
2023,Total,De 11 a 15 años,Ciclomotor,589,TABLA 8.3,11.157416177306308
2023,Total,De 11 a 15 años,Motocicleta,3132,TABLA 8.3,10.640032613126783
2023,Total,De 11 a 15 años,Turismo,13092,TABLA 8.3,12.581203152027676
2023,Total,De 11 a 15 años,Furgoneta,829,TABLA 8.3,8.28585707146427
2023,Total,De 11 a 15 años,Autobús,221,TABLA 8.3,8.215613382899628
2023,Total,De 11 a 15 años,Camión hasta 3.500 kg,152,TABLA 8.3,9.140108238123872
2023,Total,De 11 a 15 años,Camión más 3.500 kg,357,TABLA 8.3,9.26070038910506
2023,Total,De 11 a 15 años,Otro vehículo,100,TABLA 8.3,3.597122302158273
2023,Total,De 11 a 15 años,Se desconoce,9,TABLA 8.3,0.8122743682310468
2023,Total,Más de 15 años,Total,39816,TABLA 8.3,24.74949650662622
2023,Total,Más de 15 años,Ciclomotor,1656,TABLA 8.3,31.369577571509755
2023,Total,Más de 15 años,Motocicleta,4320,TABLA 8.3,14.675907052588666
2023,Total,Más de 15 años,Turismo,30060,TABLA 8.3,28.887180472804154
2023,Total,Más de 15 años,Furgoneta,2031,TABLA 8.3,20.29985007496252
2023,Total,Más de 15 años,Autobús,195,TABLA 8.3,7.24907063197026
2023,Total,Más de 15 años,Camión hasta 3.500 kg,516,TABLA 8.3,31.028262176788935
2023,Total,Más de 15 años,Camión más 3.500 kg,639,TABLA 8.3,16.57587548638132
2023,Total,Más de 15 años,Otro vehículo,372,TABLA 8.3,13.381294964028779
2023,Total,Más de 15 años,Se desconoce,27,TABLA 8.3,2.436823104693141
2023,Total,Se desconoce,Total,41356,TABLA 8.3,25.70675551356324
2023,Total,Se desconoce,Ciclomotor,1059,TABLA 8.3,20.060617541200983
2023,Total,Se desconoce,Motocicleta,9345,TABLA 8.3,31.746840603342847
2023,Total,Se desconoce,Turismo,22819,TABLA 8.3,21.92869498366327
2023,Total,Se desconoce,Furgoneta,2762,TABLA 8.3,27.606196901549225
2023,Total,Se desconoce,Autobús,1003,TABLA 8.3,37.286245353159856
2023,Total,Se desconoce,Camión hasta 3.500 kg,521,TABLA 8.3,31.328923631990378
2023,Total,Se desconoce,Camión más 3.500 kg,990,TABLA 8.3,25.680933852140075
2023,Total,Se desconoce,Otro vehículo,1841,TABLA 8.3,66.22302158273381
2023,Total,Se desconoce,Se desconoce,1016,TABLA 8.3,91.69675090252709
2023,Total,Total,Total,160876,TABLA 8.3,100.0
2023,Total,Total,Ciclomotor,5279,TABLA 8.3,100.0
2023,Total,Total,Motocicleta,29436,TABLA 8.3,100.0
2023,Total,Total,Turismo,104060,TABLA 8.3,100.0
2023,Total,Total,Furgoneta,10005,TABLA 8.3,100.0
2023,Total,Total,Autobús,2690,TABLA 8.3,100.0
2023,Total,Total,Camión hasta 3.500 kg,1663,TABLA 8.3,100.0
2023,Total,Total,Camión más 3.500 kg,3855,TABLA 8.3,100.0
2023,Total,Total,Otro vehículo,2780,TABLA 8.3,100.0
2023,Total,Total,Se desconoce,1108,TABLA 8.3,100.0
2024,Vías interurbanas,Menos de un año,Total,1559,TABLA 8.3,2.6264804488097444
2024,Vías interurbanas,Menos de un año,Ciclomotor,15,TABLA 8.3,2.508361204013378
2024,Vías interurbanas,Menos de un año,Motocicleta,417,TABLA 8.3,5.243963782696177
2024,Vías interurbanas,Menos de un año,Turismo,892,TABLA 8.3,2.126340882002384
2024,Vías interurbanas,Menos de un año,Furgoneta,90,TABLA 8.3,2.3166023166023164
2024,Vías interurbanas,Menos de un año,Autobús,11,TABLA 8.3,3.606557377049181
2024,Vías interurbanas,Menos de un año,Camión hasta 3.500 kg,13,TABLA 8.3,1.6817593790426906
2024,Vías interurbanas,Menos de un año,Camión más 3.500 kg,97,TABLA 8.3,3.249581239530988
2024,Vías interurbanas,Menos de un año,Otro vehículo,19,TABLA 8.3,2.9874213836477987
2024,Vías interurbanas,Menos de un año,Se desconoce,5,TABLA 8.3,2.0080321285140563
2024,Vías interurbanas,Un año,Total,2696,TABLA 8.3,4.54200852468959
2024,Vías interurbanas,Un año,Ciclomotor,26,TABLA 8.3,4.3478260869565215
2024,Vías interurbanas,Un año,Motocicleta,625,TABLA 8.3,7.859657947686117
2024,Vías interurbanas,Un año,Turismo,1554,TABLA 8.3,3.704410011918951
2024,Vías interurbanas,Un año,Furgoneta,200,TABLA 8.3,5.148005148005148
2024,Vías interurbanas,Un año,Autobús,24,TABLA 8.3,7.868852459016394
2024,Vías interurbanas,Un año,Camión hasta 3.500 kg,40,TABLA 8.3,5.17464424320828
2024,Vías interurbanas,Un año,Camión más 3.500 kg,188,TABLA 8.3,6.298157453936348
2024,Vías interurbanas,Un año,Otro vehículo,37,TABLA 8.3,5.817610062893082
2024,Vías interurbanas,Un año,Se desconoce,2,TABLA 8.3,0.8032128514056224
2024,Vías interurbanas,Dos años,Total,2141,TABLA 8.3,3.6069882237983726
2024,Vías interurbanas,Dos años,Ciclomotor,22,TABLA 8.3,3.678929765886288
2024,Vías interurbanas,Dos años,Motocicleta,421,TABLA 8.3,5.294265593561368
2024,Vías interurbanas,Dos años,Turismo,1307,TABLA 8.3,3.1156138259833135
2024,Vías interurbanas,Dos años,Furgoneta,168,TABLA 8.3,4.324324324324325
2024,Vías interurbanas,Dos años,Autobús,10,TABLA 8.3,3.278688524590164
2024,Vías interurbanas,Dos años,Camión hasta 3.500 kg,25,TABLA 8.3,3.2341526520051747
2024,Vías interurbanas,Dos años,Camión más 3.500 kg,158,TABLA 8.3,5.293132328308207
2024,Vías interurbanas,Dos años,Otro vehículo,26,TABLA 8.3,4.088050314465408
2024,Vías interurbanas,Dos años,Se desconoce,4,TABLA 8.3,1.6064257028112447
2024,Vías interurbanas,Tres años,Total,1893,TABLA 8.3,3.1891773506073418
2024,Vías interurbanas,Tres años,Ciclomotor,20,TABLA 8.3,3.3444816053511706
2024,Vías interurbanas,Tres años,Motocicleta,306,TABLA 8.3,3.848088531187123
2024,Vías interurbanas,Tres años,Turismo,1167,TABLA 8.3,2.7818831942789033
2024,Vías interurbanas,Tres años,Furgoneta,179,TABLA 8.3,4.607464607464608
2024,Vías interurbanas,Tres años,Autobús,6,TABLA 8.3,1.9672131147540985
2024,Vías interurbanas,Tres años,Camión hasta 3.500 kg,38,TABLA 8.3,4.915912031047866
2024,Vías interurbanas,Tres años,Camión más 3.500 kg,147,TABLA 8.3,4.924623115577889
2024,Vías interurbanas,Tres años,Otro vehículo,28,TABLA 8.3,4.40251572327044
2024,Vías interurbanas,Tres años,Se desconoce,2,TABLA 8.3,0.8032128514056224
2024,Vías interurbanas,Cuatro años,Total,1739,TABLA 8.3,2.9297302761258153
2024,Vías interurbanas,Cuatro años,Ciclomotor,19,TABLA 8.3,3.177257525083612
2024,Vías interurbanas,Cuatro años,Motocicleta,256,TABLA 8.3,3.2193158953722336
2024,Vías interurbanas,Cuatro años,Turismo,1135,TABLA 8.3,2.705601907032181
2024,Vías interurbanas,Cuatro años,Furgoneta,143,TABLA 8.3,3.6808236808236803
2024,Vías interurbanas,Cuatro años,Autobús,11,TABLA 8.3,3.606557377049181
2024,Vías interurbanas,Cuatro años,Camión hasta 3.500 kg,27,TABLA 8.3,3.4928848641655885
2024,Vías interurbanas,Cuatro años,Camión más 3.500 kg,123,TABLA 8.3,4.1206030150753765
2024,Vías interurbanas,Cuatro años,Otro vehículo,22,TABLA 8.3,3.459119496855346
2024,Vías interurbanas,Cuatro años,Se desconoce,3,TABLA 8.3,1.2048192771084338
2024,Vías interurbanas,Cinco años,Total,2232,TABLA 8.3,3.760297858719275
2024,Vías interurbanas,Cinco años,Ciclomotor,17,TABLA 8.3,2.842809364548495
2024,Vías interurbanas,Cinco años,Motocicleta,281,TABLA 8.3,3.5337022132796783
2024,Vías interurbanas,Cinco años,Turismo,1548,TABLA 8.3,3.690107270560191
2024,Vías interurbanas,Cinco años,Furgoneta,163,TABLA 8.3,4.1956241956241955
2024,Vías interurbanas,Cinco años,Autobús,19,TABLA 8.3,6.229508196721312
2024,Vías interurbanas,Cinco años,Camión hasta 3.500 kg,30,TABLA 8.3,3.8809831824062093
2024,Vías interurbanas,Cinco años,Camión más 3.500 kg,144,TABLA 8.3,4.824120603015075
2024,Vías interurbanas,Cinco años,Otro vehículo,26,TABLA 8.3,4.088050314465408
2024,Vías interurbanas,Cinco años,Se desconoce,4,TABLA 8.3,1.6064257028112447
2024,Vías interurbanas,De 6 a 7 años,Total,4222,TABLA 8.3,7.112893171824722
2024,Vías interurbanas,De 6 a 7 años,Ciclomotor,28,TABLA 8.3,4.682274247491638
2024,Vías interurbanas,De 6 a 7 años,Motocicleta,414,TABLA 8.3,5.206237424547284
2024,Vías interurbanas,De 6 a 7 años,Turismo,3021,TABLA 8.3,7.201430274135875
2024,Vías interurbanas,De 6 a 7 años,Furgoneta,321,TABLA 8.3,8.262548262548263
2024,Vías interurbanas,De 6 a 7 años,Autobús,39,TABLA 8.3,12.786885245901638
2024,Vías interurbanas,De 6 a 7 años,Camión hasta 3.500 kg,55,TABLA 8.3,7.115135834411385
2024,Vías interurbanas,De 6 a 7 años,Camión más 3.500 kg,308,TABLA 8.3,10.318257956448912
2024,Vías interurbanas,De 6 a 7 años,Otro vehículo,33,TABLA 8.3,5.188679245283019
2024,Vías interurbanas,De 6 a 7 años,Se desconoce,3,TABLA 8.3,1.2048192771084338
2024,Vías interurbanas,De 8 a 10 años,Total,4762,TABLA 8.3,8.022642653772934
2024,Vías interurbanas,De 8 a 10 años,Ciclomotor,36,TABLA 8.3,6.0200668896321075
2024,Vías interurbanas,De 8 a 10 años,Motocicleta,470,TABLA 8.3,5.910462776659959
2024,Vías interurbanas,De 8 a 10 años,Turismo,3525,TABLA 8.3,8.402860548271752
2024,Vías interurbanas,De 8 a 10 años,Furgoneta,289,TABLA 8.3,7.4388674388674385
2024,Vías interurbanas,De 8 a 10 años,Autobús,45,TABLA 8.3,14.754098360655737
2024,Vías interurbanas,De 8 a 10 años,Camión hasta 3.500 kg,51,TABLA 8.3,6.597671410090557
2024,Vías interurbanas,De 8 a 10 años,Camión más 3.500 kg,308,TABLA 8.3,10.318257956448912
2024,Vías interurbanas,De 8 a 10 años,Otro vehículo,35,TABLA 8.3,5.50314465408805
2024,Vías interurbanas,De 8 a 10 años,Se desconoce,3,TABLA 8.3,1.2048192771084338
2024,Vías interurbanas,De 11 a 15 años,Total,5628,TABLA 8.3,9.481611267415806
2024,Vías interurbanas,De 11 a 15 años,Ciclomotor,54,TABLA 8.3,9.03010033444816
2024,Vías interurbanas,De 11 a 15 años,Motocicleta,578,TABLA 8.3,7.268611670020121
2024,Vías interurbanas,De 11 a 15 años,Turismo,4395,TABLA 8.3,10.476758045292014
2024,Vías interurbanas,De 11 a 15 años,Furgoneta,266,TABLA 8.3,6.846846846846846
2024,Vías interurbanas,De 11 a 15 años,Autobús,26,TABLA 8.3,8.524590163934425
2024,Vías interurbanas,De 11 a 15 años,Camión hasta 3.500 kg,42,TABLA 8.3,5.433376455368694
2024,Vías interurbanas,De 11 a 15 años,Camión más 3.500 kg,217,TABLA 8.3,7.269681742043551
2024,Vías interurbanas,De 11 a 15 años,Otro vehículo,48,TABLA 8.3,7.547169811320755
2024,Vías interurbanas,De 11 a 15 años,Se desconoce,2,TABLA 8.3,0.8032128514056224
2024,Vías interurbanas,Más de 15 años,Total,17042,TABLA 8.3,28.711019761780417
2024,Vías interurbanas,Más de 15 años,Ciclomotor,226,TABLA 8.3,37.79264214046823
2024,Vías interurbanas,Más de 15 años,Motocicleta,1443,TABLA 8.3,18.146378269617706
2024,Vías interurbanas,Más de 15 años,Turismo,13579,TABLA 8.3,32.36948748510131
2024,Vías interurbanas,Más de 15 años,Furgoneta,872,TABLA 8.3,22.445302445302445
2024,Vías interurbanas,Más de 15 años,Autobús,42,TABLA 8.3,13.77049180327869
2024,Vías interurbanas,Más de 15 años,Camión hasta 3.500 kg,201,TABLA 8.3,26.002587322121606
2024,Vías interurbanas,Más de 15 años,Camión más 3.500 kg,476,TABLA 8.3,15.946398659966498
2024,Vías interurbanas,Más de 15 años,Otro vehículo,197,TABLA 8.3,30.974842767295595
2024,Vías interurbanas,Más de 15 años,Se desconoce,6,TABLA 8.3,2.4096385542168677
2024,Vías interurbanas,Se desconoce,Total,15443,TABLA 8.3,26.017150462455984
2024,Vías interurbanas,Se desconoce,Ciclomotor,135,TABLA 8.3,22.5752508361204
2024,Vías interurbanas,Se desconoce,Motocicleta,2741,TABLA 8.3,34.46931589537223
2024,Vías interurbanas,Se desconoce,Turismo,9827,TABLA 8.3,23.425506555423123
2024,Vías interurbanas,Se desconoce,Furgoneta,1194,TABLA 8.3,30.73359073359073
2024,Vías interurbanas,Se desconoce,Autobús,72,TABLA 8.3,23.60655737704918
2024,Vías interurbanas,Se desconoce,Camión hasta 3.500 kg,251,TABLA 8.3,32.470892626131956
2024,Vías interurbanas,Se desconoce,Camión más 3.500 kg,819,TABLA 8.3,27.43718592964824
2024,Vías interurbanas,Se desconoce,Otro vehículo,165,TABLA 8.3,25.943396226415093
2024,Vías interurbanas,Se desconoce,Se desconoce,215,TABLA 8.3,86.34538152610442
2024,Vías interurbanas,Total,Total,59357,TABLA 8.3,100.0
2024,Vías interurbanas,Total,Ciclomotor,598,TABLA 8.3,100.0
2024,Vías interurbanas,Total,Motocicleta,7952,TABLA 8.3,100.0
2024,Vías interurbanas,Total,Turismo,41950,TABLA 8.3,100.0
2024,Vías interurbanas,Total,Furgoneta,3885,TABLA 8.3,100.0
2024,Vías interurbanas,Total,Autobús,305,TABLA 8.3,100.0
2024,Vías interurbanas,Total,Camión hasta 3.500 kg,773,TABLA 8.3,100.0
2024,Vías interurbanas,Total,Camión más 3.500 kg,2985,TABLA 8.3,100.0
2024,Vías interurbanas,Total,Otro vehículo,636,TABLA 8.3,100.0
2024,Vías interurbanas,Total,Se desconoce,249,TABLA 8.3,100.0
2024,Vías urbanas,Menos de un año,Total,2735,TABLA 8.3,2.7082425634728877
2024,Vías urbanas,Menos de un año,Ciclomotor,99,TABLA 8.3,2.3376623376623376
2024,Vías urbanas,Menos de un año,Motocicleta,848,TABLA 8.3,3.971896955503513
2024,Vías urbanas,Menos de un año,Turismo,1487,TABLA 8.3,2.383318374150532
2024,Vías urbanas,Menos de un año,Furgoneta,156,TABLA 8.3,2.5569578757580724
2024,Vías urbanas,Menos de un año,Autobús,65,TABLA 8.3,2.52133436772692
2024,Vías urbanas,Menos de un año,Camión hasta 3.500 kg,20,TABLA 8.3,2.28310502283105
2024,Vías urbanas,Menos de un año,Camión más 3.500 kg,30,TABLA 8.3,3.1217481789802286
2024,Vías urbanas,Menos de un año,Otro vehículo,25,TABLA 8.3,1.9425019425019423
2024,Vías urbanas,Menos de un año,Se desconoce,5,TABLA 8.3,0.43668122270742354
2024,Vías urbanas,Un año,Total,5074,TABLA 8.3,5.024359329821365
2024,Vías urbanas,Un año,Ciclomotor,250,TABLA 8.3,5.90318772136954
2024,Vías urbanas,Un año,Motocicleta,1555,TABLA 8.3,7.283372365339578
2024,Vías urbanas,Un año,Turismo,2586,TABLA 8.3,4.14476214899346
2024,Vías urbanas,Un año,Furgoneta,351,TABLA 8.3,5.753155220455663
2024,Vías urbanas,Un año,Autobús,177,TABLA 8.3,6.86578743211792
2024,Vías urbanas,Un año,Camión hasta 3.500 kg,36,TABLA 8.3,4.10958904109589
2024,Vías urbanas,Un año,Camión más 3.500 kg,68,TABLA 8.3,7.075962539021852
2024,Vías urbanas,Un año,Otro vehículo,42,TABLA 8.3,3.263403263403263
2024,Vías urbanas,Un año,Se desconoce,9,TABLA 8.3,0.7860262008733625
2024,Vías urbanas,Dos años,Total,4221,TABLA 8.3,4.179704519348833
2024,Vías urbanas,Dos años,Ciclomotor,232,TABLA 8.3,5.478158205430933
2024,Vías urbanas,Dos años,Motocicleta,1175,TABLA 8.3,5.50351288056206
2024,Vías urbanas,Dos años,Turismo,2309,TABLA 8.3,3.700794973714579
2024,Vías urbanas,Dos años,Furgoneta,286,TABLA 8.3,4.687756105556466
2024,Vías urbanas,Dos años,Autobús,124,TABLA 8.3,4.809930178432894
2024,Vías urbanas,Dos años,Camión hasta 3.500 kg,25,TABLA 8.3,2.853881278538813
2024,Vías urbanas,Dos años,Camión más 3.500 kg,36,TABLA 8.3,3.7460978147762747
2024,Vías urbanas,Dos años,Otro vehículo,28,TABLA 8.3,2.1756021756021755
2024,Vías urbanas,Dos años,Se desconoce,6,TABLA 8.3,0.5240174672489083
2024,Vías urbanas,Tres años,Total,3909,TABLA 8.3,3.8707569216144497
2024,Vías urbanas,Tres años,Ciclomotor,149,TABLA 8.3,3.518299881936245
2024,Vías urbanas,Tres años,Motocicleta,1000,TABLA 8.3,4.683840749414521
2024,Vías urbanas,Tres años,Turismo,2230,TABLA 8.3,3.574176176432876
2024,Vías urbanas,Tres años,Furgoneta,312,TABLA 8.3,5.113915751516145
2024,Vías urbanas,Tres años,Autobús,106,TABLA 8.3,4.1117145073700545
2024,Vías urbanas,Tres años,Camión hasta 3.500 kg,29,TABLA 8.3,3.3105022831050226
2024,Vías urbanas,Tres años,Camión más 3.500 kg,52,TABLA 8.3,5.411030176899064
2024,Vías urbanas,Tres años,Otro vehículo,28,TABLA 8.3,2.1756021756021755
2024,Vías urbanas,Tres años,Se desconoce,3,TABLA 8.3,0.26200873362445415
2024,Vías urbanas,Cuatro años,Total,3635,TABLA 8.3,3.599437556937458
2024,Vías urbanas,Cuatro años,Ciclomotor,254,TABLA 8.3,5.997638724911452
2024,Vías urbanas,Cuatro años,Motocicleta,980,TABLA 8.3,4.590163934426229
2024,Vías urbanas,Cuatro años,Turismo,1883,TABLA 8.3,3.01801513014489
2024,Vías urbanas,Cuatro años,Furgoneta,294,TABLA 8.3,4.818882150467137
2024,Vías urbanas,Cuatro años,Autobús,140,TABLA 8.3,5.430566330488751
2024,Vías urbanas,Cuatro años,Camión hasta 3.500 kg,20,TABLA 8.3,2.28310502283105
2024,Vías urbanas,Cuatro años,Camión más 3.500 kg,43,TABLA 8.3,4.474505723204994
2024,Vías urbanas,Cuatro años,Otro vehículo,15,TABLA 8.3,1.1655011655011656
2024,Vías urbanas,Cuatro años,Se desconoce,6,TABLA 8.3,0.5240174672489083
2024,Vías urbanas,Cinco años,Total,4475,TABLA 8.3,4.4312195508377235
2024,Vías urbanas,Cinco años,Ciclomotor,195,TABLA 8.3,4.6044864226682405
2024,Vías urbanas,Cinco años,Motocicleta,1014,TABLA 8.3,4.749414519906323
2024,Vías urbanas,Cinco años,Turismo,2765,TABLA 8.3,4.431657904859597
2024,Vías urbanas,Cinco años,Furgoneta,266,TABLA 8.3,4.35994099327979
2024,Vías urbanas,Cinco años,Autobús,134,TABLA 8.3,5.197827773467805
2024,Vías urbanas,Cinco años,Camión hasta 3.500 kg,20,TABLA 8.3,2.28310502283105
2024,Vías urbanas,Cinco años,Camión más 3.500 kg,46,TABLA 8.3,4.786680541103017
2024,Vías urbanas,Cinco años,Otro vehículo,28,TABLA 8.3,2.1756021756021755
2024,Vías urbanas,Cinco años,Se desconoce,7,TABLA 8.3,0.611353711790393
2024,Vías urbanas,De 6 a 7 años,Total,8033,TABLA 8.3,7.95441042500099
2024,Vías urbanas,De 6 a 7 años,Ciclomotor,254,TABLA 8.3,5.997638724911452
2024,Vías urbanas,De 6 a 7 años,Motocicleta,1409,TABLA 8.3,6.599531615925058
2024,Vías urbanas,De 6 a 7 años,Turismo,5359,TABLA 8.3,8.589242210539814
2024,Vías urbanas,De 6 a 7 años,Furgoneta,580,TABLA 8.3,9.506638256023603
2024,Vías urbanas,De 6 a 7 años,Autobús,268,TABLA 8.3,10.39565554693561
2024,Vías urbanas,De 6 a 7 años,Camión hasta 3.500 kg,28,TABLA 8.3,3.1963470319634704
2024,Vías urbanas,De 6 a 7 años,Camión más 3.500 kg,97,TABLA 8.3,10.093652445369408
2024,Vías urbanas,De 6 a 7 años,Otro vehículo,33,TABLA 8.3,2.564102564102564
2024,Vías urbanas,De 6 a 7 años,Se desconoce,5,TABLA 8.3,0.43668122270742354
2024,Vías urbanas,De 8 a 10 años,Total,8870,TABLA 8.3,8.78322176892304
2024,Vías urbanas,De 8 a 10 años,Ciclomotor,245,TABLA 8.3,5.785123966942149
2024,Vías urbanas,De 8 a 10 años,Motocicleta,1796,TABLA 8.3,8.412177985948478
2024,Vías urbanas,De 8 a 10 años,Turismo,5857,TABLA 8.3,9.387421464290293
2024,Vías urbanas,De 8 a 10 años,Furgoneta,580,TABLA 8.3,9.506638256023603
2024,Vías urbanas,De 8 a 10 años,Autobús,187,TABLA 8.3,7.253685027152831
2024,Vías urbanas,De 8 a 10 años,Camión hasta 3.500 kg,54,TABLA 8.3,6.164383561643835
2024,Vías urbanas,De 8 a 10 años,Camión más 3.500 kg,104,TABLA 8.3,10.822060353798127
2024,Vías urbanas,De 8 a 10 años,Otro vehículo,40,TABLA 8.3,3.108003108003108
2024,Vías urbanas,De 8 a 10 años,Se desconoce,7,TABLA 8.3,0.611353711790393
2024,Vías urbanas,De 11 a 15 años,Total,10108,TABLA 8.3,10.009109993266527
2024,Vías urbanas,De 11 a 15 años,Ciclomotor,370,TABLA 8.3,8.736717827626919
2024,Vías urbanas,De 11 a 15 años,Motocicleta,1861,TABLA 8.3,8.716627634660421
2024,Vías urbanas,De 11 a 15 años,Turismo,7049,TABLA 8.3,11.297922810616745
2024,Vías urbanas,De 11 a 15 años,Furgoneta,500,TABLA 8.3,8.1953778069169
2024,Vías urbanas,De 11 a 15 años,Autobús,155,TABLA 8.3,6.012412723041117
2024,Vías urbanas,De 11 a 15 años,Camión hasta 3.500 kg,62,TABLA 8.3,7.077625570776255
2024,Vías urbanas,De 11 a 15 años,Camión más 3.500 kg,81,TABLA 8.3,8.428720083246619
2024,Vías urbanas,De 11 a 15 años,Otro vehículo,25,TABLA 8.3,1.9425019425019423
2024,Vías urbanas,De 11 a 15 años,Se desconoce,5,TABLA 8.3,0.43668122270742354
2024,Vías urbanas,Más de 15 años,Total,23793,TABLA 8.3,23.560224977225015
2024,Vías urbanas,Más de 15 años,Ciclomotor,1359,TABLA 8.3,32.08972845336482
2024,Vías urbanas,Más de 15 años,Motocicleta,3140,TABLA 8.3,14.707259953161591
2024,Vías urbanas,Más de 15 años,Turismo,17264,TABLA 8.3,27.670214130016667
2024,Vías urbanas,Más de 15 años,Furgoneta,1178,TABLA 8.3,19.308310113096212
2024,Vías urbanas,Más de 15 años,Autobús,205,TABLA 8.3,7.95190069821567
2024,Vías urbanas,Más de 15 años,Camión hasta 3.500 kg,283,TABLA 8.3,32.30593607305936
2024,Vías urbanas,Más de 15 años,Camión más 3.500 kg,205,TABLA 8.3,21.331945889698233
2024,Vías urbanas,Más de 15 años,Otro vehículo,140,TABLA 8.3,10.878010878010878
2024,Vías urbanas,Más de 15 años,Se desconoce,19,TABLA 8.3,1.6593886462882095
2024,Vías urbanas,Se desconoce,Total,26135,TABLA 8.3,25.879312393551707
2024,Vías urbanas,Se desconoce,Ciclomotor,828,TABLA 8.3,19.551357733175916
2024,Vías urbanas,Se desconoce,Motocicleta,6572,TABLA 8.3,30.782201405152225
2024,Vías urbanas,Se desconoce,Turismo,13603,TABLA 8.3,21.802474676240543
2024,Vías urbanas,Se desconoce,Furgoneta,1598,TABLA 8.3,26.19242747090641
2024,Vías urbanas,Se desconoce,Autobús,1017,TABLA 8.3,39.44918541505042
2024,Vías urbanas,Se desconoce,Camión hasta 3.500 kg,299,TABLA 8.3,34.1324200913242
2024,Vías urbanas,Se desconoce,Camión más 3.500 kg,199,TABLA 8.3,20.707596253902185
2024,Vías urbanas,Se desconoce,Otro vehículo,883,TABLA 8.3,68.60916860916862
2024,Vías urbanas,Se desconoce,Se desconoce,1073,TABLA 8.3,93.7117903930131
2024,Vías urbanas,Total,Total,100988,TABLA 8.3,100.0
2024,Vías urbanas,Total,Ciclomotor,4235,TABLA 8.3,100.0
2024,Vías urbanas,Total,Motocicleta,21350,TABLA 8.3,100.0
2024,Vías urbanas,Total,Turismo,62392,TABLA 8.3,100.0
2024,Vías urbanas,Total,Furgoneta,6101,TABLA 8.3,100.0
2024,Vías urbanas,Total,Autobús,2578,TABLA 8.3,100.0
2024,Vías urbanas,Total,Camión hasta 3.500 kg,876,TABLA 8.3,100.0
2024,Vías urbanas,Total,Camión más 3.500 kg,961,TABLA 8.3,100.0
2024,Vías urbanas,Total,Otro vehículo,1287,TABLA 8.3,100.0
2024,Vías urbanas,Total,Se desconoce,1145,TABLA 8.3,100.0
2024,Total,Menos de un año,Total,4294,TABLA 8.3,2.677975615079984
2024,Total,Menos de un año,Ciclomotor,114,TABLA 8.3,2.3587833643699563
2024,Total,Menos de un año,Motocicleta,1265,TABLA 8.3,4.3171114599686025
2024,Total,Menos de un año,Turismo,2379,TABLA 8.3,2.280002300128424
2024,Total,Menos de un año,Furgoneta,246,TABLA 8.3,2.4634488283597036
2024,Total,Menos de un año,Autobús,76,TABLA 8.3,2.6361429066944155
2024,Total,Menos de un año,Camión hasta 3.500 kg,33,TABLA 8.3,2.0012128562765312
2024,Total,Menos de un año,Camión más 3.500 kg,127,TABLA 8.3,3.218449062341612
2024,Total,Menos de un año,Otro vehículo,44,TABLA 8.3,2.2880915236609463
2024,Total,Menos de un año,Se desconoce,10,TABLA 8.3,0.7173601147776184
2024,Total,Un año,Total,7770,TABLA 8.3,4.845801241073934
2024,Total,Un año,Ciclomotor,276,TABLA 8.3,5.710738671632527
2024,Total,Un año,Motocicleta,2180,TABLA 8.3,7.439765203740359
2024,Total,Un año,Turismo,4140,TABLA 8.3,3.967721531118821
2024,Total,Un año,Furgoneta,551,TABLA 8.3,5.517724814740637
2024,Total,Un año,Autobús,201,TABLA 8.3,6.971904266389179
2024,Total,Un año,Camión hasta 3.500 kg,76,TABLA 8.3,4.6088538508186785
2024,Total,Un año,Camión más 3.500 kg,256,TABLA 8.3,6.487582361885454
2024,Total,Un año,Otro vehículo,79,TABLA 8.3,4.108164326573062
2024,Total,Un año,Se desconoce,11,TABLA 8.3,0.7890961262553802
2024,Total,Dos años,Total,6362,TABLA 8.3,3.9676946583928405
2024,Total,Dos años,Ciclomotor,254,TABLA 8.3,5.255534864473412
2024,Total,Dos años,Motocicleta,1596,TABLA 8.3,5.446727185857621
2024,Total,Dos años,Turismo,3616,TABLA 8.3,3.465526825247743
2024,Total,Dos años,Furgoneta,454,TABLA 8.3,4.5463649108752255
2024,Total,Dos años,Autobús,134,TABLA 8.3,4.647936177592785
2024,Total,Dos años,Camión hasta 3.500 kg,50,TABLA 8.3,3.0321406913280775
2024,Total,Dos años,Camión más 3.500 kg,194,TABLA 8.3,4.91637100861632
2024,Total,Dos años,Otro vehículo,54,TABLA 8.3,2.80811232449298
2024,Total,Dos años,Se desconoce,10,TABLA 8.3,0.7173601147776184
2024,Total,Tres años,Total,5802,TABLA 8.3,3.6184477220992237
2024,Total,Tres años,Ciclomotor,169,TABLA 8.3,3.496792882267743
2024,Total,Tres años,Motocicleta,1306,TABLA 8.3,4.457033649580233
2024,Total,Tres años,Turismo,3397,TABLA 8.3,3.2556401065726166
2024,Total,Tres años,Furgoneta,491,TABLA 8.3,4.916883637091929
2024,Total,Tres años,Autobús,112,TABLA 8.3,3.8848421782865072
2024,Total,Tres años,Camión hasta 3.500 kg,67,TABLA 8.3,4.063068526379624
2024,Total,Tres años,Camión más 3.500 kg,199,TABLA 8.3,5.043081601621895
2024,Total,Tres años,Otro vehículo,56,TABLA 8.3,2.912116484659386
2024,Total,Tres años,Se desconoce,5,TABLA 8.3,0.3586800573888092
2024,Total,Cuatro años,Total,5374,TABLA 8.3,3.3515232779319595
2024,Total,Cuatro años,Ciclomotor,273,TABLA 8.3,5.648665425201738
2024,Total,Cuatro años,Motocicleta,1236,TABLA 8.3,4.218142106340864
2024,Total,Cuatro años,Turismo,3018,TABLA 8.3,2.8924114929750244
2024,Total,Cuatro años,Furgoneta,437,TABLA 8.3,4.376126577208091
2024,Total,Cuatro años,Autobús,151,TABLA 8.3,5.2375997225112725
2024,Total,Cuatro años,Camión hasta 3.500 kg,47,TABLA 8.3,2.850212249848393
2024,Total,Cuatro años,Camión más 3.500 kg,166,TABLA 8.3,4.206791687785099
2024,Total,Cuatro años,Otro vehículo,37,TABLA 8.3,1.924076963078523
2024,Total,Cuatro años,Se desconoce,9,TABLA 8.3,0.6456241032998565
2024,Total,Cinco años,Total,6707,TABLA 8.3,4.182855717359444
2024,Total,Cinco años,Ciclomotor,212,TABLA 8.3,4.386509414442375
2024,Total,Cinco años,Motocicleta,1295,TABLA 8.3,4.419493549928333
2024,Total,Cinco años,Turismo,4313,TABLA 8.3,4.133522455003738
2024,Total,Cinco años,Furgoneta,429,TABLA 8.3,4.296014420188263
2024,Total,Cinco años,Autobús,153,TABLA 8.3,5.30697190426639
2024,Total,Cinco años,Camión hasta 3.500 kg,50,TABLA 8.3,3.0321406913280775
2024,Total,Cinco años,Camión más 3.500 kg,190,TABLA 8.3,4.81500253421186
2024,Total,Cinco años,Otro vehículo,54,TABLA 8.3,2.80811232449298
2024,Total,Cinco años,Se desconoce,11,TABLA 8.3,0.7890961262553802
2024,Total,De 6 a 7 años,Total,12255,TABLA 8.3,7.642895007639777
2024,Total,De 6 a 7 años,Ciclomotor,282,TABLA 8.3,5.8348851644941035
2024,Total,De 6 a 7 años,Motocicleta,1823,TABLA 8.3,6.221418333219575
2024,Total,De 6 a 7 años,Turismo,8380,TABLA 8.3,8.031281746564183
2024,Total,De 6 a 7 años,Furgoneta,901,TABLA 8.3,9.022631684358101
2024,Total,De 6 a 7 años,Autobús,307,TABLA 8.3,10.648629899410336
2024,Total,De 6 a 7 años,Camión hasta 3.500 kg,83,TABLA 8.3,5.033353547604609
2024,Total,De 6 a 7 años,Camión más 3.500 kg,405,TABLA 8.3,10.263558033451597
2024,Total,De 6 a 7 años,Otro vehículo,66,TABLA 8.3,3.43213728549142
2024,Total,De 6 a 7 años,Se desconoce,8,TABLA 8.3,0.5738880918220948
2024,Total,De 8 a 10 años,Total,13632,TABLA 8.3,8.501668277776044
2024,Total,De 8 a 10 años,Ciclomotor,281,TABLA 8.3,5.814194082350507
2024,Total,De 8 a 10 años,Motocicleta,2266,TABLA 8.3,7.733260528291584
2024,Total,De 8 a 10 años,Turismo,9382,TABLA 8.3,8.99158536351613
2024,Total,De 8 a 10 años,Furgoneta,869,TABLA 8.3,8.702183056278791
2024,Total,De 8 a 10 años,Autobús,232,TABLA 8.3,8.047173083593478
2024,Total,De 8 a 10 años,Camión hasta 3.500 kg,105,TABLA 8.3,6.367495451788963
2024,Total,De 8 a 10 años,Camión más 3.500 kg,412,TABLA 8.3,10.440952863659401
2024,Total,De 8 a 10 años,Otro vehículo,75,TABLA 8.3,3.9001560062402496
2024,Total,De 8 a 10 años,Se desconoce,10,TABLA 8.3,0.7173601147776184
2024,Total,De 11 a 15 años,Total,15736,TABLA 8.3,9.813838909850634
2024,Total,De 11 a 15 años,Ciclomotor,424,TABLA 8.3,8.77301882888475
2024,Total,De 11 a 15 años,Motocicleta,2439,TABLA 8.3,8.323663913726026
2024,Total,De 11 a 15 años,Turismo,11444,TABLA 8.3,10.967779034329418
2024,Total,De 11 a 15 años,Furgoneta,766,TABLA 8.3,7.670739034648507
2024,Total,De 11 a 15 años,Autobús,181,TABLA 8.3,6.278182448838016
2024,Total,De 11 a 15 años,Camión hasta 3.500 kg,104,TABLA 8.3,6.306852637962401
2024,Total,De 11 a 15 años,Camión más 3.500 kg,298,TABLA 8.3,7.551951343132286
2024,Total,De 11 a 15 años,Otro vehículo,73,TABLA 8.3,3.7961518460738426
2024,Total,De 11 a 15 años,Se desconoce,7,TABLA 8.3,0.5021520803443328
2024,Total,Más de 15 años,Total,40835,TABLA 8.3,25.466961863481867
2024,Total,Más de 15 años,Ciclomotor,1585,TABLA 8.3,32.795365197599835
2024,Total,Más de 15 años,Motocicleta,4583,TABLA 8.3,15.64057060951471
2024,Total,Más de 15 años,Turismo,30843,TABLA 8.3,29.559525406835213
2024,Total,Más de 15 años,Furgoneta,2050,TABLA 8.3,20.528740236330865
2024,Total,Más de 15 años,Autobús,247,TABLA 8.3,8.567464446756851
2024,Total,Más de 15 años,Camión hasta 3.500 kg,484,TABLA 8.3,29.351121892055794
2024,Total,Más de 15 años,Camión más 3.500 kg,681,TABLA 8.3,17.25798276735935
2024,Total,Más de 15 años,Otro vehículo,337,TABLA 8.3,17.52470098803952
2024,Total,Más de 15 años,Se desconoce,25,TABLA 8.3,1.7934002869440457
2024,Total,Se desconoce,Total,41578,TABLA 8.3,25.930337709314287
2024,Total,Se desconoce,Ciclomotor,963,TABLA 8.3,19.925512104283055
2024,Total,Se desconoce,Motocicleta,9313,TABLA 8.3,31.78281345983209
2024,Total,Se desconoce,Turismo,23430,TABLA 8.3,22.45500373770869
2024,Total,Se desconoce,Furgoneta,2792,TABLA 8.3,27.95914279991989
2024,Total,Se desconoce,Autobús,1089,TABLA 8.3,37.77315296566077
2024,Total,Se desconoce,Camión hasta 3.500 kg,550,TABLA 8.3,33.35354760460885
2024,Total,Se desconoce,Camión más 3.500 kg,1018,TABLA 8.3,25.798276735935122
2024,Total,Se desconoce,Otro vehículo,1048,TABLA 8.3,54.498179927197086
2024,Total,Se desconoce,Se desconoce,1288,TABLA 8.3,92.39598278335724
2024,Total,Total,Total,160345,TABLA 8.3,100.0
2024,Total,Total,Ciclomotor,4833,TABLA 8.3,100.0
2024,Total,Total,Motocicleta,29302,TABLA 8.3,100.0
2024,Total,Total,Turismo,104342,TABLA 8.3,100.0
2024,Total,Total,Furgoneta,9986,TABLA 8.3,100.0
2024,Total,Total,Autobús,2883,TABLA 8.3,100.0
2024,Total,Total,Camión hasta 3.500 kg,1649,TABLA 8.3,100.0
2024,Total,Total,Camión más 3.500 kg,3946,TABLA 8.3,100.0
2024,Total,Total,Otro vehículo,1923,TABLA 8.3,100.0
2024,Total,Total,Se desconoce,1394,TABLA 8.3,100.0
