year,zone,category,crashes,fatal_crashes,fatalities,hospitalized,non_hospitalized,source_sheet,fatal_crash_pct,lower,upper,crash_share_pct,small_sample,is_total
2022,Interurbana,Frontal,1541,212,263,664,2498,TABLA 1.3,13.757300454250487,12.127413195616278,15.567432536145805,4.627627627627628,False,False
2022,Urbana,Frontal,1720,17,19,191,2280,TABLA 1.3,0.9883720930232558,0.6180041297007502,1.5771779519845368,2.661879410672279,False,False
2022,Total,Frontal,3261,229,282,855,4778,TABLA 1.3,7.022385771235817,6.195003061277158,7.950904623548608,3.3304056538257285,False,False
2022,Interurbana,Fronto-lateral,4039,111,120,484,5737,TABLA 1.3,2.74820500123793,2.287167791221826,3.299038373948267,12.12912912912913,False,False
2022,Urbana,Fronto-lateral,16713,45,47,1143,20099,TABLA 1.3,0.2692514808831448,0.20129915797024492,0.3600596313193334,25.86511080846849,False,False
2022,Total,Fronto-lateral,20752,156,167,1627,25836,TABLA 1.3,0.7517347725520431,0.6429874386558645,0.8787116909473331,21.193676212263572,False,False
2022,Interurbana,Lateral,2510,29,30,193,3317,TABLA 1.3,1.1553784860557768,0.805652056727703,1.6543860894211595,7.5375375375375375,False,False
2022,Urbana,Lateral,6251,16,16,255,7151,TABLA 1.3,0.2559590465525516,0.15761819184608314,0.41540126926511467,9.674074532623498,False,False
2022,Total,Lateral,8761,45,46,448,10468,TABLA 1.3,0.5136399954343112,0.3841117831216698,0.6865460178389473,8.947465174230974,False,False
2022,Interurbana,Por alcance,7126,104,114,363,11201,TABLA 1.3,1.4594442885209093,1.2060097215513534,1.7651848000128552,21.3993993993994,False,False
2022,Urbana,Por alcance,8966,13,13,236,12221,TABLA 1.3,0.1449921927280839,0.08475678687940746,0.2479297935656556,13.87582023028352,False,False
2022,Total,Por alcance,16092,117,127,599,23422,TABLA 1.3,0.727069351230425,0.6070545729973076,0.8706032396071676,16.434494873156584,False,False
2022,Interurbana,Múltiple o en caravana,1322,20,23,90,2995,TABLA 1.3,1.5128593040847202,0.9814542647480615,2.3252351232644464,3.96996996996997,False,False
2022,Urbana,Múltiple o en caravana,846,0,0,21,1517,TABLA 1.3,0.0,0.0,0.4520206423001334,1.3092732450167142,False,False
2022,Total,Múltiple o en caravana,2168,20,23,111,4512,TABLA 1.3,0.9225092250922509,0.5979767197308896,1.4206539976558186,2.2141427345888314,False,False
2022,Interurbana,Colisión contra obstáculo o elemento de la vía,548,19,19,64,670,TABLA 1.3,3.4671532846715327,2.2306956634470425,5.351456447797171,1.6456456456456456,False,False
2022,Urbana,Colisión contra obstáculo o elemento de la vía,1797,26,26,138,2002,TABLA 1.3,1.4468558708959376,0.9892700023693066,2.111583687286566,2.7810449424291197,False,False
2022,Total,Colisión contra obstáculo o elemento de la vía,2345,45,45,202,2672,TABLA 1.3,1.9189765458422177,1.4372512821221772,2.5579719147559143,2.394909922790964,False,False
2022,Interurbana,Atropello a personas,657,121,123,160,463,TABLA 1.3,18.41704718417047,15.639589665216318,21.561686910168493,1.972972972972973,False,False
2022,Urbana,Atropello a personas,11440,200,202,1420,11225,TABLA 1.3,1.7482517482517483,1.523779899147808,2.0051178077443206,17.70459328958772,False,False
2022,Total,Atropello a personas,12097,321,325,1580,11688,TABLA 1.3,2.6535504670579484,2.3818254898383793,2.9553360705250076,12.354467094244045,False,False
2022,Interurbana,Atropello a animales,378,1,1,21,468,TABLA 1.3,0.26455026455026454,0.04671489213472161,1.4830977266247225,1.135135135135135,False,False
2022,Urbana,Atropello a animales,73,0,0,7,71,TABLA 1.3,0.0,0.0,4.999200795573111,0.11297511452271884,True,False
2022,Total,Atropello a animales,451,1,1,28,539,TABLA 1.3,0.22172949002217296,0.03915142828182601,1.2451331740584641,0.46059888067323007,False,False
2022,Interurbana,Vuelco,1056,14,14,75,1114,TABLA 1.3,1.3257575757575757,0.7913476041794422,2.213012958967873,3.171171171171171,False,False
2022,Urbana,Vuelco,2627,4,4,123,2708,TABLA 1.3,0.15226494099733537,0.05922829814592684,0.390873276047837,4.065556518509347,False,False
2022,Total,Vuelco,3683,18,18,198,3822,TABLA 1.3,0.4887320119467825,0.309375436040845,0.7712638934690864,3.7613873115731855,False,False
2022,Interurbana,Caída,1296,18,18,160,1246,TABLA 1.3,1.3888888888888888,0.8803236132713956,2.1847777920062175,3.8918918918918917,False,False
2022,Urbana,Caída,7031,19,19,474,6954,TABLA 1.3,0.2702318304650832,0.17307373820948346,0.4217009850819828,10.881205893277206,False,False
2022,Total,Caída,8327,37,37,634,8200,TABLA 1.3,0.4443376966494536,0.3225506196410142,0.6118262882075393,8.504228113893541,False,False
2022,Interurbana,Sólo salida de la vía,1,0,0,1,0,TABLA 1.3,0.0,0.0,79.34506856227625,0.003003003003003003,True,False
2022,Urbana,Sólo salida de la vía,69,0,0,7,69,TABLA 1.3,0.0,0.0,5.273725818905173,0.10678469728859724,True,False
2022,Total,Sólo salida de la vía,70,0,0,8,69,TABLA 1.3,0.0,0.0,5.202306241026692,0.07148984844152131,True,False
2022,Interurbana,Salida de la vía por la izquierda con colisión,1718,93,100,236,2097,TABLA 1.3,5.4132712456344585,4.439325815876217,6.586164240026977,5.1591591591591595,False,False
2022,Urbana,Salida de la vía por la izquierda con colisión,849,26,29,115,968,TABLA 1.3,3.0624263839811543,2.0983196021164887,4.449375546042876,1.3139160579423053,False,False
2022,Total,Salida de la vía por la izquierda con colisión,2567,119,129,351,3065,TABLA 1.3,4.635761589403973,3.88796226282804,5.519131200322835,2.6216348707055026,False,False
2022,Interurbana,Salida de la vía por la izquierda con despeñamiento,203,26,30,44,231,TABLA 1.3,12.807881773399016,8.892387487328959,18.10483982825566,0.6096096096096096,False,False
2022,Urbana,Salida de la vía por la izquierda con despeñamiento,17,1,1,6,18,TABLA 1.3,5.88235294117647,1.046040098499759,26.982030637575406,0.026309273245016713,True,False
2022,Total,Salida de la vía por la izquierda con despeñamiento,220,27,31,50,249,TABLA 1.3,12.272727272727273,8.573208873076284,17.267160076193043,0.22468238081620984,False,False
2022,Interurbana,Salida de la vía por la izquierda con vuelco,1024,68,72,137,1195,TABLA 1.3,6.640625,5.2718862208065875,8.333466785788698,3.075075075075075,False,False
2022,Urbana,Salida de la vía por la izquierda con vuelco,72,2,2,10,85,TABLA 1.3,2.7777777777777777,0.7651021904494577,9.574175221438225,0.11142751021418844,True,False
2022,Total,Salida de la vía por la izquierda con vuelco,1096,70,74,147,1280,TABLA 1.3,6.386861313868613,5.0860931636158115,7.992288058249406,1.1193267698843907,False,False
2022,Interurbana,"Salida de la vía por la izquierda, otro tipo",951,21,21,122,1065,TABLA 1.3,2.2082018927444795,1.4487703507456933,3.352179419210044,2.855855855855856,False,False
2022,Urbana,"Salida de la vía por la izquierda, otro tipo",355,8,8,58,363,TABLA 1.3,2.2535211267605635,1.1462220639981284,4.3830885362601615,0.5493995295282902,False,False
2022,Total,"Salida de la vía por la izquierda, otro tipo",1306,29,29,180,1428,TABLA 1.3,2.22052067381317,1.5504606340107165,3.1708328022477916,1.3337963152089545,False,False
2022,Interurbana,Salida de la vía por la derecha con colisión,2161,113,114,337,2433,TABLA 1.3,5.229060620083295,4.367401942128822,6.249609196686913,6.489489489489489,False,False
2022,Urbana,Salida de la vía por la derecha con colisión,1023,39,41,117,1220,TABLA 1.3,3.812316715542522,2.8011772295818944,5.169036489163678,1.5831992076265942,False,False
2022,Total,Salida de la vía por la derecha con colisión,3184,152,155,454,3653,TABLA 1.3,4.773869346733668,4.086226003683461,5.570510781921198,3.251766820540055,False,False
2022,Interurbana,Salida de la vía por la derecha con despeñamiento,343,32,39,61,363,TABLA 1.3,9.329446064139942,6.686066000442486,12.873723377495164,1.03003003003003,False,False
2022,Urbana,Salida de la vía por la derecha con despeñamiento,32,4,6,4,41,TABLA 1.3,12.5,4.970134387480073,28.068305481650217,0.04952333787297264,True,False
2022,Total,Salida de la vía por la derecha con despeñamiento,375,36,45,65,404,TABLA 1.3,9.6,7.015039694035279,13.00427367699414,0.38298133093672126,False,False
2022,Interurbana,Salida de la vía por la derecha con vuelco,1672,77,85,222,2024,TABLA 1.3,4.605263157894736,3.7004305258186645,5.718208569777446,5.021021021021021,False,False
2022,Urbana,Salida de la vía por la derecha con vuelco,138,2,2,6,158,TABLA 1.3,1.4492753623188406,0.3983475402945181,5.129978864333581,0.21356939457719448,False,False
2022,Total,Salida de la vía por la derecha con vuelco,1810,79,87,228,2182,TABLA 1.3,4.364640883977901,3.516110387297272,5.406469810308237,1.848523223987908,False,False
2022,Interurbana,"Salida de la vía por la derecha, otro tipo",3563,67,72,315,4081,TABLA 1.3,1.8804378332865561,1.4834871210554883,2.3810372883436526,10.6996996996997,False,False
2022,Urbana,"Salida de la vía por la derecha, otro tipo",948,23,23,107,983,TABLA 1.3,2.4261603375527425,1.6220361856440733,3.6142831991457367,1.4671288844868144,False,False
2022,Total,"Salida de la vía por la derecha, otro tipo",4511,90,95,422,5064,TABLA 1.3,1.9951230325870095,1.6260451324596952,2.4458909587073845,4.607010090281466,False,False
2022,Interurbana,Otro tipo de accidente,1191,15,15,143,1600,TABLA 1.3,1.2594458438287155,0.7647097496903387,2.067587252632929,3.576576576576577,False,False
2022,Urbana,Otro tipo de accidente,3649,14,15,172,4397,TABLA 1.3,0.3836667580158948,0.22868439617294323,0.6430057436716154,5.647208121827411,False,False
2022,Total,Otro tipo de accidente,4840,29,30,315,5997,TABLA 1.3,0.5991735537190083,0.4175160041743382,0.8591867811342123,4.943012377956616,False,False
2022,Interurbana,Resto de categorías,0,0,0,0,0,TABLA 1.3,,,,0.0,True,False
2022,Urbana,Resto de categorías,0,0,0,0,0,TABLA 1.3,,,,0.0,True,False
2022,Total,Resto de categorías,0,0,0,0,0,TABLA 1.3,,,,0.0,True,False
2022,Interurbana,Total,33300,1161,1273,3892,44798,TABLA 1.3,3.4864864864864864,3.294768262916422,3.6889349885434264,100.0,False,True
2022,Urbana,Total,64616,459,473,4610,74530,TABLA 1.3,0.7103503776154513,0.6484622012061477,0.7780988023644692,100.0,False,True
2022,Total,Total,97916,1620,1746,8502,119328,TABLA 1.3,1.654479349646636,1.5764582634276432,1.736293688060005,100.0,False,True
2023,Interurbana,Frontal,1593,207,245,673,2580,TABLA 1.3,12.994350282485875,11.431791783743652,14.734954859300059,4.50891593546561,False,False
2023,Urbana,Frontal,1688,17,18,189,2141,TABLA 1.3,1.0071090047393365,0.6297369893102186,1.606965428839038,2.558506123438826,False,False
2023,Total,Frontal,3281,224,263,862,4721,TABLA 1.3,6.8271868332825365,6.013704221224538,7.741646363729167,3.2387025447653643,False,False
2023,Interurbana,Fronto-lateral,4391,113,128,631,6229,TABLA 1.3,2.573445684354361,2.144931907604843,3.0848690072697855,12.428530993489952,False,False
2023,Urbana,Fronto-lateral,17365,69,69,1200,21065,TABLA 1.3,0.3973509933774834,0.3141216527456917,0.5025215249641292,26.320177034072994,False,False
2023,Total,Fronto-lateral,21756,182,197,1831,27294,TABLA 1.3,0.8365508365508365,0.7239034222873614,0.9665567748460318,21.47552958363769,False,False
2023,Interurbana,Lateral,2749,37,38,209,3486,TABLA 1.3,1.345943979628956,0.9780612072470966,1.8496155763640123,7.780922728559298,False,False
2023,Urbana,Lateral,6227,13,14,290,7069,TABLA 1.3,0.20876826722338201,0.12204973933814947,0.35688170223221893,9.438280586880078,False,False
2023,Total,Lateral,8976,50,52,499,10555,TABLA 1.3,0.5570409982174688,0.4228082898224288,0.7335758100181426,8.860284682052395,False,False
2023,Interurbana,Por alcance,7771,108,115,441,12371,TABLA 1.3,1.3897825247715867,1.1524765952092806,1.6751239415358141,21.99547127087461,False,False
2023,Urbana,Por alcance,9327,14,14,277,12812,TABLA 1.3,0.15010185483006325,0.08943655609544099,0.2518130403232565,14.136958894143326,False,False
2023,Total,Por alcance,17098,122,129,718,25183,TABLA 1.3,0.7135337466370336,0.5979721495071658,0.8512370448212249,16.877578820602928,False,False
2023,Interurbana,Múltiple o en caravana,1302,18,20,77,3089,TABLA 1.3,1.3824884792626728,0.8762587689154191,2.174759296989378,3.6852533257854514,False,False
2023,Urbana,Múltiple o en caravana,805,0,0,27,1481,TABLA 1.3,0.0,0.0,0.47493347167132643,1.220140657208682,False,False
2023,Total,Múltiple o en caravana,2107,18,20,104,4570,TABLA 1.3,0.8542952064546749,0.541065666696468,1.3464024164324822,2.0798373245414883,False,False
2023,Interurbana,Colisión contra obstáculo o elemento de la vía,649,17,18,70,796,TABLA 1.3,2.6194144838212634,1.6417590321467854,4.154664940229555,1.8369657514859892,False,False
2023,Urbana,Colisión contra obstáculo o elemento de la vía,1833,27,28,168,2040,TABLA 1.3,1.4729950900163666,1.0142894628634707,2.13467358688335,2.7782830120043656,False,False
2023,Total,Colisión contra obstáculo o elemento de la vía,2482,44,46,238,2836,TABLA 1.3,1.7727639000805804,1.3232212356123862,2.3713610755324512,2.450002961325094,False,False
2023,Interurbana,Atropello a personas,695,116,119,156,522,TABLA 1.3,16.69064748201439,14.103025853826386,19.644465203541657,1.9671667138409283,False,False
2023,Urbana,Atropello a personas,11846,211,215,1546,11530,TABLA 1.3,1.7811919635319937,1.5581643149280473,2.0354825730960076,17.955013944464653,False,False
2023,Total,Atropello a personas,12541,327,334,1702,12052,TABLA 1.3,2.6074475719639585,2.3427226948130717,2.9011973736876273,12.379326002408545,False,False
2023,Interurbana,Atropello a animales,585,4,4,30,723,TABLA 1.3,0.6837606837606838,0.26621307343537876,1.7447626558228295,1.6558165864704217,False,False
2023,Urbana,Atropello a animales,91,1,1,8,93,TABLA 1.3,1.098901098901099,0.19424713318492126,5.964935668650615,0.13792894385837273,True,False
2023,Total,Atropello a animales,676,5,5,38,816,TABLA 1.3,0.7396449704142012,0.31633390846723,1.7196494286926711,0.6672852545752472,False,False
2023,Interurbana,Vuelco,1116,12,12,74,1183,TABLA 1.3,1.0752688172043012,0.6161561445379357,1.8700403256315106,3.1587885649589587,False,False
2023,Urbana,Vuelco,2560,8,8,165,2656,TABLA 1.3,0.3125,0.15843371656530633,0.6154619840612342,3.8801988601915847,False,False
2023,Total,Vuelco,3676,20,20,239,3839,TABLA 1.3,0.544069640914037,0.3524838867753937,0.838911430422438,3.628610348844096,False,False
2023,Interurbana,Caída,1421,20,22,188,1360,TABLA 1.3,1.4074595355383532,0.9129425239012602,2.163993408113282,4.022077554486272,False,False
2023,Urbana,Caída,7037,27,27,485,7007,TABLA 1.3,0.38368622992752593,0.2638340197270313,0.5576794195257576,10.66599975748757,False,False
2023,Total,Caída,8458,47,49,673,8367,TABLA 1.3,0.5556869236226059,0.4181633090283966,0.7381034361811036,8.348962549108641,False,False
2023,Interurbana,Sólo salida de la vía,1,0,0,0,1,TABLA 1.3,0.0,0.0,79.34506856227625,0.0028304557033682425,True,False
2023,Urbana,Sólo salida de la vía,78,1,1,8,99,TABLA 1.3,1.282051282051282,0.22667317538337325,6.910857001702222,0.11822480902146235,True,False
2023,Total,Sólo salida de la vía,79,1,1,8,100,TABLA 1.3,1.2658227848101267,0.22379938550498787,6.827571876965955,0.07798156081574635,True,False
2023,Interurbana,Salida de la vía por la izquierda con colisión,1854,87,89,313,2287,TABLA 1.3,4.692556634304207,3.820047672856233,5.752429998816726,5.247664874044721,False,False
2023,Urbana,Salida de la vía por la izquierda con colisión,909,28,34,80,1136,TABLA 1.3,3.08030803080308,2.1396337185654217,4.415881288170106,1.377773735903965,False,False
2023,Total,Salida de la vía por la izquierda con colisión,2763,115,123,393,3423,TABLA 1.3,4.162142598624683,3.478878705353885,4.972688263733095,2.72738041182161,False,False
2023,Interurbana,Salida de la vía por la izquierda con despeñamiento,188,18,23,46,208,TABLA 1.3,9.574468085106384,6.142293208841003,14.625615389024805,0.5321256722332296,False,False
2023,Urbana,Salida de la vía por la izquierda con despeñamiento,13,1,1,4,16,TABLA 1.3,7.6923076923076925,1.3710421242556587,33.31395092109959,0.019704134836910393,True,False
2023,Total,Salida de la vía por la izquierda con despeñamiento,201,19,24,50,224,TABLA 1.3,9.45273631840796,6.135199278642903,14.29106553199761,0.1984087813160129,False,False
2023,Interurbana,Salida de la vía por la izquierda con vuelco,970,46,50,126,1181,TABLA 1.3,4.742268041237113,3.5740137657873428,6.267573686933815,2.745542032267195,False,False
2023,Urbana,Salida de la vía por la izquierda con vuelco,59,2,2,9,79,TABLA 1.3,3.389830508474576,0.934590909166131,11.543570750110751,0.08942645810597792,True,False
2023,Total,Salida de la vía por la izquierda con vuelco,1029,48,52,135,1260,TABLA 1.3,4.664723032069971,3.5362437625247414,6.130434309702707,1.0157345073342152,False,False
2023,Interurbana,"Salida de la vía por la izquierda, otro tipo",1051,29,29,133,1137,TABLA 1.3,2.759276879162702,1.9279572368127982,3.9346734271196255,2.9748089442400225,False,False
2023,Urbana,"Salida de la vía por la izquierda, otro tipo",406,13,13,44,408,TABLA 1.3,3.201970443349754,1.8806313540095418,5.400588780859679,0.6153752879835092,False,False
2023,Total,"Salida de la vía por la izquierda, otro tipo",1457,42,42,177,1545,TABLA 1.3,2.8826355525051475,2.1396314304746795,3.873441260630804,1.4382168874499044,False,False
2023,Interurbana,Salida de la vía por la derecha con colisión,2303,126,138,381,2707,TABLA 1.3,5.47112462006079,4.614293231144516,6.47625908411887,6.518539484857063,False,False
2023,Urbana,Salida de la vía por la derecha con colisión,987,32,33,133,1211,TABLA 1.3,3.242147922998987,2.3058045503050804,4.5410485175348,1.4959985449254274,False,False
2023,Total,Salida de la vía por la derecha con colisión,3290,158,171,514,3918,TABLA 1.3,4.802431610942249,4.123045997549673,5.58724099772083,3.247586520048171,False,False
2023,Interurbana,Salida de la vía por la derecha con despeñamiento,308,37,37,68,343,TABLA 1.3,12.012987012987013,8.842308412168991,16.119561351739538,0.8717803566374187,False,False
2023,Urbana,Salida de la vía por la derecha con despeñamiento,25,1,1,4,22,TABLA 1.3,4.0,0.7096233501987265,19.544063736193735,0.03789256699405845,True,False
2023,Total,Salida de la vía por la derecha con despeñamiento,333,38,38,72,365,TABLA 1.3,11.411411411411411,8.427665942264268,15.27531263413329,0.3287070854638422,False,False
2023,Interurbana,Salida de la vía por la derecha con vuelco,1663,74,78,235,1981,TABLA 1.3,4.449789536981359,3.559326315022312,5.550205849369819,4.707047834701386,False,False
2023,Urbana,Salida de la vía por la derecha con vuelco,172,1,1,14,208,TABLA 1.3,0.5813953488372093,0.10270438601417495,3.219298775169032,0.2607008609191221,False,False
2023,Total,Salida de la vía por la derecha con vuelco,1835,75,79,249,2189,TABLA 1.3,4.087193460490464,3.273084834571022,5.093131735255363,1.8113438493277794,False,False
2023,Interurbana,"Salida de la vía por la derecha, otro tipo",3750,83,95,372,4214,TABLA 1.3,2.2133333333333334,1.7890782814559418,2.7353924689430773,10.614208887630909,False,False
2023,Urbana,"Salida de la vía por la derecha, otro tipo",928,17,17,106,950,TABLA 1.3,1.8318965517241377,1.1468468527736526,2.914086309460291,1.4065720868194496,False,False
2023,Total,"Salida de la vía por la derecha, otro tipo",4678,100,112,478,5164,TABLA 1.3,2.1376656690893543,1.760777361880468,2.5930962285345216,4.617692930329892,False,False
2023,Interurbana,Otro tipo de accidente,970,24,28,122,1348,TABLA 1.3,2.4742268041237114,1.668224307177659,3.6551739062721222,2.745542032267195,False,False
2023,Urbana,Otro tipo de accidente,3620,21,21,163,4497,TABLA 1.3,0.5801104972375691,0.37974838891841906,0.8852478682746949,5.486843700739663,False,False
2023,Total,Otro tipo de accidente,4590,45,49,285,5845,TABLA 1.3,0.9803921568627451,0.7335312379188897,1.3092353586624512,4.530827394231339,False,False
2023,Interurbana,Resto de categorías,0,0,0,0,0,TABLA 1.3,,,,0.0,True,False
2023,Urbana,Resto de categorías,0,0,0,0,0,TABLA 1.3,,,,0.0,True,False
2023,Total,Resto de categorías,0,0,0,0,0,TABLA 1.3,,,,0.0,True,False
2023,Interurbana,Total,35330,1176,1288,4345,47746,TABLA 1.3,3.328615907161053,3.146581598657068,3.5207983452029135,100.0,False,True
2023,Urbana,Total,65976,504,518,4920,76520,TABLA 1.3,0.7639141506002183,0.7002835437939944,0.8332779750711335,100.0,False,True
2023,Total,Total,101306,1680,1806,9265,124266,TABLA 1.3,1.6583420527905555,1.5815164980501648,1.7388336381091063,100.0,False,True
2024,Interurbana,Frontal,1602,226,273,763,2662,TABLA 1.3,14.107365792759053,12.488522276129332,15.89793245866481,4.478362965447837,False,False
2024,Urbana,Frontal,1727,20,24,172,2234,TABLA 1.3,1.1580775911986103,0.750920394138155,1.7820359663228096,2.607815897559797,False,False
2024,Total,Frontal,3329,246,297,935,4896,TABLA 1.3,7.389606488434966,6.549222945207022,8.328216169347938,3.2638534844503706,False,False
2024,Interurbana,Fronto-lateral,4187,111,123,575,6061,TABLA 1.3,2.651062813470265,2.2061546740871156,3.1827740420148305,11.704685228670469,False,False
2024,Urbana,Fronto-lateral,17989,46,47,1237,21635,TABLA 1.3,0.2557118238923787,0.19177844783364176,0.34088594005662903,27.16386808407828,False,False
2024,Total,Fronto-lateral,22176,157,170,1812,27696,TABLA 1.3,0.707972582972583,0.6058396582793045,0.8271798671794398,21.74202909918036,False,False
2024,Interurbana,Lateral,2849,38,39,274,3765,TABLA 1.3,1.333801333801334,0.9733038540885413,1.8253605642874788,7.964329643296433,False,False
2024,Urbana,Lateral,6002,18,18,285,6880,TABLA 1.3,0.2999000333222259,0.1897905212221218,0.47358794279276717,9.06317951195941,False,False
2024,Total,Lateral,8851,56,57,559,10645,TABLA 1.3,0.6326968704101232,0.4875812799434788,0.820646081996462,8.677791285932782,False,False
2024,Interurbana,Por alcance,7852,111,113,474,12480,TABLA 1.3,1.4136525725929698,1.175277440152047,1.699544563379031,21.95012859219501,False,False
2024,Urbana,Por alcance,9427,18,19,264,12954,TABLA 1.3,0.19094091439482336,0.12081741297571874,0.3016418022985481,14.23502053636144,False,False
2024,Total,Por alcance,17279,129,132,738,25434,TABLA 1.3,0.7465709821170207,0.628716360087114,0.886320732884987,16.940860425899054,False,False
2024,Interurbana,Múltiple o en caravana,1247,23,32,103,3031,TABLA 1.3,1.8444266238973537,1.2321423289503937,2.7524920521073906,3.4859666778485967,False,False
2024,Urbana,Múltiple o en caravana,748,2,2,33,1329,TABLA 1.3,0.267379679144385,0.07335580208248371,0.9696112661334532,1.1294998791978739,False,False
2024,Total,Múltiple o en caravana,1995,25,34,136,4360,TABLA 1.3,1.2531328320802004,0.8502372203149527,1.8433960632602386,1.9559590572179302,False,False
2024,Interurbana,Colisión contra obstáculo o elemento de la vía,710,20,27,108,832,TABLA 1.3,2.8169014084507045,1.8307902743030724,4.310833790671055,1.9847925751984792,False,False
2024,Urbana,Colisión contra obstáculo o elemento de la vía,1759,15,15,171,1888,TABLA 1.3,0.8527572484366117,0.5174617478102949,1.4022491060139277,2.6561367480067646,False,False
2024,Total,Colisión contra obstáculo o elemento de la vía,2469,35,42,279,2720,TABLA 1.3,1.4175779667881734,1.0210433760968463,1.9650541983068661,2.420683164045649,False,False
2024,Interurbana,Atropello a personas,696,99,100,175,510,TABLA 1.3,14.224137931034484,11.825195182125233,17.015831064136037,1.9456558201945657,False,False
2024,Urbana,Atropello a personas,11795,202,204,1560,11393,TABLA 1.3,1.7125900805426026,1.4936827323298711,1.9629401932692854,17.810763469437063,False,False
2024,Total,Atropello a personas,12491,301,304,1735,11903,TABLA 1.3,2.4097350092066288,2.1550810516132146,2.693651609920496,12.246558688576023,False,False
2024,Interurbana,Atropello a animales,641,5,5,45,775,TABLA 1.3,0.7800312012480499,0.3336296362533182,1.8128605794979786,1.7919042826791904,False,False
2024,Urbana,Atropello a animales,72,0,0,7,68,TABLA 1.3,0.0,0.0,5.065117259645781,0.1087219135056777,True,False
2024,Total,Atropello a animales,713,5,5,52,843,TABLA 1.3,0.7012622720897616,0.29989844263720045,1.6309969667138837,0.6990470214518216,False,False
2024,Interurbana,Vuelco,1238,15,15,83,1277,TABLA 1.3,1.2116316639741518,0.7356252636269646,1.989477734048071,3.4608073353460806,False,False
2024,Urbana,Vuelco,2426,15,15,183,2476,TABLA 1.3,0.6183017312448474,0.3750604156961968,1.017683077828637,3.6633244745107514,False,False
2024,Total,Vuelco,3664,30,30,266,3753,TABLA 1.3,0.8187772925764192,0.574137082025486,1.1664359372134863,3.5922977371661635,False,False
2024,Interurbana,Caída,1331,19,19,185,1270,TABLA 1.3,1.4274981217129978,0.9157559221595887,2.2188080025824726,3.720787207872079,False,False
2024,Urbana,Caída,7123,25,25,509,7062,TABLA 1.3,0.35097571248069637,0.23785215388729,0.5176221909791311,10.755919304179754,False,False
2024,Total,Caída,8454,44,44,694,8332,TABLA 1.3,0.5204636858291932,0.3879499863342179,0.6979235106785756,8.28856033569944,False,False
2024,Interurbana,Sólo salida de la vía,3,0,0,0,4,TABLA 1.3,0.0,0.0,56.14970317550454,0.008386447500838645,True,False
2024,Urbana,Sólo salida de la vía,75,0,0,2,85,TABLA 1.3,0.0,0.0,4.872384248280587,0.11325199323508094,True,False
2024,Total,Sólo salida de la vía,78,0,0,2,89,TABLA 1.3,0.0,0.0,4.693780971219429,0.07647358719949802,True,False
2024,Interurbana,Salida de la vía por la izquierda con colisión,1904,119,125,286,2363,TABLA 1.3,6.25,5.24834278746456,7.427839381791007,5.32259868053226,False,False
2024,Urbana,Salida de la vía por la izquierda con colisión,954,19,19,118,1180,TABLA 1.3,1.9916142557651992,1.2786660526225575,3.089641294629861,1.4405653539502294,False,False
2024,Total,Salida de la vía por la izquierda con colisión,2858,138,144,404,3543,TABLA 1.3,4.828551434569629,4.1014550798738965,5.676915345160446,2.802070669438017,False,False
2024,Interurbana,Salida de la vía por la izquierda con despeñamiento,199,17,20,51,211,TABLA 1.3,8.542713567839195,5.401934786128085,13.253747854246168,0.5563010175556301,False,False
2024,Urbana,Salida de la vía por la izquierda con despeñamiento,20,3,3,5,16,TABLA 1.3,15.0,5.236874589621659,36.041886474075696,0.030200531529354917,True,False
2024,Total,Salida de la vía por la izquierda con despeñamiento,219,20,23,56,227,TABLA 1.3,9.1324200913242,5.989638499089144,13.684195558858963,0.21471430252166754,False,False
2024,Interurbana,Salida de la vía por la izquierda con vuelco,1024,44,44,148,1306,TABLA 1.3,4.296875,3.216251660303631,5.719120427729236,2.8625740802862576,False,False
2024,Urbana,Salida de la vía por la izquierda con vuelco,67,6,6,7,71,TABLA 1.3,8.955223880597014,4.1690950637988635,18.192752199666206,0.10117178062333898,True,False
2024,Total,Salida de la vía por la izquierda con vuelco,1091,50,50,155,1377,TABLA 1.3,4.582951420714941,3.493420391964054,5.991191099872098,1.0696497901878506,False,False
2024,Interurbana,"Salida de la vía por la izquierda, otro tipo",1057,23,28,128,1182,TABLA 1.3,2.1759697256385997,1.4542760286441898,3.2440187454025735,2.9548250027954825,False,False
2024,Urbana,"Salida de la vía por la izquierda, otro tipo",359,7,7,46,353,TABLA 1.3,1.9498607242339834,0.9476527316162905,3.9694972761811553,0.5420995409519207,False,False
2024,Total,"Salida de la vía por la izquierda, otro tipo",1416,30,35,174,1535,TABLA 1.3,2.11864406779661,1.488026209711982,3.0083531870215228,1.3882897368524256,False,False
2024,Interurbana,Salida de la vía por la derecha con colisión,2269,103,116,344,2585,TABLA 1.3,4.539444689290437,3.7570288742190123,5.4755314526932874,6.342949793134295,False,False
2024,Urbana,Salida de la vía por la derecha con colisión,1018,40,42,134,1246,TABLA 1.3,3.9292730844793713,2.898680643620262,5.306257421571909,1.5372070548441652,False,False
2024,Total,Salida de la vía por la derecha con colisión,3287,143,158,478,3831,TABLA 1.3,4.350471554609066,3.70477079570337,5.102747355735068,3.222675399035256,False,False
2024,Interurbana,Salida de la vía por la derecha con despeñamiento,313,30,34,51,354,TABLA 1.3,9.584664536741213,6.796412102573381,13.352926641894108,0.8749860225874986,False,False
2024,Urbana,Salida de la vía por la derecha con despeñamiento,23,4,4,5,23,TABLA 1.3,17.391304347826086,6.978653563062565,37.13764764022614,0.034730611258758155,True,False
2024,Total,Salida de la vía por la derecha con despeñamiento,336,34,38,56,377,TABLA 1.3,10.119047619047619,7.33194436626865,13.807753853600058,0.32942468332091457,False,False
2024,Interurbana,Salida de la vía por la derecha con vuelco,1684,71,76,225,2137,TABLA 1.3,4.216152019002376,3.3559995439035575,5.284708862595386,4.707592530470759,False,False
2024,Urbana,Salida de la vía por la derecha con vuelco,148,5,5,13,174,TABLA 1.3,3.3783783783783785,1.4515094986352801,7.664221427685157,0.22348393331722638,False,False
2024,Total,Salida de la vía por la derecha con vuelco,1832,76,81,238,2311,TABLA 1.3,4.148471615720524,3.3272166508237304,5.161613257223088,1.7961488685830818,False,False
2024,Interurbana,"Salida de la vía por la derecha, otro tipo",3878,78,80,381,4436,TABLA 1.3,2.0113460546673543,1.614657560016667,2.503013409195302,10.840881136084088,False,False
2024,Urbana,"Salida de la vía por la derecha, otro tipo",927,21,21,117,992,TABLA 1.3,2.26537216828479,1.4863968262923426,3.4383364229950066,1.3997946363856004,False,False
2024,Total,"Salida de la vía por la derecha, otro tipo",4805,99,101,498,5428,TABLA 1.3,2.0603537981269513,1.6953342459778382,2.501964844647477,4.710969057610102,False,False
2024,Interurbana,Otro tipo de accidente,1086,21,22,135,1499,TABLA 1.3,1.9337016574585635,1.2681921631620412,2.9380580624715735,3.0358939953035895,False,False
2024,Urbana,Otro tipo de accidente,3532,17,18,153,4249,TABLA 1.3,0.4813137032842582,0.3007320625220283,0.7694929252610876,5.333413868084079,False,False
2024,Total,Otro tipo de accidente,4618,38,40,288,5748,TABLA 1.3,0.822867042009528,0.6001108365164325,1.127370721041503,4.527628534452331,False,False
2024,Interurbana,Resto de categorías,2,0,0,2,1,TABLA 1.3,0.0,0.0,65.76197724933469,0.005590965000559097,True,False
2024,Urbana,Resto de categorías,33,0,0,4,35,TABLA 1.3,0.0,0.0,10.426999754245205,0.04983087702343562,True,False
2024,Total,Resto de categorías,35,0,0,6,36,TABLA 1.3,0.0,0.0,9.890099232440402,0.034315071179261934,True,False
2024,Interurbana,Total,35772,1173,1291,4536,48741,TABLA 1.3,3.27910097282791,3.0995094028678687,3.4687259285790453,100.0,False,True
2024,Urbana,Total,66224,483,494,5025,76343,TABLA 1.3,0.7293428364339213,0.6673333890493856,0.7970680431243092,100.0,False,True
2024,Total,Total,101996,1656,1785,9561,125084,TABLA 1.3,1.6235930820816504,1.5478345713741315,1.702995441101294,100.0,False,True
