geo,fatalities,fatalities_status,population,population_status,year,country,fatalities_per_million_population,lower,upper,included,definition
AT,552.0,,8351643.0,,2010,Austria,66.09477919494404,60.69531694544866,71.84576003180959,True,30-day road deaths; current EU-27 cohort retrospectively; population on 1 January; flags retained
AT,523.0,,8375164.0,,2011,Austria,62.44653836032345,57.20864021255868,68.03510234086491,True,30-day road deaths; current EU-27 cohort retrospectively; population on 1 January; flags retained
AT,531.0,,8408121.0,,2012,Austria,63.15323007363952,57.89523928360405,68.76047416948006,True,30-day road deaths; current EU-27 cohort retrospectively; population on 1 January; flags retained
AT,455.0,,8451860.0,,2013,Austria,53.83430392836606,49.00076440904218,59.015687888638965,True,30-day road deaths; current EU-27 cohort retrospectively; population on 1 January; flags retained
AT,430.0,,8507786.0,,2014,Austria,50.541938878105306,45.877106580713395,55.55248160344374,True,30-day road deaths; current EU-27 cohort retrospectively; population on 1 January; flags retained
AT,479.0,,8584926.0,,2015,Austria,55.79547220325487,50.910043748625235,61.02321962220907,True,30-day road deaths; current EU-27 cohort retrospectively; population on 1 January; flags retained
AT,432.0,,8700471.0,,2016,Austria,49.6524843310207,45.0801087003272,54.56290170744035,True,30-day road deaths; current EU-27 cohort retrospectively; population on 1 January; flags retained
AT,414.0,,8772865.0,,2017,Austria,47.190968970798025,42.75411375679106,51.96319029626991,True,30-day road deaths; current EU-27 cohort retrospectively; population on 1 January; flags retained
AT,409.0,,8822267.0,,2018,Austria,46.35996620823197,41.97534109567657,51.07811225807138,True,30-day road deaths; current EU-27 cohort retrospectively; population on 1 January; flags retained
AT,416.0,,8858775.0,,2019,Austria,46.95908858730468,42.554398068164765,51.69588003697667,True,30-day road deaths; current EU-27 cohort retrospectively; population on 1 January; flags retained
AT,344.0,,8901064.0,,2020,Austria,38.6470651149121,34.67049606791343,42.954686975749546,True,30-day road deaths; current EU-27 cohort retrospectively; population on 1 January; flags retained
AT,362.0,,8932664.0,,2021,Austria,40.52542444224925,36.45778456520876,44.922799481377,True,30-day road deaths; current EU-27 cohort retrospectively; population on 1 January; flags retained
AT,370.0,,8978929.0,,2022,Austria,41.20758723005829,37.11525547711632,45.627893779658386,True,30-day road deaths; current EU-27 cohort retrospectively; population on 1 January; flags retained
AT,402.0,,9104772.0,,2023,Austria,44.15267070938185,39.941516392731735,48.68704284285187,True,30-day road deaths; current EU-27 cohort retrospectively; population on 1 January; flags retained
AT,351.0,,9158750.0,,2024,Austria,38.324007097038354,34.41913128388101,42.55056451475235,True,30-day road deaths; current EU-27 cohort retrospectively; population on 1 January; flags retained
BE,850.0,,10839905.0,,2010,Belgium,78.41397134015473,73.23041033058387,83.8676225729894,True,30-day road deaths; current EU-27 cohort retrospectively; population on 1 January; flags retained
BE,884.0,,11000638.0,b,2011,Belgium,80.35897554305487,75.1482722722654,85.8357639395656,True,30-day road deaths; current EU-27 cohort retrospectively; population on 1 January; flags retained
BE,827.0,,11075889.0,b,2012,Belgium,74.6666926690941,69.66385934871009,79.93390312841704,True,30-day road deaths; current EU-27 cohort retrospectively; population on 1 January; flags retained
BE,764.0,,11137974.0,,2013,Belgium,68.5941626367596,63.81580717753654,73.63554390453268,True,30-day road deaths; current EU-27 cohort retrospectively; population on 1 January; flags retained
BE,745.0,,11180840.0,,2014,Belgium,66.63184519231113,61.93244463634777,71.59330289606845,True,30-day road deaths; current EU-27 cohort retrospectively; population on 1 January; flags retained
BE,762.0,,11237274.0,,2015,Belgium,67.81004005063862,63.08022430765363,72.80056142537174,True,30-day road deaths; current EU-27 cohort retrospectively; population on 1 January; flags retained
BE,670.0,,11311117.0,,2016,Belgium,59.23376090973155,54.83289429921691,63.89383741790918,True,30-day road deaths; current EU-27 cohort retrospectively; population on 1 January; flags retained
BE,609.0,,11351727.0,,2017,Belgium,53.64822462696645,49.47142950932112,58.08346346713893,True,30-day road deaths; current EU-27 cohort retrospectively; population on 1 January; flags retained
BE,604.0,,11398589.0,,2018,Belgium,52.989014692958925,48.846848808382354,57.38857599974961,True,30-day road deaths; current EU-27 cohort retrospectively; population on 1 January; flags retained
BE,646.0,,11455519.0,,2019,Belgium,56.392032521616876,52.12669348249997,60.9133741289097,True,30-day road deaths; current EU-27 cohort retrospectively; population on 1 January; flags retained
BE,499.0,,11522440.0,,2020,Belgium,43.3067996014733,39.58991605779429,47.2786542075686,True,30-day road deaths; current EU-27 cohort retrospectively; population on 1 January; flags retained
BE,516.0,,11554767.0,,2021,Belgium,44.656893557438245,40.88639475062798,48.68158786100521,True,30-day road deaths; current EU-27 cohort retrospectively; population on 1 January; flags retained
BE,540.0,,11617623.0,,2022,Belgium,46.48110891530909,42.6428863143393,50.57206934098685,True,30-day road deaths; current EU-27 cohort retrospectively; population on 1 January; flags retained
BE,501.0,,11742796.0,,2023,Belgium,42.66445572247019,39.009854660372405,46.56923589780997,True,30-day road deaths; current EU-27 cohort retrospectively; population on 1 January; flags retained
BE,470.0,,11817096.0,,2024,Belgium,39.772884979524584,36.25797149466274,43.536523174440866,True,30-day road deaths; current EU-27 cohort retrospectively; population on 1 January; flags retained
BG,776.0,,7421766.0,,2010,Bulgaria,104.55732503557779,97.32925530762714,112.18008550773389,True,30-day road deaths; current EU-27 cohort retrospectively; population on 1 January; flags retained
BG,656.0,,7369431.0,,2011,Bulgaria,89.016370463337,82.33392638170194,96.09672188811766,True,30-day road deaths; current EU-27 cohort retrospectively; population on 1 January; flags retained
BG,601.0,,7327224.0,,2012,Bulgaria,82.0228779685185,75.59547026113192,88.85071601902388,True,30-day road deaths; current EU-27 cohort retrospectively; population on 1 January; flags retained
BG,601.0,,7202556.0,,2013,Bulgaria,83.442600099187,76.903941321477,90.38862021090516,True,30-day road deaths; current EU-27 cohort retrospectively; population on 1 January; flags retained
BG,661.0,,7117453.0,,2014,Bulgaria,92.87030065389965,85.924447777732,100.2281277854566,True,30-day road deaths; current EU-27 cohort retrospectively; population on 1 January; flags retained
BG,708.0,,7029690.0,,2015,Bulgaria,100.71567878526649,93.43260768269255,108.41568649322933,True,30-day road deaths; current EU-27 cohort retrospectively; population on 1 January; flags retained
BG,708.0,,6938759.0,,2016,Bulgaria,102.03553690220399,94.65702266081686,109.83645161686539,True,30-day road deaths; current EU-27 cohort retrospectively; population on 1 January; flags retained
BG,682.0,,6849518.0,,2017,Bulgaria,99.56904996818754,92.23552988227313,107.33057429305912,True,30-day road deaths; current EU-27 cohort retrospectively; population on 1 January; flags retained
BG,610.0,,6757418.0,,2018,Bulgaria,90.27116570263968,83.24872931920066,97.72775465917796,True,30-day road deaths; current EU-27 cohort retrospectively; population on 1 January; flags retained
BG,628.0,,6664177.0,,2019,Bulgaria,94.23519213250188,87.00809531349496,101.9024309956201,True,30-day road deaths; current EU-27 cohort retrospectively; population on 1 January; flags retained
BG,463.0,,6569275.0,,2020,Bulgaria,70.47961913605383,64.20519719412333,77.20150894460532,True,30-day road deaths; current EU-27 cohort retrospectively; population on 1 January; flags retained
BG,561.0,,6532117.0,,2021,Bulgaria,85.88333613742681,78.92260389239057,93.29345195418291,True,30-day road deaths; current EU-27 cohort retrospectively; population on 1 January; flags retained
BG,531.0,,6482484.0,,2022,Bulgaria,81.91304444407422,75.09315521958807,89.18593348388717,True,30-day road deaths; current EU-27 cohort retrospectively; population on 1 January; flags retained
BG,525.0,,6447710.0,,2023,Bulgaria,81.42425760463793,74.60728052454134,88.69671472743325,True,30-day road deaths; current EU-27 cohort retrospectively; population on 1 January; flags retained
BG,478.0,,6445481.0,,2024,Bulgaria,74.16048546260551,67.66039121972639,81.11653158058837,True,30-day road deaths; current EU-27 cohort retrospectively; population on 1 January; flags retained
CY,60.0,,819140.0,,2010,Cyprus,73.24755231096027,55.89559898186789,94.28411920629357,True,30-day road deaths; current EU-27 cohort retrospectively; population on 1 January; flags retained
CY,71.0,,839751.0,,2011,Cyprus,84.54887222521914,66.03337067118589,106.64689783888393,True,30-day road deaths; current EU-27 cohort retrospectively; population on 1 January; flags retained
CY,51.0,,862011.0,,2012,Cyprus,59.16397818589322,44.05146783311439,77.78970497662301,True,30-day road deaths; current EU-27 cohort retrospectively; population on 1 January; flags retained
CY,44.0,,862854.0,,2013,Cyprus,50.99356322158789,37.05200110116466,68.45647847759614,True,30-day road deaths; current EU-27 cohort retrospectively; population on 1 January; flags retained
CY,45.0,,860032.0,,2014,Cyprus,52.32363446941509,38.16521802471823,70.01313962382656,True,30-day road deaths; current EU-27 cohort retrospectively; population on 1 January; flags retained
CY,57.0,,860846.0,,2015,Cyprus,66.21393373495376,50.14978679453089,85.7878312763988,True,30-day road deaths; current EU-27 cohort retrospectively; population on 1 January; flags retained
CY,46.0,,863764.0,,2016,Cyprus,53.25528732385235,38.98956359488457,71.03509026839045,True,30-day road deaths; current EU-27 cohort retrospectively; population on 1 January; flags retained
CY,53.0,,869878.0,,2017,Cyprus,60.92808416812473,45.639316010242204,79.69543422089563,True,30-day road deaths; current EU-27 cohort retrospectively; population on 1 January; flags retained
CY,49.0,,878601.0,,2018,Cyprus,55.77048057081656,41.25930854714386,73.73153296310645,True,30-day road deaths; current EU-27 cohort retrospectively; population on 1 January; flags retained
CY,52.0,,890194.0,,2019,Cyprus,58.414233301954404,43.62654342813053,76.60249534469216,True,30-day road deaths; current EU-27 cohort retrospectively; population on 1 January; flags retained
CY,48.0,,902429.0,,2020,Cyprus,53.18978002701598,39.21794492805888,70.52193156705654,True,30-day road deaths; current EU-27 cohort retrospectively; population on 1 January; flags retained
CY,45.0,,914476.0,,2021,Cyprus,49.20850847917277,35.89302375156315,65.84485595790245,True,30-day road deaths; current EU-27 cohort retrospectively; population on 1 January; flags retained
CY,37.0,,929764.0,,2022,Cyprus,39.79504476404765,28.019384023371554,54.85222716940086,True,30-day road deaths; current EU-27 cohort retrospectively; population on 1 January; flags retained
CY,34.0,,949084.0,,2023,Cyprus,35.82401557712489,24.809172196109376,50.06047103860468,True,30-day road deaths; current EU-27 cohort retrospectively; population on 1 January; flags retained
CY,41.0,,966365.0,,2024,Cyprus,42.42703326382888,30.44637157642845,57.55706132334564,True,30-day road deaths; current EU-27 cohort retrospectively; population on 1 January; flags retained
CZ,802.0,,10462088.0,,2010,Czechia,76.6577379200022,71.44345696074228,82.15195663665757,True,30-day road deaths; current EU-27 cohort retrospectively; population on 1 January; flags retained
CZ,773.0,,10486731.0,,2011,Czechia,73.71219877767437,68.60675739407796,79.09698076999959,True,30-day road deaths; current EU-27 cohort retrospectively; population on 1 January; flags retained
CZ,742.0,,10505445.0,,2012,Czechia,70.63003994595184,65.63877937305203,75.90021214634683,True,30-day road deaths; current EU-27 cohort retrospectively; population on 1 January; flags retained
CZ,654.0,,10516125.0,,2013,Czechia,62.19020789501837,57.514605571182514,67.144658985994,True,30-day road deaths; current EU-27 cohort retrospectively; population on 1 January; flags retained
CZ,688.0,,10512419.0,,2014,Czechia,65.44640201270516,60.64676784930408,70.52489307949926,True,30-day road deaths; current EU-27 cohort retrospectively; population on 1 January; flags retained
CZ,734.0,,10538275.0,,2015,Czechia,69.65086790769837,64.70254477094052,74.87725212735162,True,30-day road deaths; current EU-27 cohort retrospectively; population on 1 January; flags retained
CZ,611.0,,10553843.0,,2016,Czechia,57.89360330639749,53.393516883326186,62.67166603820226,True,30-day road deaths; current EU-27 cohort retrospectively; population on 1 January; flags retained
CZ,577.0,,10578820.0,,2017,Czechia,54.54294524342034,50.18274634766965,59.180571640861416,True,30-day road deaths; current EU-27 cohort retrospectively; population on 1 January; flags retained
CZ,656.0,,10610055.0,,2018,Czechia,61.82814320943671,57.18671481241446,66.74594630100152,True,30-day road deaths; current EU-27 cohort retrospectively; population on 1 January; flags retained
CZ,618.0,,10649800.0,,2019,Czechia,58.029258765422824,53.543730937956624,62.79023738551969,True,30-day road deaths; current EU-27 cohort retrospectively; population on 1 January; flags retained
CZ,518.0,,10693939.0,,2020,Czechia,48.43865296033576,44.356579138389634,52.795376513274945,True,30-day road deaths; current EU-27 cohort retrospectively; population on 1 January; flags retained
CZ,532.0,,10494836.0,b,2021,Czechia,50.6915972769846,46.47501522275868,55.187985950867215,True,30-day road deaths; current EU-27 cohort retrospectively; population on 1 January; flags retained
CZ,527.0,,10516707.0,,2022,Czechia,50.11074283994029,45.92318074813116,54.577548524900905,True,30-day road deaths; current EU-27 cohort retrospectively; population on 1 January; flags retained
CZ,502.0,,10827529.0,,2023,Czechia,46.36330228254295,42.39573011995915,50.60219759227973,True,30-day road deaths; current EU-27 cohort retrospectively; population on 1 January; flags retained
CZ,494.0,,10900555.0,,2024,Czechia,45.31879340088647,41.4100357412806,49.49708845979202,True,30-day road deaths; current EU-27 cohort retrospectively; population on 1 January; flags retained
DE,3648.0,,81802257.0,,2010,Germany,44.59534655626922,43.15982079282425,46.06645193762346,True,30-day road deaths; current EU-27 cohort retrospectively; population on 1 January; flags retained
DE,4009.0,,80222065.0,b,2011,Germany,49.973782150833436,48.43868665971037,51.545148819410336,True,30-day road deaths; current EU-27 cohort retrospectively; population on 1 January; flags retained
DE,3600.0,,80327900.0,,2012,Germany,44.816309152859716,43.364163146564664,46.30468914941104,True,30-day road deaths; current EU-27 cohort retrospectively; population on 1 January; flags retained
DE,3339.0,,80523746.0,,2013,Germany,41.46602916362088,40.071352256158576,42.89685967531718,True,30-day road deaths; current EU-27 cohort retrospectively; population on 1 January; flags retained
DE,3377.0,,80767463.0,,2014,Germany,41.8113913024605,40.41296606411033,43.245859872130126,True,30-day road deaths; current EU-27 cohort retrospectively; population on 1 January; flags retained
DE,3459.0,,81197537.0,,2015,Germany,42.599814326880384,41.19186740925404,44.04361120294705,True,30-day road deaths; current EU-27 cohort retrospectively; population on 1 January; flags retained
DE,3206.0,,82175684.0,,2016,Germany,39.01397401206907,37.675061743186916,40.38831732285609,True,30-day road deaths; current EU-27 cohort retrospectively; population on 1 January; flags retained
DE,3180.0,,82521653.0,,2017,Germany,38.53534053662255,37.20750593587021,39.89845848725532,True,30-day road deaths; current EU-27 cohort retrospectively; population on 1 January; flags retained
DE,3275.0,,82792351.0,,2018,Germany,39.556794322702586,38.213506838580535,40.93524674290878,True,30-day road deaths; current EU-27 cohort retrospectively; population on 1 January; flags retained
DE,3046.0,,83019213.0,,2019,Germany,36.69030203887864,35.39877810232286,38.01690239262537,True,30-day road deaths; current EU-27 cohort retrospectively; population on 1 January; flags retained
DE,2719.0,,83166711.0,,2020,Germany,32.69336934581914,31.475935150542433,33.94583015675601,True,30-day road deaths; current EU-27 cohort retrospectively; population on 1 January; flags retained
DE,2562.0,,83155031.0,,2021,Germany,30.80992177129968,29.62832866555903,32.02655319636102,True,30-day road deaths; current EU-27 cohort retrospectively; population on 1 January; flags retained
DE,2788.0,,83237124.0,,2022,Germany,33.49466999844925,32.26278357543431,34.76155061087543,True,30-day road deaths; current EU-27 cohort retrospectively; population on 1 January; flags retained
DE,2839.0,,83118501.0,b,2023,Germany,34.15605389707401,32.91107272655747,35.43607719533673,True,30-day road deaths; current EU-27 cohort retrospectively; population on 1 January; flags retained
DE,2770.0,,83456045.0,,2024,Germany,33.19112474117363,31.966479403687504,34.450673189154315,True,30-day road deaths; current EU-27 cohort retrospectively; population on 1 January; flags retained
DK,255.0,,5534738.0,,2010,Denmark,46.07264155954627,40.59081581765516,52.08838631807058,True,30-day road deaths; current EU-27 cohort retrospectively; population on 1 January; flags retained
DK,220.0,,5560628.0,,2011,Denmark,39.56387659811086,34.50823578006206,45.15177903136702,True,30-day road deaths; current EU-27 cohort retrospectively; population on 1 January; flags retained
DK,167.0,,5580516.0,,2012,Denmark,29.92554810343703,25.558876359384797,34.824294412419974,True,30-day road deaths; current EU-27 cohort retrospectively; population on 1 January; flags retained
DK,191.0,,5602628.0,,2013,Denmark,34.09114437010631,29.42761578937456,39.283789305264136,True,30-day road deaths; current EU-27 cohort retrospectively; population on 1 January; flags retained
DK,182.0,,5627235.0,,2014,Denmark,32.342704720879794,27.814397458291857,37.39811534090168,True,30-day road deaths; current EU-27 cohort retrospectively; population on 1 January; flags retained
DK,178.0,,5659715.0,,2015,Denmark,31.45034688142424,26.999674555419453,36.42523767675577,True,30-day road deaths; current EU-27 cohort retrospectively; population on 1 January; flags retained
DK,211.0,,5707251.0,,2016,Denmark,36.970513474876086,32.150072837417504,42.30978072238175,True,30-day road deaths; current EU-27 cohort retrospectively; population on 1 January; flags retained
DK,175.0,,5748769.0,,2017,Denmark,30.441299693899687,26.09808478552925,35.30071889384012,True,30-day road deaths; current EU-27 cohort retrospectively; population on 1 January; flags retained
DK,171.0,,5781190.0,,2018,Denmark,29.57868535716695,25.311403681245327,34.35942188416146,True,30-day road deaths; current EU-27 cohort retrospectively; population on 1 January; flags retained
DK,199.0,,5806081.0,,2019,Denmark,34.27440988163961,29.67755589575512,39.38159680910971,True,30-day road deaths; current EU-27 cohort retrospectively; population on 1 January; flags retained
DK,163.0,,5822763.0,,2020,Denmark,27.993583115095017,23.86101609992331,32.63624349068158,True,30-day road deaths; current EU-27 cohort retrospectively; population on 1 January; flags retained
DK,130.0,,5840045.0,,2021,Denmark,22.260102447840726,18.598257153604816,26.432064048526502,True,30-day road deaths; current EU-27 cohort retrospectively; population on 1 January; flags retained
DK,154.0,,5873420.0,,2022,Denmark,26.219817414726002,22.2422430727596,30.703452670569163,True,30-day road deaths; current EU-27 cohort retrospectively; population on 1 January; flags retained
DK,162.0,,5932654.0,,2023,Denmark,27.306497227042062,23.263442745046856,31.85023545556129,True,30-day road deaths; current EU-27 cohort retrospectively; population on 1 January; flags retained
DK,145.0,,5961249.0,,2024,Denmark,24.32376168148655,20.525874914165303,28.62064782198844,True,30-day road deaths; current EU-27 cohort retrospectively; population on 1 January; flags retained
EE,79.0,,1333290.0,,2010,Estonia,59.251925687584844,46.91030755469168,73.84557835480332,True,30-day road deaths; current EU-27 cohort retrospectively; population on 1 January; flags retained
EE,101.0,,1329660.0,,2011,Estonia,75.95926778274145,61.870071140772026,92.29739610564394,True,30-day road deaths; current EU-27 cohort retrospectively; population on 1 January; flags retained
EE,87.0,,1325217.0,,2012,Estonia,65.64962568394459,52.582658942512595,80.97857074163991,True,30-day road deaths; current EU-27 cohort retrospectively; population on 1 January; flags retained
EE,81.0,,1320169.0,,2013,Estonia,61.35578096440683,48.725346523168895,76.25963356216441,True,30-day road deaths; current EU-27 cohort retrospectively; population on 1 January; flags retained
EE,78.0,,1315819.0,,2014,Estonia,59.278669786649985,46.85732855736263,73.98246267219868,True,30-day road deaths; current EU-27 cohort retrospectively; population on 1 January; flags retained
EE,67.0,,1313271.0,,2015,Estonia,51.01764982246619,39.53797786229996,64.79061185984945,True,30-day road deaths; current EU-27 cohort retrospectively; population on 1 January; flags retained
EE,71.0,,1315944.0,,2016,Estonia,53.95366368173722,42.1382589642865,68.05520531808392,True,30-day road deaths; current EU-27 cohort retrospectively; population on 1 January; flags retained
EE,48.0,,1315635.0,,2017,Estonia,36.48428325485412,26.90063035985151,48.37286647294064,True,30-day road deaths; current EU-27 cohort retrospectively; population on 1 January; flags retained
EE,67.0,,1319133.0,,2018,Estonia,50.79093616792242,39.36227789404141,64.50269353264329,True,30-day road deaths; current EU-27 cohort retrospectively; population on 1 January; flags retained
EE,52.0,,1324820.0,,2019,Estonia,39.25061517791096,29.314236802328793,51.47195976877832,True,30-day road deaths; current EU-27 cohort retrospectively; population on 1 January; flags retained
EE,59.0,,1328889.0,,2020,Estonia,44.3979895988303,33.79780676090587,57.270171822158034,True,30-day road deaths; current EU-27 cohort retrospectively; population on 1 January; flags retained
EE,55.0,,1330068.0,,2021,Estonia,41.35126925841386,31.15143509312192,53.824360841670774,True,30-day road deaths; current EU-27 cohort retrospectively; population on 1 January; flags retained
EE,49.0,,1331796.0,,2022,Estonia,36.79242166217649,27.21923609083459,48.6415326318132,True,30-day road deaths; current EU-27 cohort retrospectively; population on 1 January; flags retained
EE,59.0,,1365884.0,,2023,Estonia,43.19546901493831,32.8823923764342,55.71900788249644,True,30-day road deaths; current EU-27 cohort retrospectively; population on 1 January; flags retained
EE,69.0,,1374687.0,,2024,Estonia,50.19324398935903,39.053339819787944,63.522762705288756,True,30-day road deaths; current EU-27 cohort retrospectively; population on 1 January; flags retained
EL,1258.0,,11119289.0,,2010,Greece,113.1367302351796,106.97045145392283,119.56577976236396,True,30-day road deaths; current EU-27 cohort retrospectively; population on 1 January; flags retained
EL,1141.0,,11123392.0,,2011,Greece,102.57662410890491,96.71035277557908,108.7056924596705,True,30-day road deaths; current EU-27 cohort retrospectively; population on 1 January; flags retained
EL,988.0,,11072725.0,,2012,Greece,89.22826133585002,83.75048146495118,94.97023455637267,True,30-day road deaths; current EU-27 cohort retrospectively; population on 1 January; flags retained
EL,879.0,,10980006.0,,2013,Greece,80.05460106305952,74.8491386134953,85.52665706716441,True,30-day road deaths; current EU-27 cohort retrospectively; population on 1 January; flags retained
EL,795.0,,10894294.0,,2014,Greece,72.97398069117651,67.98885004395407,78.22795701828748,True,30-day road deaths; current EU-27 cohort retrospectively; population on 1 January; flags retained
EL,793.0,,10818041.0,,2015,Greece,73.30347518557195,68.28963627495816,78.58805879200787,True,30-day road deaths; current EU-27 cohort retrospectively; population on 1 January; flags retained
EL,824.0,,10735415.0,,2016,Greece,76.75530009785369,71.60333427684941,82.18003350042491,True,30-day road deaths; current EU-27 cohort retrospectively; population on 1 January; flags retained
EL,731.0,,10707527.0,,2017,Greece,68.26973212395355,63.40977231338237,73.40336460383337,True,30-day road deaths; current EU-27 cohort retrospectively; population on 1 January; flags retained
EL,700.0,,10667336.0,,2018,Greece,65.62088228963633,60.84909863854962,70.66744331737206,True,30-day road deaths; current EU-27 cohort retrospectively; population on 1 January; flags retained
EL,688.0,,10635213.0,,2019,Greece,64.6907588968834,59.94654123312935,69.71061378666292,True,30-day road deaths; current EU-27 cohort retrospectively; population on 1 January; flags retained
EL,584.0,,10612591.0,,2020,Greece,55.02897454542439,50.65581814906961,59.678652801167544,True,30-day road deaths; current EU-27 cohort retrospectively; population on 1 January; flags retained
EL,624.0,,10555344.0,,2021,Greece,59.11697430230602,54.56895018057337,63.94289634363565,True,30-day road deaths; current EU-27 cohort retrospectively; population on 1 January; flags retained
EL,654.0,,10461627.0,,2022,Greece,62.51417681016538,57.814217760989926,67.49443723993276,True,30-day road deaths; current EU-27 cohort retrospectively; population on 1 January; flags retained
EL,646.0,,10401868.0,,2023,Greece,62.104229740273574,57.406835733346604,67.08355794246125,True,30-day road deaths; current EU-27 cohort retrospectively; population on 1 January; flags retained
EL,664.0,,10375764.0,,2024,Greece,63.99528747955331,59.21963749080891,69.05353084541544,True,30-day road deaths; current EU-27 cohort retrospectively; population on 1 January; flags retained
ES,2479.0,,46486619.0,,2010,Spain,53.32717356794651,51.24839989252654,55.46863048851205,True,30-day road deaths; current EU-27 cohort retrospectively; population on 1 January; flags retained
ES,2060.0,,46667174.0,,2011,Spain,44.142377252155875,42.256546027272854,46.090689861733516,True,30-day road deaths; current EU-27 cohort retrospectively; population on 1 January; flags retained
ES,1902.0,,46818219.0,,2012,Spain,40.62521045492995,38.81978632010788,42.49293304808963,True,30-day road deaths; current EU-27 cohort retrospectively; population on 1 January; flags retained
ES,1680.0,,46712650.0,,2013,Spain,35.964562061882596,34.26516563554171,37.72642832497334,True,30-day road deaths; current EU-27 cohort retrospectively; population on 1 January; flags retained
ES,1688.0,,46495744.0,,2014,Spain,36.30439809716778,34.59296476754864,38.07859147846507,True,30-day road deaths; current EU-27 cohort retrospectively; population on 1 January; flags retained
ES,1689.0,,46425722.0,,2015,Spain,36.38069430562652,34.666165966383375,38.15807720389863,True,30-day road deaths; current EU-27 cohort retrospectively; population on 1 January; flags retained
ES,1810.0,,46418884.0,,2016,Spain,38.99275131215994,37.21688490659163,40.83146418931208,True,30-day road deaths; current EU-27 cohort retrospectively; population on 1 January; flags retained
ES,1830.0,,46497393.0,,2017,Spain,39.35704524337526,37.574296202224716,41.20253194624545,True,30-day road deaths; current EU-27 cohort retrospectively; population on 1 January; flags retained
ES,1806.0,,46645070.0,,2018,Spain,38.717918099383276,36.95263951098011,40.545738954214826,True,30-day road deaths; current EU-27 cohort retrospectively; population on 1 January; flags retained
ES,1755.0,,46918951.0,,2019,Spain,37.404928341215474,35.67520074785252,39.196840163157376,True,30-day road deaths; current EU-27 cohort retrospectively; population on 1 January; flags retained
ES,1370.0,,47318050.0,,2020,Spain,28.953010531921752,27.439985372783283,30.52776012119185,True,30-day road deaths; current EU-27 cohort retrospectively; population on 1 January; flags retained
ES,1533.0,,47400798.0,,2021,Spain,32.341227673002464,30.74235087788383,34.0016908489564,True,30-day road deaths; current EU-27 cohort retrospectively; population on 1 January; flags retained
ES,1746.0,,47486843.0,,2022,Spain,36.768079107722535,35.06347664930296,38.53412339687853,True,30-day road deaths; current EU-27 cohort retrospectively; population on 1 January; flags retained
ES,1806.0,,48085361.0,,2023,Spain,37.55820820394798,35.84580464466999,39.33128071391785,True,30-day road deaths; current EU-27 cohort retrospectively; population on 1 January; flags retained
ES,1785.0,,48619695.0,,2024,Spain,36.71351702226845,35.02992266493207,38.45711633689941,True,30-day road deaths; current EU-27 cohort retrospectively; population on 1 January; flags retained
FI,272.0,,5351427.0,,2010,Finland,50.827564311350976,44.96609355803597,57.24088602000896,True,30-day road deaths; current EU-27 cohort retrospectively; population on 1 January; flags retained
FI,292.0,,5375276.0,,2011,Finland,54.32279198314654,48.270097494713816,60.92451072908345,True,30-day road deaths; current EU-27 cohort retrospectively; population on 1 January; flags retained
FI,255.0,,5401267.0,,2012,Finland,47.21114508873566,41.593857655431044,53.375545240275166,True,30-day road deaths; current EU-27 cohort retrospectively; population on 1 January; flags retained
FI,258.0,,5426674.0,,2013,Finland,47.542933295790384,41.918107296703546,53.712245828272145,True,30-day road deaths; current EU-27 cohort retrospectively; population on 1 January; flags retained
FI,229.0,,5451270.0,,2014,Finland,42.00855947329705,36.74346925555703,47.816353436261586,True,30-day road deaths; current EU-27 cohort retrospectively; population on 1 January; flags retained
FI,270.0,,5471753.0,,2015,Finland,49.34433261150494,43.633523532187226,55.59489662332242,True,30-day road deaths; current EU-27 cohort retrospectively; population on 1 January; flags retained
FI,258.0,,5487308.0,,2016,Finland,47.01759041045263,41.454917966374666,53.11873288648877,True,30-day road deaths; current EU-27 cohort retrospectively; population on 1 January; flags retained
FI,238.0,,5503297.0,,2017,Finland,43.24680278022429,37.92656509983753,49.10439351478673,True,30-day road deaths; current EU-27 cohort retrospectively; population on 1 January; flags retained
FI,239.0,,5513130.0,,2018,Finland,43.35105466404747,38.02879192735428,49.20968840629352,True,30-day road deaths; current EU-27 cohort retrospectively; population on 1 January; flags retained
FI,211.0,,5517919.0,,2019,Finland,38.2390535272446,33.25321291440195,43.76152283815583,True,30-day road deaths; current EU-27 cohort retrospectively; population on 1 January; flags retained
FI,223.0,,5525292.0,,2020,Finland,40.359857904342434,35.2361193373448,46.01918304562038,True,30-day road deaths; current EU-27 cohort retrospectively; population on 1 January; flags retained
FI,225.0,,5533793.0,,2021,Finland,40.65927294353077,35.51973193153684,46.33352603386697,True,30-day road deaths; current EU-27 cohort retrospectively; population on 1 January; flags retained
FI,196.0,,5548241.0,,2022,Finland,35.326511591691855,30.553751988246287,40.633413865232185,True,30-day road deaths; current EU-27 cohort retrospectively; population on 1 January; flags retained
FI,185.0,,5563970.0,,2023,Finland,33.24964009511194,28.6308195326269,38.40145360283617,True,30-day road deaths; current EU-27 cohort retrospectively; population on 1 January; flags retained
FI,181.0,,5603851.0,,2024,Finland,32.29921709196051,27.765000355503798,37.362771633046066,True,30-day road deaths; current EU-27 cohort retrospectively; population on 1 January; flags retained
FR,3992.0,,64658856.0,,2010,France,61.73941586594108,59.838900830676906,63.6849329582659,True,30-day road deaths; current EU-27 cohort retrospectively; population on 1 January; flags retained
FR,3963.0,,64978721.0,,2011,France,60.9891967556579,59.1049722743434,62.91820263421293,True,30-day road deaths; current EU-27 cohort retrospectively; population on 1 January; flags retained
FR,3653.0,,65276983.0,b,2012,France,55.96153241334698,54.16135197774489,57.806299498931246,True,30-day road deaths; current EU-27 cohort retrospectively; population on 1 January; flags retained
FR,3268.0,,65600350.0,,2013,France,49.81680737983867,48.123310445860454,51.554685265588084,True,30-day road deaths; current EU-27 cohort retrospectively; population on 1 January; flags retained
FR,3380.0,,66165980.0,b,2014,France,51.083653563356876,49.375859923392085,52.83544445054853,True,30-day road deaths; current EU-27 cohort retrospectively; population on 1 January; flags retained
FR,3459.0,,66458153.0,,2015,France,52.04779013343931,50.32758250236053,53.81179868578212,True,30-day road deaths; current EU-27 cohort retrospectively; population on 1 January; flags retained
FR,3471.0,,66638391.0,,2016,France,52.087091958747926,50.36853898482454,53.8493269543309,True,30-day road deaths; current EU-27 cohort retrospectively; population on 1 January; flags retained
FR,3444.0,,66809816.0,,2017,France,51.54931125689674,49.84190339510598,53.300290027445016,True,30-day road deaths; current EU-27 cohort retrospectively; population on 1 January; flags retained
FR,3246.0,,67026224.0,p,2018,France,48.42880601479206,46.776971843636154,50.12407786599646,True,30-day road deaths; current EU-27 cohort retrospectively; population on 1 January; flags retained
FR,3238.0,,67290471.0,,2019,France,48.11974046072586,46.47643923122931,49.80630910622034,True,30-day road deaths; current EU-27 cohort retrospectively; population on 1 January; flags retained
FR,2538.0,,67473651.0,,2020,France,37.61468310051875,36.16538198841396,39.10716704462045,True,30-day road deaths; current EU-27 cohort retrospectively; population on 1 January; flags retained
FR,2931.0,,67728568.0,,2021,France,43.2756824269487,41.72301978386328,44.8713455322564,True,30-day road deaths; current EU-27 cohort retrospectively; population on 1 January; flags retained
FR,3260.0,,68091703.0,,2022,France,47.87661133985737,46.247091763828145,49.54888835558696,True,30-day road deaths; current EU-27 cohort retrospectively; population on 1 January; flags retained
FR,3154.0,,68277210.0,p,2023,France,46.19403751266345,44.59581266554923,47.8349077970038,True,30-day road deaths; current EU-27 cohort retrospectively; population on 1 January; flags retained
FR,3181.0,,68669303.0,p,2024,France,46.32346421224051,44.72751844501779,47.96181084142647,True,30-day road deaths; current EU-27 cohort retrospectively; population on 1 January; flags retained
HR,426.0,,4302847.0,,2010,Croatia,99.00421744022039,89.8247415660137,108.86729848783332,True,30-day road deaths; current EU-27 cohort retrospectively; population on 1 January; flags retained
HR,418.0,,4289857.0,,2011,Croatia,97.43914540741102,88.32085508851783,107.24321477126702,True,30-day road deaths; current EU-27 cohort retrospectively; population on 1 January; flags retained
HR,393.0,,4275984.0,,2012,Croatia,91.90866944310362,83.04541768238812,101.46027097001677,True,30-day road deaths; current EU-27 cohort retrospectively; population on 1 January; flags retained
HR,368.0,,4247803.0,,2013,Croatia,86.63301946912321,78.00674812544273,95.95259002806507,True,30-day road deaths; current EU-27 cohort retrospectively; population on 1 January; flags retained
HR,308.0,,4217632.0,,2014,Croatia,73.02676003975691,65.09802071548877,81.65486671534364,True,30-day road deaths; current EU-27 cohort retrospectively; population on 1 January; flags retained
HR,348.0,,4180915.0,,2015,Croatia,83.23536833444354,74.71893493008562,92.45653329155054,True,30-day road deaths; current EU-27 cohort retrospectively; population on 1 January; flags retained
HR,307.0,,4131115.0,,2016,Croatia,74.31407743430043,66.23281984478525,83.10937067953952,True,30-day road deaths; current EU-27 cohort retrospectively; population on 1 January; flags retained
HR,331.0,,4078769.0,,2017,Croatia,81.15193579239227,72.64397022557121,90.38260295321045,True,30-day road deaths; current EU-27 cohort retrospectively; population on 1 January; flags retained
HR,317.0,,4014341.0,,2018,Croatia,78.96688397921352,70.51230163605213,88.15605501914966,True,30-day road deaths; current EU-27 cohort retrospectively; population on 1 January; flags retained
HR,297.0,,3968676.0,,2019,Croatia,74.8360410373636,66.56615132855612,83.84942322963232,True,30-day road deaths; current EU-27 cohort retrospectively; population on 1 January; flags retained
HR,237.0,,3933511.0,,2020,Croatia,60.25151575780518,52.82424882473594,68.4306160118393,True,30-day road deaths; current EU-27 cohort retrospectively; population on 1 January; flags retained
HR,292.0,,3893026.0,,2021,Croatia,75.00592084409404,66.64869347931283,84.12121068130158,True,30-day road deaths; current EU-27 cohort retrospectively; population on 1 January; flags retained
HR,275.0,,3862305.0,,2022,Croatia,71.20100561711206,63.033587821803046,80.13295939262017,True,30-day road deaths; current EU-27 cohort retrospectively; population on 1 January; flags retained
HR,274.0,,3850894.0,,2023,Croatia,71.15230904823659,62.97605395744507,80.0953930576942,True,30-day road deaths; current EU-27 cohort retrospectively; population on 1 January; flags retained
HR,239.0,,3861967.0,,2024,Croatia,61.88556246078747,54.287795218979,70.24902321624938,True,30-day road deaths; current EU-27 cohort retrospectively; population on 1 January; flags retained
HU,740.0,,10014324.0,,2010,Hungary,73.89415401379064,68.66530341271049,79.41559938397008,True,30-day road deaths; current EU-27 cohort retrospectively; population on 1 January; flags retained
HU,638.0,,9985722.0,,2011,Hungary,63.89122388946939,59.0290601374649,69.04709504103597,True,30-day road deaths; current EU-27 cohort retrospectively; population on 1 January; flags retained
HU,605.0,,9931925.0,b,2012,Hungary,60.91467666137229,56.15681647900846,65.96793899984358,True,30-day road deaths; current EU-27 cohort retrospectively; population on 1 January; flags retained
HU,591.0,,9895250.0,,2013,Hungary,59.725625931633864,55.00683872574561,64.74095698291191,True,30-day road deaths; current EU-27 cohort retrospectively; population on 1 January; flags retained
HU,626.0,,9850217.0,,2014,Hungary,63.55189941500781,58.67034519589076,68.73123856263484,True,30-day road deaths; current EU-27 cohort retrospectively; population on 1 January; flags retained
HU,644.0,,9815858.0,,2015,Hungary,65.60812106287601,60.63815422816929,70.87685968184017,True,30-day road deaths; current EU-27 cohort retrospectively; population on 1 January; flags retained
HU,607.0,,9779652.0,,2016,Hungary,62.06764821488535,57.2275639503652,67.20772752645425,True,30-day road deaths; current EU-27 cohort retrospectively; population on 1 January; flags retained
HU,625.0,,9739857.0,,2017,Hungary,64.16931993970753,59.23647755542869,69.40332456021497,True,30-day road deaths; current EU-27 cohort retrospectively; population on 1 January; flags retained
HU,633.0,,9713655.0,,2018,Hungary,65.16599570398579,60.18766172798763,70.44627900466539,True,30-day road deaths; current EU-27 cohort retrospectively; population on 1 January; flags retained
HU,602.0,,9700272.0,,2019,Hungary,62.0601154276911,57.20097134077321,67.22172629167783,True,30-day road deaths; current EU-27 cohort retrospectively; population on 1 January; flags retained
HU,460.0,,9689376.0,,2020,Hungary,47.47467741988751,43.23482489907278,52.017922611839104,True,30-day road deaths; current EU-27 cohort retrospectively; population on 1 January; flags retained
HU,544.0,,9651461.0,,2021,Hungary,56.364523464374976,51.72694319793953,61.30631253704944,True,30-day road deaths; current EU-27 cohort retrospectively; population on 1 January; flags retained
HU,537.0,,9610403.0,,2022,Hungary,55.87694917684513,51.250263707104054,60.809171145385186,True,30-day road deaths; current EU-27 cohort retrospectively; population on 1 January; flags retained
HU,472.0,,9599744.0,,2023,Hungary,49.167977812741675,44.83177919191815,53.81034180957623,True,30-day road deaths; current EU-27 cohort retrospectively; population on 1 January; flags retained
HU,497.0,,9584627.0,,2024,Hungary,51.853869743705204,47.394674348446756,56.6195951443078,True,30-day road deaths; current EU-27 cohort retrospectively; population on 1 January; flags retained
IE,212.0,,4549428.0,,2010,Ireland,46.599264786694064,40.53721127317845,53.31215128256556,True,30-day road deaths; current EU-27 cohort retrospectively; population on 1 January; flags retained
IE,186.0,,4570881.0,,2011,Ireland,40.69237418344516,35.05430056338611,46.97919960329636,True,30-day road deaths; current EU-27 cohort retrospectively; population on 1 January; flags retained
IE,163.0,,4589287.0,,2012,Ireland,35.51749977719851,30.274210719233242,41.40798147000428,True,30-day road deaths; current EU-27 cohort retrospectively; population on 1 January; flags retained
IE,188.0,,4609779.0,,2013,Ireland,40.78286616343213,35.161261747868636,47.04766688350876,True,30-day road deaths; current EU-27 cohort retrospectively; population on 1 January; flags retained
IE,192.0,,4637852.0,,2014,Ireland,41.39847498367779,35.74955330140715,47.68654198171278,True,30-day road deaths; current EU-27 cohort retrospectively; population on 1 January; flags retained
IE,162.0,,4677627.0,,2015,Ireland,34.63294529469751,29.505122288539297,40.395787602640716,True,30-day road deaths; current EU-27 cohort retrospectively; population on 1 January; flags retained
IE,182.0,,4726286.0,,2016,Ireland,38.50803781235414,33.11652127721661,44.5271368639898,True,30-day road deaths; current EU-27 cohort retrospectively; population on 1 January; flags retained
IE,154.0,,4799157.0,,2017,Ireland,32.08896895850667,27.221038050725927,37.57623953214582,True,30-day road deaths; current EU-27 cohort retrospectively; population on 1 January; flags retained
IE,134.0,,4855733.0,,2018,Ireland,27.596245510204124,23.121792924052283,32.68396196437492,True,30-day road deaths; current EU-27 cohort retrospectively; population on 1 January; flags retained
IE,140.0,,4940311.0,,2019,Ireland,28.338296920983314,23.838695829726166,33.44030171395506,True,30-day road deaths; current EU-27 cohort retrospectively; population on 1 January; flags retained
IE,141.0,,5012600.0,,2020,Ireland,28.129114631129553,23.6779011036829,33.17398720090324,True,30-day road deaths; current EU-27 cohort retrospectively; population on 1 January; flags retained
IE,132.0,,5066893.0,,2021,Ireland,26.051467832456694,21.797047701276195,30.893717000153153,True,30-day road deaths; current EU-27 cohort retrospectively; population on 1 January; flags retained
IE,152.0,,5154277.0,,2022,Ireland,29.490072031441073,24.988291183026174,34.568619100717655,True,30-day road deaths; current EU-27 cohort retrospectively; population on 1 January; flags retained
IE,180.0,,5271395.0,,2023,Ireland,34.14655892794981,29.340222203526057,39.515655135270094,True,30-day road deaths; current EU-27 cohort retrospectively; population on 1 January; flags retained
IE,171.0,,5351681.0,,2024,Ireland,31.952577143518084,27.342816929480417,37.11700047190694,True,30-day road deaths; current EU-27 cohort retrospectively; population on 1 January; flags retained
IT,4114.0,,59690316.0,,2010,Italy,68.9224027562528,66.8322279357749,71.06132167882011,True,30-day road deaths; current EU-27 cohort retrospectively; population on 1 January; flags retained
IT,3860.0,,59948497.0,,2011,Italy,64.3886034373806,62.37319844686274,66.4525508175805,True,30-day road deaths; current EU-27 cohort retrospectively; population on 1 January; flags retained
IT,3753.0,,60105185.0,,2012,Italy,62.44053653607422,60.45866342842955,64.47082918591043,True,30-day road deaths; current EU-27 cohort retrospectively; population on 1 January; flags retained
IT,3401.0,,60277309.0,,2013,Italy,56.422558611566416,54.54206190620232,58.351349926683994,True,30-day road deaths; current EU-27 cohort retrospectively; population on 1 January; flags retained
IT,3381.0,,60345917.0,,2014,Italy,56.02698853677209,54.154207397103946,57.94801019782257,True,30-day road deaths; current EU-27 cohort retrospectively; population on 1 January; flags retained
IT,3428.0,,60295497.0,,2015,Italy,56.85333350847079,54.96589395834349,58.78905200606357,True,30-day road deaths; current EU-27 cohort retrospectively; population on 1 January; flags retained
IT,3283.0,,60163712.0,,2016,Italy,54.56777666909914,52.71697924470672,56.46696484037041,True,30-day road deaths; current EU-27 cohort retrospectively; population on 1 January; flags retained
IT,3378.0,,60066734.0,,2017,Italy,56.237450832602285,54.35680718767376,58.166559339042166,True,30-day road deaths; current EU-27 cohort retrospectively; population on 1 January; flags retained
IT,3334.0,,59937769.0,,2018,Italy,55.62435932508599,53.75208779964906,57.54520183242792,True,30-day road deaths; current EU-27 cohort retrospectively; population on 1 January; flags retained
IT,3173.0,,59816673.0,b,2019,Italy,53.045410934172146,51.21559688710396,54.923901366445996,True,30-day road deaths; current EU-27 cohort retrospectively; population on 1 January; flags retained
IT,2395.0,,59641488.0,,2020,Italy,40.15661044540002,38.56430402341136,41.79778004007863,True,30-day road deaths; current EU-27 cohort retrospectively; population on 1 January; flags retained
IT,2875.0,,59236213.0,,2021,Italy,48.53450034018886,46.776436828557316,50.34173198881944,True,30-day road deaths; current EU-27 cohort retrospectively; population on 1 January; flags retained
IT,3159.0,,59030133.0,,2022,Italy,53.51504120785227,51.66497677197081,55.414431260678306,True,30-day road deaths; current EU-27 cohort retrospectively; population on 1 January; flags retained
IT,3039.0,,58997201.0,,2023,Italy,51.51091828915748,49.6956299424295,53.375565534825476,True,30-day road deaths; current EU-27 cohort retrospectively; population on 1 January; flags retained
IT,3030.0,,58971230.0,,2024,Italy,51.380986966017154,49.56761428608653,53.24374072764007,True,30-day road deaths; current EU-27 cohort retrospectively; population on 1 January; flags retained
LT,299.0,,3141976.0,,2010,Lithuania,95.16304389339702,84.68107889492863,106.58406560336729,True,30-day road deaths; current EU-27 cohort retrospectively; population on 1 January; flags retained
LT,296.0,,3052588.0,,2011,Lithuania,96.96690152749078,86.23384992971658,108.66660012891388,True,30-day road deaths; current EU-27 cohort retrospectively; population on 1 January; flags retained
LT,302.0,,3003641.0,,2012,Lithuania,100.5446389898127,89.52343947708331,112.54805190051772,True,30-day road deaths; current EU-27 cohort retrospectively; population on 1 January; flags retained
LT,256.0,,2974637.0,,2013,Lithuania,86.06092104683698,75.8405822272199,97.27465307865933,True,30-day road deaths; current EU-27 cohort retrospectively; population on 1 January; flags retained
LT,267.0,,2947862.0,,2014,Lithuania,90.57411778434675,80.03472962347529,102.11549773546551,True,30-day road deaths; current EU-27 cohort retrospectively; population on 1 January; flags retained
LT,242.0,,2926644.0,,2015,Lithuania,82.68856751965733,72.5978396916362,93.78956403720207,True,30-day road deaths; current EU-27 cohort retrospectively; population on 1 January; flags retained
LT,188.0,,2895573.0,,2016,Lithuania,64.92670017298822,55.97705394366784,74.90032086864815,True,30-day road deaths; current EU-27 cohort retrospectively; population on 1 January; flags retained
LT,191.0,,2859077.0,,2017,Lithuania,66.80477650654389,57.66615736295035,76.98024848850639,True,30-day road deaths; current EU-27 cohort retrospectively; population on 1 January; flags retained
LT,173.0,,2826200.0,,2018,Lithuania,61.2129360979407,52.431008428409925,71.04502158634828,True,30-day road deaths; current EU-27 cohort retrospectively; population on 1 January; flags retained
LT,186.0,,2812200.0,,2019,Lithuania,66.1403883080862,56.97640154095401,76.35884036054152,True,30-day road deaths; current EU-27 cohort retrospectively; population on 1 January; flags retained
LT,175.0,,2809977.0,,2020,Lithuania,62.278089820664015,53.39255829297613,72.21969377493922,True,30-day road deaths; current EU-27 cohort retrospectively; population on 1 January; flags retained
LT,148.0,,2810761.0,,2021,Lithuania,52.65477925729011,44.513502469325594,61.854079911555644,True,30-day road deaths; current EU-27 cohort retrospectively; population on 1 January; flags retained
LT,120.0,,2805998.0,,2022,Lithuania,42.7655329761461,35.4568768851363,51.1370946698295,True,30-day road deaths; current EU-27 cohort retrospectively; population on 1 January; flags retained
LT,159.0,,2857279.0,,2023,Lithuania,55.647348403848554,47.33389299142962,65.00063519945076,True,30-day road deaths; current EU-27 cohort retrospectively; population on 1 January; flags retained
LT,124.0,,2885891.0,,2024,Lithuania,42.967665791951255,35.738281352645544,51.230040943817045,True,30-day road deaths; current EU-27 cohort retrospectively; population on 1 January; flags retained
LU,32.0,,502066.0,,2010,Luxembourg,63.736640202682516,43.59581471616195,89.97711870435455,True,30-day road deaths; current EU-27 cohort retrospectively; population on 1 January; flags retained
LU,33.0,,511840.0,,2011,Luxembourg,64.47327289778056,44.38043445750594,90.54444605573869,True,30-day road deaths; current EU-27 cohort retrospectively; population on 1 January; flags retained
LU,34.0,,524853.0,b,2012,Luxembourg,64.78004317399348,44.86206306255708,90.52361727036539,True,30-day road deaths; current EU-27 cohort retrospectively; population on 1 January; flags retained
LU,45.0,,537039.0,,2013,Luxembourg,83.79279717115517,61.119041239527235,112.12135524041794,True,30-day road deaths; current EU-27 cohort retrospectively; population on 1 January; flags retained
LU,35.0,,549680.0,,2014,Luxembourg,63.67340998399069,44.350863052175384,88.55429953624487,True,30-day road deaths; current EU-27 cohort retrospectively; population on 1 January; flags retained
LU,36.0,,562958.0,,2015,Luxembourg,63.947932172559945,44.78834552011914,88.53089304927933,True,30-day road deaths; current EU-27 cohort retrospectively; population on 1 January; flags retained
LU,32.0,,576249.0,,2016,Luxembourg,55.53154972937046,37.98353890641817,78.39397912954378,True,30-day road deaths; current EU-27 cohort retrospectively; population on 1 January; flags retained
LU,25.0,,590667.0,b,2017,Luxembourg,42.32503254795003,27.390529431692183,62.48009741111382,True,30-day road deaths; current EU-27 cohort retrospectively; population on 1 January; flags retained
LU,36.0,,602005.0,,2018,Luxembourg,59.800167772692916,41.88330232691627,82.78863878080114,True,30-day road deaths; current EU-27 cohort retrospectively; population on 1 January; flags retained
LU,22.0,,613894.0,,2019,Luxembourg,35.836805702613155,22.45873533904813,54.25735450603074,True,30-day road deaths; current EU-27 cohort retrospectively; population on 1 January; flags retained
LU,26.0,,626108.0,,2020,Luxembourg,41.526382029937324,27.126411442748445,60.84577114990544,True,30-day road deaths; current EU-27 cohort retrospectively; population on 1 January; flags retained
LU,24.0,,634730.0,,2021,Luxembourg,37.81135285869583,24.22644723691406,56.26029586399447,True,30-day road deaths; current EU-27 cohort retrospectively; population on 1 January; flags retained
LU,36.0,,645397.0,,2022,Luxembourg,55.77962091549852,39.06736073659349,77.22250721530499,True,30-day road deaths; current EU-27 cohort retrospectively; population on 1 January; flags retained
LU,26.0,,660809.0,,2023,Luxembourg,39.34571109049665,25.70192478552251,57.650582971970714,True,30-day road deaths; current EU-27 cohort retrospectively; population on 1 January; flags retained
LU,18.0,,672050.0,,2024,Luxembourg,26.783721449296927,15.873730794434232,42.32982704788034,True,30-day road deaths; current EU-27 cohort retrospectively; population on 1 January; flags retained
LV,218.0,,2120504.0,,2010,Latvia,102.80574806744058,89.61075037452878,117.39664262244227,True,30-day road deaths; current EU-27 cohort retrospectively; population on 1 January; flags retained
LV,179.0,,2074605.0,,2011,Latvia,86.28148490917548,74.10426534697653,99.88872440264947,True,30-day road deaths; current EU-27 cohort retrospectively; population on 1 January; flags retained
LV,177.0,,2044813.0,,2012,Latvia,86.56048254779287,74.27772287821577,100.29429395235927,True,30-day road deaths; current EU-27 cohort retrospectively; population on 1 January; flags retained
LV,179.0,,2023825.0,,2013,Latvia,88.44638246883994,75.96362304555198,102.39504259971025,True,30-day road deaths; current EU-27 cohort retrospectively; population on 1 January; flags retained
LV,212.0,,2001468.0,,2014,Latvia,105.92225306624937,92.14292909410177,121.18095007521461,True,30-day road deaths; current EU-27 cohort retrospectively; population on 1 January; flags retained
LV,188.0,,1986096.0,,2015,Latvia,94.65806285295373,81.61017695963746,109.19882362111102,True,30-day road deaths; current EU-27 cohort retrospectively; population on 1 January; flags retained
LV,158.0,,1968957.0,,2016,Latvia,80.24553100956496,68.22090012357165,93.77924907363239,True,30-day road deaths; current EU-27 cohort retrospectively; population on 1 January; flags retained
LV,136.0,,1950116.0,,2017,Latvia,69.73944114093726,58.51162868853079,82.49395148326441,True,30-day road deaths; current EU-27 cohort retrospectively; population on 1 January; flags retained
LV,148.0,,1934379.0,,2018,Latvia,76.51034259573744,64.68061156277238,89.87744154908839,True,30-day road deaths; current EU-27 cohort retrospectively; population on 1 January; flags retained
LV,132.0,,1919968.0,,2019,Latvia,68.75114585243088,57.52351519309825,81.53008717439927,True,30-day road deaths; current EU-27 cohort retrospectively; population on 1 January; flags retained
LV,139.0,,1907675.0,,2020,Latvia,72.86356428636954,61.25445461075383,86.03287211131753,True,30-day road deaths; current EU-27 cohort retrospectively; population on 1 January; flags retained
LV,151.0,,1893223.0,,2021,Latvia,79.75816900597552,67.54420142846189,93.54251094893758,True,30-day road deaths; current EU-27 cohort retrospectively; population on 1 January; flags retained
LV,115.0,,1875757.0,,2022,Latvia,61.308581015557984,50.61652136233443,73.59166652127145,True,30-day road deaths; current EU-27 cohort retrospectively; population on 1 January; flags retained
LV,138.0,,1895239.0,,2023,Latvia,72.81403559128954,61.17271313964572,86.02594807500012,True,30-day road deaths; current EU-27 cohort retrospectively; population on 1 January; flags retained
LV,112.0,,1878575.0,,2024,Latvia,59.61965851775947,49.09064239253604,71.73794141417585,True,30-day road deaths; current EU-27 cohort retrospectively; population on 1 January; flags retained
MT,13.0,,414027.0,,2010,Malta,31.398918428025226,16.718601663668796,53.69310677361349,True,30-day road deaths; current EU-27 cohort retrospectively; population on 1 January; flags retained
MT,16.0,,414989.0,,2011,Malta,38.555238813558915,22.037650283842535,62.611292341630595,True,30-day road deaths; current EU-27 cohort retrospectively; population on 1 January; flags retained
MT,9.0,,417546.0,,2012,Malta,21.554511359227487,9.8560951305445,40.91717667375371,True,30-day road deaths; current EU-27 cohort retrospectively; population on 1 January; flags retained
MT,17.0,,421464.0,,2013,Malta,40.335592126492415,23.496968826773564,64.58119036479181,True,30-day road deaths; current EU-27 cohort retrospectively; population on 1 January; flags retained
MT,10.0,,428156.0,,2014,Malta,23.35597305654948,11.200096918255108,42.95246602177192,True,30-day road deaths; current EU-27 cohort retrospectively; population on 1 January; flags retained
MT,11.0,,438805.0,,2015,Malta,25.068082633516028,12.513896530889207,44.85372434977257,True,30-day road deaths; current EU-27 cohort retrospectively; population on 1 January; flags retained
MT,23.0,,449635.0,,2016,Malta,51.152601554594284,32.4263614643982,76.75401802536065,True,30-day road deaths; current EU-27 cohort retrospectively; population on 1 January; flags retained
MT,19.0,,459375.0,,2017,Malta,41.36054421768708,24.901749473451396,64.58961321705706,True,30-day road deaths; current EU-27 cohort retrospectively; population on 1 January; flags retained
MT,18.0,,474837.0,,2018,Malta,37.90774518413687,22.466532263491526,59.91058040449245,True,30-day road deaths; current EU-27 cohort retrospectively; population on 1 January; flags retained
MT,16.0,,492968.0,,2019,Malta,32.45646776261339,18.551675673961658,52.70727024383112,True,30-day road deaths; current EU-27 cohort retrospectively; population on 1 January; flags retained
MT,12.0,,514855.0,,2020,Malta,23.307533188956114,12.043342511429858,40.71356993362589,True,30-day road deaths; current EU-27 cohort retrospectively; population on 1 January; flags retained
MT,9.0,,516125.0,,2021,Malta,17.43763623153306,7.973597669902317,33.10206529700977,True,30-day road deaths; current EU-27 cohort retrospectively; population on 1 January; flags retained
MT,28.0,,520174.0,,2022,Malta,53.828142121674674,35.76840952423138,77.79665254947037,True,30-day road deaths; current EU-27 cohort retrospectively; population on 1 January; flags retained
MT,16.0,,542051.0,,2023,Malta,29.51751772434697,16.871811791955977,47.93459950735436,True,30-day road deaths; current EU-27 cohort retrospectively; population on 1 January; flags retained
MT,12.0,,563443.0,,2024,Malta,21.29762904144696,11.004795709099623,37.202671873067835,True,30-day road deaths; current EU-27 cohort retrospectively; population on 1 January; flags retained
NL,537.0,,16574989.0,,2010,Netherlands,32.398211546324404,29.715596678920505,35.257980611819605,True,30-day road deaths; current EU-27 cohort retrospectively; population on 1 January; flags retained
NL,546.0,,16655799.0,,2011,Netherlands,32.78137542365875,30.08901621677104,35.65000857519472,True,30-day road deaths; current EU-27 cohort retrospectively; population on 1 January; flags retained
NL,562.0,,16730348.0,,2012,Netherlands,33.59165033506775,30.871463037124393,36.487290630478654,True,30-day road deaths; current EU-27 cohort retrospectively; population on 1 January; flags retained
NL,476.0,,16779575.0,,2013,Netherlands,28.367822188583443,25.87631227733092,31.03448086989542,True,30-day road deaths; current EU-27 cohort retrospectively; population on 1 January; flags retained
NL,476.0,,16829289.0,,2014,Netherlands,28.28402316936859,25.799873219890337,30.94280449652243,True,30-day road deaths; current EU-27 cohort retrospectively; population on 1 January; flags retained
NL,531.0,,16900726.0,,2015,Netherlands,31.41876863751297,28.802915165922233,34.20837583156859,True,30-day road deaths; current EU-27 cohort retrospectively; population on 1 January; flags retained
NL,533.0,,16979120.0,,2016,Netherlands,31.39149732141595,28.782715974151476,34.173225513144374,True,30-day road deaths; current EU-27 cohort retrospectively; population on 1 January; flags retained
NL,535.0,,17081507.0,,2017,Netherlands,31.320421552969535,28.72231115414597,34.09043755924762,True,30-day road deaths; current EU-27 cohort retrospectively; population on 1 January; flags retained
NL,598.0,,17181084.0,,2018,Netherlands,34.80572005817561,32.07161049333979,37.710607074963946,True,30-day road deaths; current EU-27 cohort retrospectively; population on 1 January; flags retained
NL,586.0,,17282163.0,,2019,Netherlands,33.90779267618295,31.21764523785842,36.76774206516838,True,30-day road deaths; current EU-27 cohort retrospectively; population on 1 January; flags retained
NL,515.0,,17407585.0,,2020,Netherlands,29.58480455502587,27.084511385020576,32.25382940436203,True,30-day road deaths; current EU-27 cohort retrospectively; population on 1 January; flags retained
NL,509.0,,17475415.0,,2021,Netherlands,29.1266330441938,26.65091702358746,31.770440149628254,True,30-day road deaths; current EU-27 cohort retrospectively; population on 1 January; flags retained
NL,655.0,,17590672.0,,2022,Netherlands,37.23564398221967,34.438279040738166,40.19970975056997,True,30-day road deaths; current EU-27 cohort retrospectively; population on 1 January; flags retained
NL,608.0,,17811291.0,,2023,Netherlands,34.13565024567843,31.475870829197998,36.960146236199904,True,30-day road deaths; current EU-27 cohort retrospectively; population on 1 January; flags retained
NL,566.0,,17942942.0,,2024,Netherlands,31.54443680417626,28.998880790283646,34.25358055153967,True,30-day road deaths; current EU-27 cohort retrospectively; population on 1 January; flags retained
PL,3908.0,,38022869.0,b,2010,Poland,102.78025048556962,99.5828247649754,106.05420768989525,True,30-day road deaths; current EU-27 cohort retrospectively; population on 1 January; flags retained
PL,4189.0,,38062718.0,,2011,Poland,110.05519889567529,106.74739662189998,113.4394385398157,True,30-day road deaths; current EU-27 cohort retrospectively; population on 1 January; flags retained
PL,3571.0,,38063792.0,,2012,Poland,93.8161915134467,90.76412533985717,96.94472579656339,True,30-day road deaths; current EU-27 cohort retrospectively; population on 1 January; flags retained
PL,3357.0,,38062535.0,,2013,Poland,88.19696323431953,85.23842472923738,91.23198582909852,True,30-day road deaths; current EU-27 cohort retrospectively; population on 1 January; flags retained
PL,3202.0,,38017856.0,,2014,Poland,84.22358167698883,81.33134131192848,87.1924066042024,True,30-day road deaths; current EU-27 cohort retrospectively; population on 1 January; flags retained
PL,2938.0,,38005614.0,,2015,Poland,77.30436877036114,74.53408712743666,80.15127957305184,True,30-day road deaths; current EU-27 cohort retrospectively; population on 1 January; flags retained
PL,3026.0,,37967209.0,,2016,Poland,79.70035406078966,76.88567312800444,82.59173472748793,True,30-day road deaths; current EU-27 cohort retrospectively; population on 1 January; flags retained
PL,2831.0,,37972964.0,,2017,Poland,74.55304252783638,71.83179795511538,77.35099101439276,True,30-day road deaths; current EU-27 cohort retrospectively; population on 1 January; flags retained
PL,2862.0,,37976687.0,,2018,Poland,75.3620240754545,72.62605212457962,78.17468980101066,True,30-day road deaths; current EU-27 cohort retrospectively; population on 1 January; flags retained
PL,2909.0,,37972812.0,,2019,Poland,76.60744218784745,73.84860972327542,79.44297236144585,True,30-day road deaths; current EU-27 cohort retrospectively; population on 1 January; flags retained
PL,2491.0,,37958138.0,,2020,Poland,65.62492606987203,63.072875896617305,68.2537419934079,True,30-day road deaths; current EU-27 cohort retrospectively; population on 1 January; flags retained
PL,2245.0,,37073357.0,bep,2021,Poland,60.55561680049638,58.07633911775091,63.113520396449154,True,30-day road deaths; current EU-27 cohort retrospectively; population on 1 January; flags retained
PL,1896.0,,36889761.0,ep,2022,Poland,51.39637527063404,49.10869965012729,53.763117224930376,True,30-day road deaths; current EU-27 cohort retrospectively; population on 1 January; flags retained
PL,1893.0,,36753736.0,ep,2023,Poland,51.50496809358374,49.210663672637665,53.87863195338523,True,30-day road deaths; current EU-27 cohort retrospectively; population on 1 January; flags retained
PL,1896.0,,36620970.0,,2024,Poland,51.77361495339965,49.469148226111415,54.15772834642733,True,30-day road deaths; current EU-27 cohort retrospectively; population on 1 January; flags retained
PT,937.0,,10573479.0,,2010,Portugal,88.61794684606646,83.03391022015317,94.47872962320139,True,30-day road deaths; current EU-27 cohort retrospectively; population on 1 January; flags retained
PT,891.0,,10572721.0,,2011,Portugal,84.27348078134285,78.83009963740717,89.99370434807805,True,30-day road deaths; current EU-27 cohort retrospectively; population on 1 January; flags retained
PT,718.0,,10558950.0,,2012,Portugal,67.99918552507589,63.115671134041975,73.16025408238413,True,30-day road deaths; current EU-27 cohort retrospectively; population on 1 January; flags retained
PT,637.0,,10503889.0,,2013,Portugal,60.64420520818528,56.02559230170845,65.54203950826034,True,30-day road deaths; current EU-27 cohort retrospectively; population on 1 January; flags retained
PT,638.0,,10444092.0,,2014,Portugal,61.08716774995854,56.43839449652553,66.0167581813109,True,30-day road deaths; current EU-27 cohort retrospectively; population on 1 January; flags retained
PT,593.0,,10395121.0,,2015,Portugal,57.04599301922508,52.546368177086386,61.827895314728515,True,30-day road deaths; current EU-27 cohort retrospectively; population on 1 January; flags retained
PT,563.0,,10368554.0,,2016,Portugal,54.29879614843111,49.905608244388496,58.97508557643592,True,30-day road deaths; current EU-27 cohort retrospectively; population on 1 January; flags retained
PT,602.0,,10344478.0,,2017,Portugal,58.19529994650286,53.63876076392688,63.03546968139197,True,30-day road deaths; current EU-27 cohort retrospectively; population on 1 January; flags retained
PT,700.0,,10335770.0,,2018,Portugal,67.72596526431992,62.801105333666605,72.93441728360465,True,30-day road deaths; current EU-27 cohort retrospectively; population on 1 January; flags retained
PT,688.0,,10333496.0,,2019,Portugal,66.5795970695687,61.69685792955388,71.7460214802325,True,30-day road deaths; current EU-27 cohort retrospectively; population on 1 January; flags retained
PT,536.0,,10375395.0,,2020,Portugal,51.66068376191942,47.37920858015325,56.22517157179152,True,30-day road deaths; current EU-27 cohort retrospectively; population on 1 January; flags retained
PT,561.0,,10394297.0,,2021,Portugal,53.971904016211965,49.5975516737448,58.62866372767696,True,30-day road deaths; current EU-27 cohort retrospectively; population on 1 January; flags retained
PT,618.0,,10421117.0,,2022,Portugal,59.30266400425214,54.71870488960545,64.16811845681299,True,30-day road deaths; current EU-27 cohort retrospectively; population on 1 January; flags retained
PT,642.0,,10516621.0,,2023,Portugal,61.04622387742223,56.41477571080702,65.95654116069332,True,30-day road deaths; current EU-27 cohort retrospectively; population on 1 January; flags retained
PT,618.0,,10639726.0,,2024,Portugal,58.08420254431364,53.594427689495994,62.84968899653126,True,30-day road deaths; current EU-27 cohort retrospectively; population on 1 January; flags retained
RO,2377.0,,20294683.0,,2010,Romania,117.12427338727095,112.46263923095671,121.92950907496729,True,30-day road deaths; current EU-27 cohort retrospectively; population on 1 January; flags retained
RO,2018.0,,20199059.0,,2011,Romania,99.9056441193622,95.59381657886522,104.36183738275768,True,30-day road deaths; current EU-27 cohort retrospectively; population on 1 January; flags retained
RO,2042.0,,20095996.0,,2012,Romania,101.61228137187129,97.25236329035425,106.11729920365374,True,30-day road deaths; current EU-27 cohort retrospectively; population on 1 January; flags retained
RO,1861.0,,20020074.0,,2013,Romania,92.95669936085152,88.78087112566176,97.2782287259147,True,30-day road deaths; current EU-27 cohort retrospectively; population on 1 January; flags retained
RO,1818.0,,19947311.0,,2014,Romania,91.1401040471069,86.99830176354983,95.42815224231089,True,30-day road deaths; current EU-27 cohort retrospectively; population on 1 January; flags retained
RO,1893.0,,19870647.0,,2015,Romania,95.26614810277692,91.02248864915748,99.65659471761967,True,30-day road deaths; current EU-27 cohort retrospectively; population on 1 January; flags retained
RO,1913.0,,19760585.0,,2016,Romania,96.80887483847265,92.51884127491547,101.24650720017821,True,30-day road deaths; current EU-27 cohort retrospectively; population on 1 January; flags retained
RO,1951.0,,19643949.0,,2017,Romania,99.31811572102941,94.95947863295123,103.8252168864885,True,30-day road deaths; current EU-27 cohort retrospectively; population on 1 January; flags retained
RO,1867.0,,19533481.0,,2018,Romania,95.57948222336817,91.29265864174157,100.01563459666494,True,30-day road deaths; current EU-27 cohort retrospectively; population on 1 January; flags retained
RO,1864.0,,19414458.0,,2019,Romania,96.01092134531903,91.70132300198496,100.47076489439344,True,30-day road deaths; current EU-27 cohort retrospectively; population on 1 January; flags retained
RO,1644.0,,19328838.0,e,2020,Romania,85.05425934037007,80.99204533009818,89.26745967115471,True,30-day road deaths; current EU-27 cohort retrospectively; population on 1 January; flags retained
RO,1779.0,,19201662.0,,2021,Romania,92.64823013757872,88.39252827145879,97.05586997325227,True,30-day road deaths; current EU-27 cohort retrospectively; population on 1 January; flags retained
RO,1633.0,,19043098.0,e,2022,Romania,85.75285386862998,81.64367204727107,90.01529178383943,True,30-day road deaths; current EU-27 cohort retrospectively; population on 1 January; flags retained
RO,1545.0,,19055228.0,e,2023,Romania,81.08011092808756,77.08709558954645,85.2263202839343,True,30-day road deaths; current EU-27 cohort retrospectively; population on 1 January; flags retained
RO,1478.0,,19067576.0,e,2024,Romania,77.51378570616423,73.61193805065504,81.5687572610133,True,30-day road deaths; current EU-27 cohort retrospectively; population on 1 January; flags retained
SE,266.0,,9340682.0,,2010,Sweden,28.477577975569663,25.157840410275234,32.113549840310014,True,30-day road deaths; current EU-27 cohort retrospectively; population on 1 January; flags retained
SE,319.0,,9415570.0,,2011,Sweden,33.88005187152769,30.263753026779355,37.80952556017428,True,30-day road deaths; current EU-27 cohort retrospectively; population on 1 January; flags retained
SE,285.0,,9482855.0,,2012,Sweden,30.054239994178968,26.665924172141377,33.75383805175414,True,30-day road deaths; current EU-27 cohort retrospectively; population on 1 January; flags retained
SE,260.0,,9555893.0,,2013,Sweden,27.20834149147547,24.0013233100351,30.724542739483663,True,30-day road deaths; current EU-27 cohort retrospectively; population on 1 January; flags retained
SE,270.0,,9644864.0,,2014,Sweden,27.99417389400203,24.754300660726376,31.54026250482685,True,30-day road deaths; current EU-27 cohort retrospectively; population on 1 January; flags retained
SE,259.0,,9747355.0,,2015,Sweden,26.57131088382438,23.433529544136405,30.012213970520637,True,30-day road deaths; current EU-27 cohort retrospectively; population on 1 January; flags retained
SE,270.0,,9851017.0,,2016,Sweden,27.40833763661153,24.23626548282437,30.88021697489247,True,30-day road deaths; current EU-27 cohort retrospectively; population on 1 January; flags retained
SE,253.0,,9995153.0,,2017,Sweden,25.312268856714848,22.28905854022532,28.631156415565396,True,30-day road deaths; current EU-27 cohort retrospectively; population on 1 January; flags retained
SE,324.0,,10120242.0,,2018,Sweden,32.01504469952398,28.623538678751846,35.69787793140631,True,30-day road deaths; current EU-27 cohort retrospectively; population on 1 January; flags retained
SE,221.0,,10230185.0,,2019,Sweden,21.602737389402048,18.84828493950345,24.646486887095215,True,30-day road deaths; current EU-27 cohort retrospectively; population on 1 January; flags retained
SE,204.0,,10327589.0,,2020,Sweden,19.75291619370213,17.135166919275832,22.65748910123025,True,30-day road deaths; current EU-27 cohort retrospectively; population on 1 January; flags retained
SE,210.0,,10379295.0,,2021,Sweden,20.232588051500606,17.588488114927102,23.161989705387523,True,30-day road deaths; current EU-27 cohort retrospectively; population on 1 January; flags retained
SE,227.0,,10452326.0,,2022,Sweden,21.71765404178936,18.984140079084654,24.734234516237805,True,30-day road deaths; current EU-27 cohort retrospectively; population on 1 January; flags retained
SE,229.0,,10521556.0,,2023,Sweden,21.764841626086483,19.03697244483044,24.77388829147416,True,30-day road deaths; current EU-27 cohort retrospectively; population on 1 January; flags retained
SE,213.0,,10551707.0,,2024,Sweden,20.186307296061198,17.5662451191013,23.086965113881178,True,30-day road deaths; current EU-27 cohort retrospectively; population on 1 January; flags retained
SI,138.0,,2046976.0,,2010,Slovenia,67.4165207603802,56.6381392249196,79.64906857907232,True,30-day road deaths; current EU-27 cohort retrospectively; population on 1 January; flags retained
SI,141.0,,2050189.0,,2011,Slovenia,68.77414716399318,57.89117348318662,81.10858474182018,True,30-day road deaths; current EU-27 cohort retrospectively; population on 1 January; flags retained
SI,130.0,,2055496.0,,2012,Slovenia,63.24507564111047,52.8410946548298,75.09839157375006,True,30-day road deaths; current EU-27 cohort retrospectively; population on 1 January; flags retained
SI,125.0,,2058821.0,,2013,Slovenia,60.71436030621409,50.53809878202147,72.33841938999679,True,30-day road deaths; current EU-27 cohort retrospectively; population on 1 January; flags retained
SI,108.0,,2061085.0,,2014,Slovenia,52.39958565512825,42.98439574728054,63.26411103389664,True,30-day road deaths; current EU-27 cohort retrospectively; population on 1 January; flags retained
SI,120.0,,2062874.0,,2015,Slovenia,58.17126979156264,48.22976373057138,69.55857961724868,True,30-day road deaths; current EU-27 cohort retrospectively; population on 1 January; flags retained
SI,130.0,,2064188.0,,2016,Slovenia,62.97875968661769,52.61858837403572,74.7821630036978,True,30-day road deaths; current EU-27 cohort retrospectively; population on 1 January; flags retained
SI,104.0,,2065895.0,,2017,Slovenia,50.34137746594091,41.13255335345236,60.99700468562311,True,30-day road deaths; current EU-27 cohort retrospectively; population on 1 January; flags retained
SI,91.0,,2066880.0,,2018,Slovenia,44.027713268307785,35.44836831206024,54.056275602138335,True,30-day road deaths; current EU-27 cohort retrospectively; population on 1 January; flags retained
SI,102.0,,2080908.0,,2019,Slovenia,49.01706370488267,39.96755752478605,59.50337093688367,True,30-day road deaths; current EU-27 cohort retrospectively; population on 1 January; flags retained
SI,80.0,,2095861.0,,2020,Slovenia,38.17047027450771,30.266809006413283,47.50645437242187,True,30-day road deaths; current EU-27 cohort retrospectively; population on 1 January; flags retained
SI,114.0,,2108977.0,,2021,Slovenia,54.054643554671294,44.5884152183525,64.93613898398864,True,30-day road deaths; current EU-27 cohort retrospectively; population on 1 January; flags retained
SI,85.0,,2107180.0,,2022,Slovenia,40.33827200334096,32.22077895803609,49.8788980148345,True,30-day road deaths; current EU-27 cohort retrospectively; population on 1 January; flags retained
SI,84.0,,2116972.0,,2023,Slovenia,39.67931555070166,31.649776066847366,49.125692626018534,True,30-day road deaths; current EU-27 cohort retrospectively; population on 1 January; flags retained
SI,68.0,,2123949.0,,2024,Slovenia,32.015834655163566,24.861548348205382,40.58769921313061,True,30-day road deaths; current EU-27 cohort retrospectively; population on 1 January; flags retained
SK,371.0,,5390410.0,,2010,Slovakia,68.82593346331726,61.99979588664685,76.19837360080332,True,30-day road deaths; current EU-27 cohort retrospectively; population on 1 January; flags retained
SK,325.0,,5392446.0,,2011,Slovakia,60.26949551279698,53.894415037622494,67.19130737331706,True,30-day road deaths; current EU-27 cohort retrospectively; population on 1 January; flags retained
SK,352.0,,5404322.0,,2012,Slovakia,65.13305461813711,58.505754432811976,72.30549779212829,True,30-day road deaths; current EU-27 cohort retrospectively; population on 1 January; flags retained
SK,251.0,,5410836.0,,2013,Slovakia,46.38839543464263,40.82660377019002,52.49642052643561,True,30-day road deaths; current EU-27 cohort retrospectively; population on 1 January; flags retained
SK,295.0,,5415949.0,,2014,Slovakia,54.46875515260576,48.42982090221981,61.052537551971774,True,30-day road deaths; current EU-27 cohort retrospectively; population on 1 January; flags retained
SK,310.0,,5421349.0,,2015,Slovakia,57.18133992111557,50.9924682099167,63.914263829615145,True,30-day road deaths; current EU-27 cohort retrospectively; population on 1 January; flags retained
SK,275.0,,5426252.0,,2016,Slovakia,50.67954824066409,44.86613253717096,57.03714639993016,True,30-day road deaths; current EU-27 cohort retrospectively; population on 1 January; flags retained
SK,276.0,,5435343.0,,2017,Slovakia,50.77876410007611,44.9642059457546,57.13657517649556,True,30-day road deaths; current EU-27 cohort retrospectively; population on 1 January; flags retained
SK,260.0,,5443120.0,,2018,Slovakia,47.76672202707271,42.136509466831754,53.93973362564719,True,30-day road deaths; current EU-27 cohort retrospectively; population on 1 January; flags retained
SK,270.0,,5450421.0,,2019,Slovakia,49.537457748676665,43.80429755569635,55.81248538110254,True,30-day road deaths; current EU-27 cohort retrospectively; population on 1 January; flags retained
SK,247.0,,5457873.0,,2020,Slovakia,45.25572507824935,39.78739661014808,51.26566904136138,True,30-day road deaths; current EU-27 cohort retrospectively; population on 1 January; flags retained
SK,247.0,,5459781.0,,2021,Slovakia,45.23990980590614,39.773492324842096,51.24775350655679,True,30-day road deaths; current EU-27 cohort retrospectively; population on 1 January; flags retained
SK,266.0,,5434712.0,,2022,Slovakia,48.94463588870946,43.23897698334898,55.1938091566741,True,30-day road deaths; current EU-27 cohort retrospectively; population on 1 January; flags retained
SK,266.0,,5428792.0,,2023,Slovakia,48.998009133523624,43.286128309784296,55.2539970125005,True,30-day road deaths; current EU-27 cohort retrospectively; population on 1 January; flags retained
SK,262.0,,5424687.0,,2024,Slovakia,48.29771745355999,42.62600215973916,54.514034180773194,True,30-day road deaths; current EU-27 cohort retrospectively; population on 1 January; flags retained
