year,total_crashes,injury_crashes,property_only_crashes,serious_property_crashes,fatalities,property_only_share_pct
2010,2411271,288297,2122974,92107,3648,88.0437744243596
2011,2361457,306266,2055191,81487,4009,87.03063405346784
2012,2401843,299637,2102206,82147,3600,87.52470498696209
2013,2414011,291105,2122906,80824,3339,87.94102429524969
2014,2406685,302435,2104250,70479,3377,87.43354448130935
2015,2516831,305659,2211172,68776,3459,87.85540228962533
2016,2585327,308145,2277182,71638,3206,88.0810048400067
2017,2643098,302656,2340442,74461,3180,88.54919492201954
2018,2636468,308721,2327747,69161,3275,88.29035664381286
2019,2685661,300143,2385518,69189,3046,88.82424103414392
2020,2245245,264499,1980746,58014,2719,88.21959296201528
2021,2314938,258987,2055951,62398,2562,88.81235696161193
2022,2406465,289672,2116793,62726,2788,87.96275865221394
2023,2519525,291890,2227635,65100,2839,88.41487978884909
2024,2512697,290701,2221996,64039,2770,88.4307180690708
