mean_prediction,observed_frequency,n,model
0.09452269327684694,0.09822934232715008,101996,dummy
0.057995736942502395,0.06058568197102158,65428,logistic
0.14057116103987624,0.13492628730147424,28082,logistic
0.23795322531724475,0.22759146341463415,6560,logistic
0.3376540886539987,0.382224984462399,1609,logistic
0.4373838746755327,0.5125448028673835,279,logistic
0.5302374111189602,0.3888888888888889,36,logistic
0.6041042097450424,0.5,2,logistic
0.05961664095768803,0.05848534426079112,65401,hist_gradient_boosting
0.1378513430869575,0.14026937602352862,29921,hist_gradient_boosting
0.23660227148087923,0.24454895254382214,4678,hist_gradient_boosting
0.3441972609789747,0.36755952380952384,1344,hist_gradient_boosting
0.4394867182868038,0.504149377593361,482,hist_gradient_boosting
0.5331695609222774,0.6287878787878788,132,hist_gradient_boosting
0.6420779125183741,0.90625,32,hist_gradient_boosting
0.7335790385619428,0.6666666666666666,6,hist_gradient_boosting
