model,precision,recall
dummy,0.09822934232715008,1.0
dummy,1.0,0.0
logistic,0.09822934232715008,1.0
logistic,0.09861194573880148,0.9991017067571614
logistic,0.09908169633570091,0.9983032238746382
logistic,0.0995863856082125,0.9973051202714842
logistic,0.10012032487716835,0.9966064477492764
logistic,0.10056677222211016,0.9953089130651762
logistic,0.10098756920081926,0.9941111887413914
logistic,0.10141913383900171,0.9929134644176065
logistic,0.10185507840524752,0.9919153608144525
logistic,0.10220188968913893,0.9900189639684599
logistic,0.1025927882573521,0.988521808563729
logistic,0.10299003322259136,0.9870246531589979
logistic,0.10331430964971988,0.9847290148717437
logistic,0.10364691386627631,0.9823335662241741
logistic,0.10400211752249867,0.9804371693781815
logistic,0.10426136666063425,0.9775426689290349
logistic,0.10462042319094966,0.9756462720830422
logistic,0.10500543484109816,0.973849685597365
logistic,0.10535144202153564,0.9716538576704262
logistic,0.10568928742436774,0.969358219383172
logistic,0.10617086702925116,0.968360115780018
logistic,0.1065274323818746,0.9662640982133945
logistic,0.10690021466350942,0.9642678910070865
logistic,0.10723028306925406,0.961872442359517
logistic,0.10757404527195623,0.9595768040722626
logistic,0.10795787009947337,0.9575805968659546
logistic,0.10834729075188991,0.9555843896596466
logistic,0.10872237270389001,0.9534883720930233
logistic,0.10918020400453343,0.9518914063279769
logistic,0.10951157996568046,0.9490967162391456
logistic,0.10993441939146757,0.9470006986725222
logistic,0.11041270655735794,0.9450044914662142
logistic,0.1108345757856799,0.9423096117376983
logistic,0.11124107944609858,0.9397145423694979
logistic,0.11176155630912012,0.9375187144425592
logistic,0.11224758665293315,0.9354226968759357
logistic,0.1127083283085309,0.9328276275077353
logistic,0.11317364542485644,0.9304321788601657
logistic,0.1136410858113641,0.928036730212596
logistic,0.11415704899475847,0.926040523006288
logistic,0.11470333209463644,0.9242439365206109
logistic,0.11515053253847497,0.921549056792095
logistic,0.11558356769787063,0.9188541770635792
logistic,0.11597921854656233,0.9157600558938018
logistic,0.11642763517898728,0.9131649865256014
logistic,0.1169401847367949,0.9110689689589779
logistic,0.11725401166090502,0.9072761752669927
logistic,0.1177639525671165,0.9049805369797385
logistic,0.11817325800376648,0.9018864158099611
logistic,0.11868291076720448,0.899391156802076
logistic,0.11916699827563337,0.8966962770735603
logistic,0.11963345889770512,0.893901586984729
logistic,0.12014742675741842,0.8915061383371594
logistic,0.12055603728593106,0.8881125860864357
logistic,0.12102936360659317,0.8853178959976046
logistic,0.12148030067748629,0.8823235851881426
logistic,0.12206566271730705,0.8802275676215191
logistic,0.12252181914507988,0.8771334464517417
logistic,0.12304256843110543,0.8744385667232258
logistic,0.12357102433503113,0.87174368699471
logistic,0.12404846756949395,0.8685497554646172
logistic,0.12449008905486929,0.8650563928535782
logistic,0.12496743001071191,0.8616628406028546
logistic,0.12546862919578125,0.8584689090727617
logistic,0.12594117647058822,0.854775925741092
logistic,0.12642298114549982,0.8512825631300529
logistic,0.12692008845855,0.8477892005190139
logistic,0.12745319536698146,0.844595268988921
logistic,0.12813894877478518,0.8423994410619823
logistic,0.1288056206088993,0.8399041820540972
logistic,0.12937035950789558,0.8365106298033735
logistic,0.129870938614108,0.8326180257510729
logistic,0.13032010926731244,0.8285258009781415
logistic,0.13075827133132817,0.8244335762052101
logistic,0.13108105950537258,0.8194430581894401
logistic,0.13163492216958328,0.8153508334165086
logistic,0.13219661259386886,0.8117576604451542
logistic,0.13276150490372945,0.807964866753169
logistic,0.1333631277518456,0.8041720730611838
logistic,0.13397928499832942,0.8004790897295139
logistic,0.13473013518524762,0.7977842100009981
logistic,0.1354262378764676,0.7943906577502745
logistic,0.13603035870666416,0.7906976744186046
logistic,0.1368182054526232,0.7879029843297735
logistic,0.13752383618201222,0.7846092424393653
logistic,0.1380059334604789,0.7800179658648567
logistic,0.13858138581385815,0.7759257410919254
logistic,0.13937877915346963,0.7730312406427787
logistic,0.13988554818784632,0.7685397744285857
logistic,0.14042100630776,0.7643477392953388
logistic,0.1411671048246751,0.7610539974049306
logistic,0.14182103669364637,0.7572612037129454
logistic,0.14225578102878716,0.75217087533686
logistic,0.14269919939001144,0.7471803573210899
logistic,0.1433824237173934,0.7433875636291047
logistic,0.14374611076540136,0.7377981834514422
logistic,0.14438660249484334,0.7336061483181955
logistic,0.14520129367646184,0.7304122167881026
logistic,0.146020802853879,0.7272182852580098
logistic,0.14677710050424253,0.7234254915660245
logistic,0.1472454158480681,0.7181355424693083
logistic,0.1478539662840004,0.7134444555344844
logistic,0.14872716632529365,0.7102505240043917
logistic,0.14954376478540046,0.7066573510330373
logistic,0.14997438524590165,0.7012675915760056
logistic,0.15069498402831735,0.6968759357221279
logistic,0.15172278351190346,0.6939814352729813
logistic,0.152376750854748,0.6894899690587883
logistic,0.1531358729592292,0.6852979339255415
logistic,0.15374898493187766,0.6803074159097714
logistic,0.15444094703708772,0.6758159496955785
logistic,0.15498546578692382,0.6705260005988621
logistic,0.1559677983899195,0.6671324483481386
logistic,0.15666831928606842,0.6623415510529993
logistic,0.15739811762457598,0.6576504641181755
logistic,0.15810591960552078,0.6528595668230363
logistic,0.15888627911528674,0.6481684798882124
logistic,0.15978602739047526,0.6439764447549655
logistic,0.16069010481970009,0.6395847889010879
logistic,0.16166874031942716,0.6354925641281565
logistic,0.1622907398359349,0.629903183950494
logistic,0.1628464263388206,0.6240143726918854
logistic,0.1635044201081937,0.618424992514223
logistic,0.16454105505200395,0.6142329573809762
logistic,0.16507669792400673,0.6079449046811058
logistic,0.16583328754327162,0.6024553348637589
logistic,0.1664251880746726,0.5961672821638886
logistic,0.16709526097154323,0.5901786605449646
logistic,0.1680566302696816,0.58528795288951
logistic,0.16920124451164548,0.5807964866753169
logistic,0.17007344482789133,0.5755065375786007
logistic,0.17081637538903519,0.5697175366803074
logistic,0.1719381399447027,0.5648268290248528
logistic,0.17306802406293384,0.5599361213693982
logistic,0.17366920449916973,0.5532488272282663
logistic,0.17476531424025457,0.5481584988521808
logistic,0.17561495943368782,0.5422696875935722
logistic,0.17653822147761242,0.5363808763349636
logistic,0.17755292860482202,0.5306916857969858
logistic,0.17863813890303956,0.5250024952590079
logistic,0.17916839342450613,0.517816149316299
logistic,0.18069411268793031,0.5134244934624214
logistic,0.18186367373199414,0.5078351132847589
logistic,0.1826349483486105,0.5011478191436272
logistic,0.1834777456861438,0.49456033536281063
logistic,0.1842214428479843,0.4875736101407326
logistic,0.1857318573185732,0.4822836610440164
logistic,0.18680457608525308,0.47589579798383075
logistic,0.18816430911851675,0.47000698672522206
logistic,0.189023893011498,0.4627208304221978
logistic,0.19053564739667875,0.4569318295239046
logistic,0.192019737961545,0.4505439664637189
logistic,0.1938682322243966,0.4449545862860565
logistic,0.19487453283502404,0.43716937818145524
logistic,0.19622761857032212,0.429883221878431
logistic,0.1978729359082004,0.4233955484579299
logistic,0.2001528978928759,0.4181055993612137
logistic,0.20178230426479948,0.41131849485976646
logistic,0.20272170332429446,0.4029344245932728
logistic,0.20484536082474228,0.3966463718934025
logistic,0.20754816853694685,0.3913564227966863
logistic,0.2087547580206634,0.3831719732508234
logistic,0.2105410395568735,0.375586385866853
logistic,0.21230432780847144,0.3682004192035133
logistic,0.21404860699466507,0.36041521109891206
logistic,0.21575927734375,0.3528296237149416
logistic,0.2175719050915728,0.3450444156103403
logistic,0.22090832304593594,0.3393552250723625
logistic,0.22340068470161778,0.33216887912965365
logistic,0.22635745035411747,0.3253817746282064
logistic,0.22897800776196636,0.31799580796486676
logistic,0.23096390026051358,0.3097115480586885
logistic,0.2346127114062862,0.30322387463818745
logistic,0.2377627989086824,0.2957380976145324
logistic,0.24102521289029888,0.28815251023056193
logistic,0.24315157839812157,0.27906976744186046
logistic,0.24682164911006174,0.2712845593372592
logistic,0.2504271881526486,0.26329973051202715
logistic,0.25370462456489307,0.25461622916458726
logistic,0.2568922305764411,0.24553348637588582
logistic,0.26014739852601476,0.23605150214592274
logistic,0.2664343786295006,0.2289649665635293
logistic,0.2693631669535284,0.218684499451043
logistic,0.27126617012936105,0.20720630801477194
logistic,0.2774058577405858,0.19852280666733207
logistic,0.2849671249252839,0.1903383571214692
logistic,0.2905459816395555,0.18005789000898292
logistic,0.29762735519888345,0.17027647469807367
logistic,0.3032958658792151,0.158898093622118
logistic,0.3089499056801509,0.1471204711049007
logistic,0.3163289075238761,0.1355424693083142
logistic,0.33053735255570116,0.12586086435772034
logistic,0.344115004492363,0.11468210400239545
logistic,0.36176162181055577,0.10330372292643976
logistic,0.37919463087248323,0.09022856572512226
logistic,0.3996856993190152,0.07615530492065076
logistic,0.4036312849162011,0.05769038826230163
logistic,0.43664921465968587,0.04162092025152211
logistic,0.469601677148847,0.022357520710649767
logistic,1.0,0.0
hist_gradient_boosting,0.09822934232715008,1.0
hist_gradient_boosting,0.09860736305080071,0.9993013274777922
hist_gradient_boosting,0.09914399508589772,0.9988022756762152
hist_gradient_boosting,0.09964618527931429,0.9979039824333766
hist_gradient_boosting,0.1003659174072138,0.996506637388961
hist_gradient_boosting,0.10109863355549469,0.9947100509032838
hist_gradient_boosting,0.10166237797655515,0.9937119473001298
hist_gradient_boosting,0.10208735669967539,0.9919153608144525
hist_gradient_boosting,0.10253337190560813,0.990518015770037
hist_gradient_boosting,0.10299421112254337,0.9891206707256213
hist_gradient_boosting,0.10348363872290997,0.9870246531589979
hist_gradient_boosting,0.10405561993047509,0.9859267391955285
hist_gradient_boosting,0.10454410454410454,0.9837309112685897
hist_gradient_boosting,0.1050626020685901,0.9824333765844895
hist_gradient_boosting,0.1055458285444214,0.9807366004591277
hist_gradient_boosting,0.10601771823681937,0.9794390657750275
hist_gradient_boosting,0.10651228527940856,0.9778421000099811
hist_gradient_boosting,0.10703347188798949,0.9766443756861962
hist_gradient_boosting,0.10757116898849182,0.9749475995608344
hist_gradient_boosting,0.10799397016116517,0.9724523405529494
hist_gradient_boosting,0.10841747085401908,0.9699570815450643
hist_gradient_boosting,0.10880445272347779,0.9677612536181256
hist_gradient_boosting,0.10930479351531983,0.9663639085737099
hist_gradient_boosting,0.10968599472871035,0.9636690288451941
hist_gradient_boosting,0.11010652889539137,0.9614732009182553
hist_gradient_boosting,0.11057537399309551,0.9590777522706857
hist_gradient_boosting,0.11098493626882966,0.9559836311009082
hist_gradient_boosting,0.11145835762763254,0.9539874238946002
hist_gradient_boosting,0.11190370040124833,0.9519912166882922
hist_gradient_boosting,0.11225911581333838,0.9488970955185149
hist_gradient_boosting,0.11267739558323626,0.946202215789999
hist_gradient_boosting,0.11323305931483409,0.9445054396646372
hist_gradient_boosting,0.11366128118938326,0.9416109392154905
hist_gradient_boosting,0.11405806592447064,0.9387164387663439
hist_gradient_boosting,0.11452394613797566,0.9363209901187743
hist_gradient_boosting,0.11505503435029918,0.9327278171474199
hist_gradient_boosting,0.11559566966280975,0.9293342648966962
hist_gradient_boosting,0.1162200035032405,0.9271384369697575
hist_gradient_boosting,0.11690293613157098,0.9251422297634494
hist_gradient_boosting,0.11743464550910386,0.9218484878730412
hist_gradient_boosting,0.11798653414555947,0.9182553149016868
hist_gradient_boosting,0.11869954460774167,0.9157600558938018
hist_gradient_boosting,0.11922283984446358,0.9119672622018166
hist_gradient_boosting,0.1198120904281917,0.9087733306717237
hist_gradient_boosting,0.1203137234084907,0.9048807266194231
hist_gradient_boosting,0.1209008719841652,0.9022856572512227
hist_gradient_boosting,0.1214261643189324,0.8990917257211298
hist_gradient_boosting,0.12189395687163272,0.8964966563529294
hist_gradient_boosting,0.1223586014597742,0.8935023455434674
hist_gradient_boosting,0.12289810364535277,0.8907076554546361
hist_gradient_boosting,0.1233484451468896,0.8880127757261204
hist_gradient_boosting,0.12387686374243674,0.8848188441960275
hist_gradient_boosting,0.12435233160621761,0.8815251023056193
hist_gradient_boosting,0.1248687459204813,0.8783311707755265
hist_gradient_boosting,0.1254628901502695,0.8758359117676415
hist_gradient_boosting,0.12600319870898952,0.8728416009581794
hist_gradient_boosting,0.12665455866327643,0.8700469108693483
hist_gradient_boosting,0.12728551336146274,0.8671524104202016
hist_gradient_boosting,0.1279260386052488,0.8645573410520012
hist_gradient_boosting,0.12851100586781045,0.861263599161593
hist_gradient_boosting,0.1291112245817439,0.8580696676315002
hist_gradient_boosting,0.12981191507405276,0.8555744086236151
hist_gradient_boosting,0.13044740098064675,0.8523804770935223
hist_gradient_boosting,0.13099548557077484,0.8485876834015371
hist_gradient_boosting,0.13183615027858187,0.8454935622317596
hist_gradient_boosting,0.13263174428649965,0.8427986825032439
hist_gradient_boosting,0.13320760099529297,0.8389060784509432
hist_gradient_boosting,0.13389656938044034,0.8352130951192733
hist_gradient_boosting,0.13460451749358218,0.832118973949496
hist_gradient_boosting,0.13537623536318863,0.8285258009781415
hist_gradient_boosting,0.13604635848808114,0.8248328176464716
hist_gradient_boosting,0.13685067362160905,0.8222377482782712
hist_gradient_boosting,0.13741149625851481,0.8174468509831321
hist_gradient_boosting,0.13805944884555488,0.8140532987324084
hist_gradient_boosting,0.1386449827462503,0.8100608843197924
hist_gradient_boosting,0.13933564324007516,0.8067671424293842
hist_gradient_boosting,0.13987934841188435,0.8030741590977143
hist_gradient_boosting,0.14038286235186873,0.7992813654057291
hist_gradient_boosting,0.1412295444493587,0.7967861063978441
hist_gradient_boosting,0.14175041502293784,0.7925940712645972
hist_gradient_boosting,0.14230103806228372,0.7881026050504042
hist_gradient_boosting,0.14275050975822895,0.7826130352330571
hist_gradient_boosting,0.1434348633297182,0.778820241541072
hist_gradient_boosting,0.14406040704254094,0.7750274478490867
hist_gradient_boosting,0.14489604794905414,0.7721329473999401
hist_gradient_boosting,0.14560865781208612,0.7681405329873241
hist_gradient_boosting,0.14604423730756008,0.7631500149715541
hist_gradient_boosting,0.14669676622675,0.7588581694779918
hist_gradient_boosting,0.1475208304876383,0.7545663239844296
hist_gradient_boosting,0.14817079183512474,0.7498752370496058
hist_gradient_boosting,0.1490179674116569,0.746681305519513
hist_gradient_boosting,0.1498501096513289,0.7433875636291047
hist_gradient_boosting,0.15065542119703282,0.7398942010180657
hist_gradient_boosting,0.15126136666871934,0.735502545164188
hist_gradient_boosting,0.15191028006384874,0.7314103203912566
hist_gradient_boosting,0.15256579360592928,0.7273180956183252
hist_gradient_boosting,0.15325224748810154,0.7231260604850783
hist_gradient_boosting,0.15392012308481312,0.7189340253518315
hist_gradient_boosting,0.15457331549186343,0.7148418005789001
hist_gradient_boosting,0.1551167357626009,0.7095518514821838
hist_gradient_boosting,0.15587651598676958,0.7055594370695678
hist_gradient_boosting,0.1566748384221083,0.7016668330172672
hist_gradient_boosting,0.15742034341340302,0.6972751771633896
hist_gradient_boosting,0.1580098414434117,0.6922846591476195
hist_gradient_boosting,0.15867863720073666,0.6879928136540573
hist_gradient_boosting,0.15933669790915644,0.6838007785208104
hist_gradient_boosting,0.1597866691727557,0.6788102605050405
hist_gradient_boosting,0.16036951720534803,0.6740193632099012
hist_gradient_boosting,0.1608638272345531,0.6691286555544466
hist_gradient_boosting,0.16159557431940602,0.6647369997005689
hist_gradient_boosting,0.16233718448745307,0.660544964567322
hist_gradient_boosting,0.16276706488871265,0.6554546361912367
hist_gradient_boosting,0.16319009176152033,0.6496656352929434
hist_gradient_boosting,0.16400385473726922,0.6454736001596966
hist_gradient_boosting,0.16473514178760063,0.6412815650264497
hist_gradient_boosting,0.1658195020746888,0.6381874438566724
hist_gradient_boosting,0.1665398041943358,0.6332967362012177
hist_gradient_boosting,0.16726924712888133,0.6280067871045014
hist_gradient_boosting,0.16817350123775696,0.6238147519712546
hist_gradient_boosting,0.1689956688730898,0.6192234753967462
hist_gradient_boosting,0.17012596819096448,0.6160295438666533
hist_gradient_boosting,0.1709537774053903,0.610939215490568
hist_gradient_boosting,0.17187101888288084,0.6059486974747978
hist_gradient_boosting,0.17263357354081135,0.6001596965765046
hist_gradient_boosting,0.17361900597580526,0.5944705060385268
hist_gradient_boosting,0.1749541772600958,0.5906777123465415
hist_gradient_boosting,0.17596836523771006,0.586286056492664
hist_gradient_boosting,0.17665988645678374,0.5807964866753169
hist_gradient_boosting,0.1777435265104809,0.5755065375786007
hist_gradient_boosting,0.17879964916677107,0.5697175366803074
hist_gradient_boosting,0.18021572433103186,0.5653258808264298
hist_gradient_boosting,0.18099547511312217,0.5589380177662442
hist_gradient_boosting,0.18192569232285405,0.5527497754266892
hist_gradient_boosting,0.18288534649503102,0.5473600159696577
hist_gradient_boosting,0.18366516297527388,0.540473101107895
hist_gradient_boosting,0.18470174955227991,0.5352829623714942
hist_gradient_boosting,0.18621052631578947,0.5296935821938317
hist_gradient_boosting,0.18729037322486264,0.5239045812955385
hist_gradient_boosting,0.18850315927082575,0.5181155803972453
hist_gradient_boosting,0.18967427431863507,0.5126260105798982
hist_gradient_boosting,0.19094288611017235,0.5075356822038127
hist_gradient_boosting,0.19201804350319202,0.5013474398642579
hist_gradient_boosting,0.19297084809091972,0.49485976644375684
hist_gradient_boosting,0.19547529271680888,0.49156602455334863
hist_gradient_boosting,0.19698012387159455,0.48567721329474
hist_gradient_boosting,0.19897558759139164,0.4807865056392854
hist_gradient_boosting,0.20059918140005908,0.4744984529394151
hist_gradient_boosting,0.20186255065965336,0.4673121069967063
hist_gradient_boosting,0.20362210275843837,0.4612236750174668
hist_gradient_boosting,0.20470736766164668,0.45313903583191933
hist_gradient_boosting,0.20635579539689128,0.4465515520511029
hist_gradient_boosting,0.20795916438226675,0.43916558538776324
hist_gradient_boosting,0.20978987121138762,0.4324782912466314
hist_gradient_boosting,0.21147256021852495,0.42499251422297635
hist_gradient_boosting,0.21347514121418756,0.4187044615231061
hist_gradient_boosting,0.21478192739618698,0.4104202016169278
hist_gradient_boosting,0.21674903308981522,0.402734803872642
hist_gradient_boosting,0.21914552589399214,0.39574807865056394
hist_gradient_boosting,0.22218437783832878,0.39065775027447847
hist_gradient_boosting,0.22425482174167155,0.38297235253019263
hist_gradient_boosting,0.2271219159075828,0.3757860065874838
hist_gradient_boosting,0.2295848397955367,0.3676015570416209
hist_gradient_boosting,0.23231283766400823,0.3605150214592275
hist_gradient_boosting,0.2342671269251195,0.3522307615530492
hist_gradient_boosting,0.23613583458852527,0.34424593272781717
hist_gradient_boosting,0.23879438130867509,0.3376584489470007
hist_gradient_boosting,0.24112081513828237,0.33067172372492265
hist_gradient_boosting,0.24378146840009018,0.32378480886316
hist_gradient_boosting,0.24704968944099379,0.31759656652360513
hist_gradient_boosting,0.2508033419023136,0.31160794490468113
hist_gradient_boosting,0.2543487307532251,0.30502046112386466
hist_gradient_boosting,0.2582930200414651,0.2984329773430482
hist_gradient_boosting,0.2605223009961411,0.28974947599560835
hist_gradient_boosting,0.2649564647504915,0.2824633196925841
hist_gradient_boosting,0.26869318737171344,0.2743786805070366
hist_gradient_boosting,0.2722913691083452,0.26639385168180457
hist_gradient_boosting,0.27610506085842407,0.2581095917756263
hist_gradient_boosting,0.2787729511867443,0.24852779718534784
hist_gradient_boosting,0.28269298554811423,0.2401437269188542
hist_gradient_boosting,0.2857142857142857,0.2307615530492065
hist_gradient_boosting,0.2885818561001043,0.22098013773829722
hist_gradient_boosting,0.2927735719201652,0.21229663639085736
hist_gradient_boosting,0.29630710845132097,0.2026150314402635
hist_gradient_boosting,0.30205096333126163,0.19403134045313902
hist_gradient_boosting,0.30898223476672754,0.18574708054696076
hist_gradient_boosting,0.31737273050907794,0.1779618724423595
hist_gradient_boosting,0.3228966577026508,0.16778121569018864
hist_gradient_boosting,0.32978056426332286,0.15750074857770235
hist_gradient_boosting,0.33941605839416056,0.1485178161493163
hist_gradient_boosting,0.34813142713819917,0.13853678011777623
hist_gradient_boosting,0.36046835795929744,0.12905479588781316
hist_gradient_boosting,0.3749607781612802,0.11927338057690388
hist_gradient_boosting,0.3908829863603733,0.1086934823834714
hist_gradient_boosting,0.40964360587002097,0.09751472202814652
hist_gradient_boosting,0.42835595776772245,0.08503842698872142
hist_gradient_boosting,0.4500941619585687,0.07156402834614232
hist_gradient_boosting,0.49122807017543857,0.05868849186545563
hist_gradient_boosting,0.534504391468005,0.04251921349436071
hist_gradient_boosting,0.6060606060606061,0.023954486475696177
hist_gradient_boosting,1.0,0.0
