year,claim_type,category,settled_claims,settled_cost_eur,basis,market_coverage_pct,source_sheet,mean_cost_eur,mean_cost_2024_eur
2015,Accidental Damage,Daños propios por accidente,33683,86050206.8799949,settlement_year,,Table14_15,2554.7073265443964,3050.3205478940095
2015,Fire and Theft,Incendio y robo,4901,17605586.919999976,settlement_year,,Table14_15,3592.2438114670426,4289.139110891649
2015,Third Party Damage,Daños materiales a terceros,26686,65608578.82001,settlement_year,,Table14_15,2458.539264783407,2935.4958821513883
2015,Windscreen,Lunas,55288,12529830.639996003,settlement_year,,Table14_15,226.62839386478083,270.59430227454834
2015,Daños materiales,Daños materiales,120558,181794203.26000085,settlement_year,,Table14_15,1507.9397738847763,1800.480090018423
2016,Accidental Damage,Daños propios por accidente,27818,79681357.66999589,settlement_year,,Table14_15,2864.3812520668594,3426.9250650980266
2016,Fire and Theft,Incendio y robo,3257,12503467.120000008,settlement_year,,Table14_15,3838.952140006143,4592.894644456248
2016,Third Party Damage,Daños materiales a terceros,23857,61531491.88735112,settlement_year,,Table14_15,2579.1797747978003,3085.7120752590918
2016,Windscreen,Lunas,57138,13052270.909998994,settlement_year,,Table14_15,228.43415782839782,273.2969784039148
2016,Daños materiales,Daños materiales,112070,166768587.587346,settlement_year,,Table14_15,1488.0751993160166,1780.3224328490219
2017,Accidental Damage,Daños propios por accidente,22593,64339299.52999802,settlement_year,,Table14_15,2847.7537082281247,3396.8211065178634
2017,Fire and Theft,Incendio y robo,2666,10684727.359999998,settlement_year,,Table14_15,4007.774703675918,4780.5024936953505
2017,Third Party Damage,Daños materiales a terceros,21958,59446571.452660024,settlement_year,,Table14_15,2707.2853380389847,3229.2694241943536
2017,Windscreen,Lunas,51476,11917570.79999699,settlement_year,,Table14_15,231.51703318045284,276.1551824350257
2017,Daños materiales,Daños materiales,98693,146388169.14265504,settlement_year,,Table14_15,1483.2680042419934,1769.2527443206197
2018,Accidental Damage,Daños propios por accidente,24394,77196752.02999811,settlement_year,,Table14_15,3164.579487988772,3748.5197506533673
2018,Fire and Theft,Incendio y robo,2700,10829757.969999999,settlement_year,,Table14_15,4011.02147037037,4751.150432164903
2018,Third Party Damage,Daños materiales a terceros,22635,63858293.580000065,settlement_year,,Table14_15,2821.2190669317456,3341.8011566631985
2018,Windscreen,Lunas,57463,13510154.239992002,settlement_year,,Table14_15,235.11049266470602,278.4939764302173
2018,Daños materiales,Daños materiales,107192,165394957.81999016,settlement_year,,Table14_15,1542.978560153651,1827.6948420867652
2019,Accidental Damage,Daños propios por accidente,23317,75005055.01999798,settlement_year,,Table14_15,3216.7540858600155,3776.602142101139
2019,Fire and Theft,Incendio y robo,3375,12444584.960000003,settlement_year,,Table14_15,3687.2844325925935,4329.02420109691
2019,Third Party Damage,Daños materiales a terceros,23150,67903374.51000005,settlement_year,,Table14_15,2933.191123542119,3443.687513775113
2019,Windscreen,Lunas,53257,12790953.599995002,settlement_year,,Table14_15,240.1741292223558,281.97434640264777
2019,Daños materiales,Daños materiales,103099,168143968.08999306,settlement_year,,Table14_15,1630.8981473146496,1914.7417776732466
2020,Accidental Damage,Daños propios por accidente,20326,70434029.86000006,settlement_year,,Table14_15,3465.218432549447,4088.4098897866
2020,Fire and Theft,Incendio y robo,2941,9958528.009999998,settlement_year,,Table14_15,3386.102689561373,3995.065821478537
2020,Third Party Damage,Daños materiales a terceros,19547,62365184.95000018,settlement_year,,Table14_15,3190.5246303780723,3764.314633074524
2020,Windscreen,Lunas,49675,12542662.279992001,settlement_year,,Table14_15,252.49445958715654,297.90354224018273
2020,Daños materiales,Daños materiales,92489,155300405.09999225,settlement_year,,Table14_15,1679.1229778675545,1981.0996398951188
2021,Accidental Damage,Daños propios por accidente,19320,71105283.94000001,settlement_year,,Table14_15,3680.397719461698,4241.69389675412
2021,Fire and Theft,Incendio y robo,2300,8332919.859999997,settlement_year,,Table14_15,3623.0086347826073,4175.5524227127735
2021,Third Party Damage,Daños materiales a terceros,17091,60432740.08999006,settlement_year,,Table14_15,3535.9393885665004,4075.204276011971
2021,Windscreen,Lunas,56478,15175466.54999299,settlement_year,,Table14_15,268.69695368095523,309.6758327172399
2021,Daños materiales,Daños materiales,95189,155046410.43998304,settlement_year,,Table14_15,1628.8269699228172,1877.2388051040966
2022,Accidental Damage,Daños propios por accidente,25790,111249908.17000008,settlement_year,,Table14_15,4313.683915083368,4598.69517375852
2022,Fire and Theft,Incendio y robo,3136,13641672.839999007,settlement_year,,Table14_15,4350.0232270404995,4637.435475969962
2022,Third Party Damage,Daños materiales a terceros,21629,85089059.50999992,settlement_year,,Table14_15,3934.026515788983,4193.953267725041
2022,Windscreen,Lunas,59459,17142892.06999501,settlement_year,,Table14_15,288.31450360744395,307.36385473865005
2022,Daños materiales,Daños materiales,110014,227123532.589994,settlement_year,,Table14_15,2064.496633064828,2200.9008748923256
2023,Accidental Damage,Daños propios por accidente,34609,171035492.989998,settlement_year,,Table14_15,4941.936865844087,5009.0599472137865
2023,Fire and Theft,Incendio y robo,4041,20339806.330000002,settlement_year,,Table14_15,5033.359646127196,5101.724463052524
2023,Third Party Damage,Daños materiales a terceros,28017,124290558.32000032,settlement_year,,Table14_15,4436.255070849853,4496.509808654266
2023,Windscreen,Lunas,64581,19706239.329990983,settlement_year,,Table14_15,305.13989145400325,309.28440610872656
2023,Daños materiales,Daños materiales,131248,335372096.9699893,settlement_year,,Table14_15,2555.254914131943,2589.961262710985
2024,Accidental Damage,Daños propios por accidente,41041,219578284.33999896,settlement_year,88.0,Table14_15,5350.217693038643,5350.217693038643
2024,Fire and Theft,Incendio y robo,4549,25783378.26,settlement_year,88.0,Table14_15,5667.922237854474,5667.922237854474
2024,Third Party Damage,Daños materiales a terceros,32927,156882492.6699987,settlement_year,88.0,Table14_15,4764.554701916321,4764.554701916321
2024,Windscreen,Lunas,60916,19427504.129997004,settlement_year,88.0,Table14_15,318.9228467068915,318.92284670689145
2024,Daños materiales,Daños materiales,139433,421671659.3999947,settlement_year,88.0,Table14_15,3024.188387254055,3024.1883872540557
